model,rating,price_inr,cpu_brand,cpu_name,cpu_generation,cpu_variant,clock_speed,cores,ram_gb,ram_type,ram_frequency,has_ssd,ssd_gb,hdd_gb,emmc_gb,gpu,gpu_memory,gpu_memory_type,screen_inches,resolution,screen_type,refresh_hz,os,os_arch,weight_kg,battery_hours
"ASUS ROG Strix SCAR 17 Core i9 12th Gen - (32 GB/1 TB SSD/Windows 11 Home/8 GB Graphics/NVIDIA GeForce RTX 3070 Ti) G733ZW-LL139WS Gaming Laptop  (17.3 inch, Off Black, 2.90 kg, With MS Office)",5.0,234990,Intel,Core i9,12th Gen,12900H,2.5 GHz upto max turbo frequency at 5.0 Ghz,14.0,32,DDR5,,Yes,1 TB,,,NVIDIA GeForce RTX 3070 Ti,8 GB,GDDR6,43.94 cm (17.3 inch),2560 x 1440 Pixel,"WQHD, IPS-level, 300nits, Contras 1000:1, Anti-glare display",,Windows 11 Home,64 bit,2.90 kg,
"ASUS ROG Strix SCAR 15 Core i9 12th Gen - (32 GB/1 TB SSD/Windows 11 Home/8 GB Graphics/NVIDIA GeForce RTX 3070 Ti) G533ZW-LN136WS Gaming Laptop  (15.6 inch, Off Black, 2.30 kg, With MS Office)",,229990,Intel,Core i9,12th Gen,12900H,2.5 GHz upto max turbo frequency at 5.0 Ghz,14.0,32,DDR5,,Yes,1 TB,,,NVIDIA GeForce RTX 3070 Ti,8 GB,GDDR6,39.62 cm (15.6 inch),2560 x 1440 Pixel,"WQHD, IPS-level, 300nits, Contras 1000:1, Anti-glare display",,Windows 11 Home,64 bit,2.30 kg,
"HP Victus Ryzen 7 Octa Core 5800H - (16 GB/512 GB SSD/Windows 11 Home/4 GB Graphics/NVIDIA GeForce RTX 3050) 16-e0351AX Gaming Laptop  (16.1 inch, Mica Silver, 2.48 kg, With MS Office)",,104091,AMD,Ryzen 7 Octa Core,,5800H,3.2 GHz upto max turbo frequency at 4.4 GHz,8.0,16,DDR4,,Yes,512 GB,,,NVIDIA GeForce RTX 3050,4 GB,GDDR6,40.89 cm (16.1 inch),1920 x 1080 PIxel,"Full HD, 144 Hz, 7 ms response time, IPS, micro-edge, anti-glare, Low Blue Light, Brightness: 300 nits, 137 ppi",,Windows 11 Home,64 bit,2.48 kg,
"Lenovo IdeaPad Gaming 3i Ryzen 7 Octa Core R7-5800H 5th Gen - (16 GB/512 GB SSD/Windows 11 Home/4 GB Graphics/NVIDIA GeForce RTX 3050) 15ACH6 Gaming Laptop  (15.6 inch, Shadow Black, 2.25 kg, With MS Office)",,87717,AMD,Ryzen 7 Octa Core,5th Gen,R7-5800H,3.2 GHz,8.0,16,DDR4,3200 MHz,Yes,512 GB,,,NVIDIA GeForce RTX 3050,4 GB,GDDR6,39.62 cm (15.6 inch),1920 x 1080 pixel,"Full HD Anti-glare Display, 250nits Brightness, 120Hz, 45 Percent NTSC, DC Dimmer",,Windows 11 Home,64 bit,2.25 kg,Upto 4 hours
"Lenovo Yoga Slim 7 Core i5 11th Gen - (16 GB/512 GB SSD/Windows 11 Home) 82A300MBIN Thin and Light Laptop  (14 inch, Slate Grey, With MS Office)",,75990,Intel,Core i5,11th Gen,,,,16,DDR4,,Yes,512 GB,,,Intel Integrated Intel,,,35.56 cm (14 inch),1080 pixel,Full HD,,Windows 11 Home,64 bit,,Upto 12 Hours
"Lenovo Yoga Slim 7 Core i7 11th Gen - (16 GB/512 GB SSD/Windows 11 Home) 14ITL05 Thin and Light Laptop  (14 inch, Slate Grey, 1.36 kg, With MS Office)",,78395,Intel,Core i7,11th Gen,i5 1135G7,2.4 GHz,4.0,16,DDR4,3200 MHz,Yes,512 GB,,,Intel Integrated Iris Xe Graphics,,,35.56 cm (14 inch),1920 x 1080 pixel,"14"" FHD (1920x1080) | IPS Technology | 300Nits Brightness |100% sRGB",,Windows 11 Home,64 bit,1.36 kg,Upto 15 hours
"Lenovo Lenovo V15 Celeron Dual Core - (4 GB/256 GB SSD/Windows 10) 82C30053IH Thin and Light Laptop  (15.6 inch, Iron Grey)",3.0,29290,Intel,Celeron Dual Core,,,,,4,DDR4,,Yes,256 GB,,,Intel Integrated Intel HD,,,39.62 cm (15.6 inch),1080 pixel,,,Windows 10,64 bit,,upto 6 hours
"Lenovo Yoga 6 Ryzen 7 Octa Core R7-5700U 5th Gen - (16 GB/1 TB SSD/Windows 11 Home) 13ALC6 2 in 1 Laptop  (13.3 inch, Abyss Blue, 1.31 kg, With MS Office)",,91308,AMD,Ryzen 7 Octa Core,5th Gen,R7-5700U,1.8 GHz,8.0,16,DDR4,3200 MHz,Yes,1 TB,,,AMD Radeon Integrated AMD Radeon Graphics,,,33.78 cm (13.3 inch),1920 x 1080 pixel,"13"" FHD (1920x1080) | IPS Technology | 300 Nits Glossy | Touch",,Windows 11 Home,64 bit,1.31 kg,Upto 18 hours
"ASUS TUF Gaming F15 Core i5 10th Gen - (8 GB/1 TB SSD/Windows 11 Home/4 GB Graphics/NVIDIA GeForce GTX 1650/144 Hz) FX506LH-HN310W Gaming Laptop  (15.6 inch, Black, 2.30 kg)",4.7,64990,Intel,Core i5,10th Gen,i5-10300H,2.5 Ghz With Turbo Upto 4.5,4.0,8,DDR4,2933 MHz,Yes,1 TB,,,NVIDIA GeForce GTX 1650,4 GB,GDDR6,39.62 cm (15.6 inch),1920 x 1080$$Pixels pixel,"15.6-inch, FHD (1920 x 1080) 16:9, anti-glare display, sRGB:62.5%, Adobe:47.1%, Refresh Rate:144Hz, Value IPS-level, Optimus",144 Hz,Windows 11 Home,64 bit,2.30 kg,Upto 5 Hrs.
"DELL Inspiron Pentium Silver - (8 GB/256 GB SSD/Windows 11 Home) Inspiron 3521 Notebook  (15.6 Inch, Carbon Black, 1.61 Kg, With MS Office)",4.0,32999,Intel,Pentium Silver,,N5030,3.1,4.0,8,DDR4,2666 MHz,Yes,256 GB,,,Intel Integrated UHD Graphics,,,39.62 cm (15.6 Inch),1920 x 1080 Pixels,"HD, AG Narrow Border",,Windows 11 Home,64 bit,1.61 Kg,Upto 7 hours
"DELL Inspiron Athlon Dual Core 3050U - (8 GB/256 GB SSD/Windows 11 Home) Inspiron 3525 Notebook  (15.6 Inch, Carbon Black, 1.68 Kg, With MS Office)",4.2,30990,AMD,Athlon Dual Core,,3050U,3.2,2.0,8,DDR4,2666 MHz,Yes,256 GB,,,AMD Radeon Radeon Graphics,,,39.62 cm (15.6 Inch),1920 x 1080 Pixels,HD AG Narrow Border,,Windows 11 Home,64 bit,1.68 Kg,Upto 7 hours
"DELL Core i5 11th Gen - (16 GB/512 GB SSD/Windows 11 Home) XPS 9305 Thin and Light Laptop  (13.4 inch, Platinum Silver, 1.16 kg, With MS Office)",,149645,Intel,Core i5,11th Gen,1135G7,2.4 GHz upto max turbo frequency at 4.2 Ghz,8.0,16,LPDDR4X,,Yes,512 GB,,,Intel Integrated Iris Xe,,,34.04 cm (13.4 inch),1920 x 1080 Pixel,Full HD WVA Infinity Edge,,Windows 11 Home,64 bit,1.16 kg,Upto 13 Hours
"Lenovo Yoga 7i Ryzen 7 Octa Core R7-5800U 5th Gen - (16 GB/512 GB SSD/Windows 10 Home) 14ITL5 2 in 1 Laptop  (14 inch, Slate Grey, 1.43 kg, With MS Office)",,99219,AMD,Ryzen 7 Octa Core,5th Gen,R7-5800U,1.9 GHz,,16,DDR4,3200 MHz,Yes,512 GB,,,AMD Radeon Integrated AMD Radeon Graphics,,,35.56 cm (14 inch),1920 x 1080$$Pixels pixel,"35.5cms (14) FHD IPS (1920 x 1080) 300 nits, wide-viewing angle touchscreen, 72% NTSC, 16:9 aspect ratio, anti-glare",,Windows 10 Home,64 bit,1.43 kg,Upto 10 hours
"ASUS Ryzen 7 Dual Core 7th Gen - (16 GB/512 GB HDD/512 GB SSD/Windows 11 Home/4 GB Graphics/NVIDIA GeForce RTX3050- 4GB) FA506IC-HN075W Gaming Laptop  (15.6 inch, Black)",,82980,AMD,Ryzen 7 Dual Core,7th Gen,,,,16,DDR4,,Yes,512 GB,512 GB,,NVIDIA GeForce RTX3050- 4GB,4 GB,DDR4,39.62 cm (15.6 inch),1080 x 1920$$Pixels pixel,,,Windows 11 Home,,,4 hours
"ASUS Ryzen 3 Quad Core 3rd Gen - (8 GB/256 GB SSD/Windows 11 Home) M515DA-BR322WS Laptop  (15.6 inch, Silver, With MS Office)",4.7,36949,AMD,Ryzen 3 Quad Core,3rd Gen,,,,8,DDR4,,Yes,256 GB,,,AMD Radeon amd redeon,,,39.62 cm (15.6 inch),1080 x 1920$$Pixels pixel,,,Windows 11 Home,,,4 hours
"ASUS ROG Flow X13 (2021) Ryzen 9 Octa Core Ryzen 9 5900HS 5th Gen - (32 GB/1 TB SSD/Windows 10 Home/4 GB Graphics/NVIDIA GeForce GTX 1650/120 Hz) GV301QH-K6461TS 2 in 1 Gaming Laptop  (13.4 Inch, Black, 1.3 KG, With MS Office)",,129990,AMD,Ryzen 9 Octa Core,5th Gen,Ryzen 9 5900HS,3.1 GHz with Turbo Boost up to 4.5 GHz,8.0,32,LPDDR4X,4266 MHz,Yes,1 TB,,,NVIDIA GeForce GTX 1650,4 GB,GDDR6,34.04 cm (13.4 Inch),1920 x 1200 Pixel,"WUXGA LED Backlit Glossy IPS-Level Touch Display with Adaptive Sync (16:10 Aspect Ratio, 120 Hz Refresh Rate, 300 nits Brightness, 1000:1 Contrast Ratio, 72% NTSC Color Gamut, 100% sRGB, 75% Adobe, 75% DCI-P3, Pantone Validated)",120 Hz,Windows 10 Home,64 bit,1.3 KG,4-5 Hrs
"MSI GP66 Leopard Core i7 11th Gen - (16 GB/1 TB SSD/Windows 10 Home/8 GB Graphics/NVIDIA GeForce RTX 3070/240 Hz) GP66 Leopard 11UG Gaming Laptop  (15.6 inches, Black, 2.9 kg)",,158270,Intel,Core i7,11th Gen,11800H,4.60 GHz with Max Turbo Frequency,,16,DDR4,3200 MHz,Yes,1 TB,,,NVIDIA GeForce RTX 3070,8 GB,GDDR6,39.62 cm (15.6 inches),1920 x 1080 Pixels,Full HD IPS Display (100% sRGB),240 Hz,Windows 10 Home,64 bit,2.9 kg,3 Hours
"ASUS Vivobook 15 OLED Core i3 11th Gen - (8 GB/256 GB SSD/Windows 11 Home) K513EA-L301WS Laptop  (15.6 inch, Hearty Gold, 1.80 kg kg, With MS Office)",,47990,Intel,Core i3,11th Gen,Core i3-1115G4,"Intel® Core i3-1115G4 Processor 3.0 GHz (6M Cache, up to 4.1 GHz, 2 cores)",2.0,8,DDR4,3200 MHz,Yes,256 GB,,,Intel Integrated Intel® UHD Graphics,,DDR4,39.62 cm (15.6 inch),1920 x 1080 pixel,"15.6-inch, FHD (1920 x 1080) OLED 16:9 aspect ratio, LED Backlit, 0.2ms response time, 600nits peak brightness, 100% DCI-P3 color gamut, 1,000,000:1, VESA CERTIFIED Display HDR True Black 600, 1.07 billion colors, PANTONE Validated, Glossy display, 70% less harmful blue light, SGS Eye Care Display, Screen-to-body ratio: 85 ?",,Windows 11 Home,64 bit,1.80 kg kg,3 Hours
"realme Book Prime Core i5 11th Gen - (16 GB/512 GB SSD/Windows 11 Home) CloudPro002 Thin and Light Laptop  (14 inch, Grey, 1.37 kg, With MS Office)",4.3,64990,Intel,Core i5,11th Gen,11320H,Base 3.2 GHz Turbo Boost Upto 4.5 GHz,,16,LPDDR4X,4266 MHz,Yes,512 GB,,,Intel Integrated Iris Xe,,,35.56 cm (14 inch),2160 x 1440 Pixel,"Quad HD, 60 Hz Refresh Rate",,Windows 11 Home,,1.37 kg,Upto 12 hours
"realme Book Prime Core i5 11th Gen - (16 GB/512 GB SSD/Windows 11 Home) CloudPro002 Thin and Light Laptop  (14 inch, Green, 1.37 kg, With MS Office)",4.3,64990,Intel,Core i5,11th Gen,11320H,Base 3.2 GHz Turbo Boost Upto 4.5 GHz,,16,LPDDR4X,4266 MHz,Yes,512 GB,,,Intel Integrated Iris Xe,,,35.56 cm (14 inch),2160 x 1440 Pixel,"Quad HD, 60 Hz Refresh Rate",,Windows 11 Home,,1.37 kg,Upto 12 hours
"realme Book Prime Core i5 11th Gen - (16 GB/512 GB SSD/Windows 11 Home) CloudPro002 Thin and Light Laptop  (14 inch, Blue, 1.37 kg, With MS Office)",4.3,64990,Intel,Core i5,11th Gen,11320H,Base 3.2 GHz Turbo Boost Upto 4.5 GHz,,16,LPDDR4X,4266 MHz,Yes,512 GB,,,Intel Integrated Iris Xe,,,35.56 cm (14 inch),2160 x 1440 Pixel,"Quad HD, 60 Hz Refresh Rate",,Windows 11 Home,,1.37 kg,Upto 12 hours
"DELL G15 Core i7 11th Gen - (16 GB/512 GB SSD/Windows 11 Home/4 GB Graphics/NVIDIA GeForce RTX 3050 Ti/165 Hz) G15-5511 SE Gaming Laptop  (15.6 inch, Obsidian Black, 2.65 kg, With MS Office)",,103990,Intel,Core i7,11th Gen,11800H,Base Frequency 2.6 GHz Upto Max Turbo Frequency at 4.4 GHz,8.0,16,DDR4,3200 MHz,Yes,512 GB,,,NVIDIA GeForce RTX 3050 Ti,4 GB,GDDR6,39.62 cm (15.6 inch),1920 x 1080 Pixel,"Full HD, WVA AG, 300 nits, 165Hz, 100% RGB(SE), Narrow Border",165 Hz,Windows 11 Home,64 bit,2.65 kg,Upto 10 Hours
"DELL Ryzen 5 Hexa Core 5600H - (8 GB/512 GB SSD/Windows 11 Home/4 GB Graphics/NVIDIA GeForce RTX 3050/120 Hz) G15-5515 Gaming Laptop  (15.6 inch, Grey, 2.57 kg, With MS Office)",4.5,69490,AMD,Ryzen 5 Hexa Core,,5600H,3.2 GHz upto max turbo frequency at 4.4 Ghz,8.0,8,DDR4,,Yes,512 GB,,,NVIDIA GeForce RTX 3050,4 GB,GDDR6,39.62 cm (15.6 inch),1920 x 1080 Pixel,Full HD IPS Narrow 120Hz 250 nits 45%,120 Hz,Windows 11 Home,64 bit,2.57 kg,Upto 10 Hours
"Avita SATUS Celeron Dual Core - (4 GB/128 GB SSD/Windows 11 Home) NU14A1INC43PN-MB Laptop  (14.1 Inch, Matt Black)",4.4,21990,Intel,Celeron Dual Core,,N4020,,,4,DDR4,,Yes,128 GB,,,Intel Integrated UHD Graphics,,,35.81 cm (14.1 Inch),1920 x 1080 Pixels,"FHD, IPS",,Windows 11 Home,64 bit,,Upto 8 Hours
"ASUS Vivobook S14 OLED (2022) Intel EVO Core i5 12th Gen - (16 GB/512 GB SSD/Windows 11 Home) S3402ZA-KM501WS Thin and Light Laptop  (14 Inch, Neutral Grey, 1.50 Kg, With MS Office)",4.6,74990,Intel,Core i5,12th Gen,12500H,4.5,8.0,16,DDR4,,Yes,512 GB,,,Intel Integrated Iris Xe Graphics,,,35.56 cm (14 Inch),2880 x 1800 Pixels,"OLED, (Peak brightness 600 Nits, 100% DCI-P3 color gamut)",,Windows 11 Home,64 bit,1.50 Kg,
"ASUS Vivobook S14 OLED (2022) Intel EVO Core i7 12th Gen - (16 GB/512 GB SSD/Windows 11 Home) S3402ZA-KM702WS Thin and Light Laptop  (14 inch, Indie Black, 1.50 kg, With MS Office)",,94990,Intel,Core i7,12th Gen,12700H,Base Frequency 3.0 GHz Max Turbo Frequency at 4.7 GHz,6.0,16,DDR4,,Yes,512 GB,,,Intel Integrated Iris Xe,,,35.56 cm (14 inch),2880 x 1800 Pixels,"OLED, Anti-glare Display, Screen-to-Body Ratio: 85%, 16:9 Aspect Ratio, 90 Hz Refresh Rate, 600nits Peak Brightness, 100% DCI-P3 Color Gamut, Contrast Ratio: 1000000:1",,Windows 11 Home,,1.50 kg,
"ASUS Zenbook 14 OLED (2022) Intel EVO Core i5 12th Gen - (16 GB/512 GB SSD/Windows 11 Home) UX3402ZA-KM531WS Thin and Light Laptop  (14 inch, Ponder Blue, 1.39 kg, With MS Office)",,89990,Intel,Core i5,12th Gen,1240P,Base Frequency 1.7 GHz Max Turbo Frequency Upto 4.4 GHz,12.0,16,LPDDR5,,Yes,512 GB,,,Intel Integrated Iris Xe,,,35.56 cm (14 inch),2880 x 1800 Pixel,"OLED, Aspect Ratio: 16:10, 0.2ms Response Time, 90 Hz Refresh Rate, 400nits Brightness, 600nits Peak Brightness, 100% DCI-P3 Color Gamut, Contrast Ratio: 1000000:1, Color Depth: 1.07 Billion, Glossy Display, 70% Less Harmful Blue Light, SGS Eye Care Display, Screen-to-Body Ratio: 90%",,Windows 11 Home,,1.39 kg,
"ASUS Zenbook 14X (2022) Space edition Intel EVO Core i7 12th Gen - (16 GB/1 TB SSD/Windows 11 Home) UX5401ZAS-KN711WS Thin and Light Laptop  (14 inch, Titanium, 1.40 kg, With MS Office)",,134990,Intel,Core i7,12th Gen,12700H,Base Frequency 2.3 GHz Max Frequency Upto 4.7 GHz,12.0,16,LPDDR5,,Yes,1 TB,,,Intel Integrated Iris Xe,,,35.56 cm (14 inch),2880 x 1800 Pixel,"OLED, LED Backlit, Aspect Ratio: 16:10, 0.2ms Response Time, 90 Hz Refresh Rate, 550nits Peak Brightness, 100% DCI-P3 Color Gamut, Contrast Ratio: 1000000:1, Color Depth: 1.07 Billion, Glossy Display, 70% Less Harmful Blue Light, SGS Eye Care Display, Screen-to-Body Ratio: 92%",,Windows 11 Home,,1.40 kg,
"ASUS Vivobook S14 OLED (2022) Intel EVO Core i5 12th Gen - (16 GB/512 GB SSD/Windows 11 Home) S3402ZA-KM502WS Thin and Light Laptop  (14 Inch, Indie Black, 1.50 Kg, With MS Office)",4.6,74990,Intel,Core i5,12th Gen,12500H,4.5,8.0,16,DDR4,,Yes,512 GB,,,Intel Integrated Iris Xe Graphics,,,35.56 cm (14 Inch),2880 x 1800 Pixels,"OLED, (Peak brightness 600 Nits, 100% DCI-P3 color gamut)",,Windows 11 Home,64 bit,1.50 Kg,
"ASUS Zenbook 14 OLED (2022) Intel EVO Core i7 12th Gen - (16 GB/512 GB SSD/Windows 11 Home) UX3402ZA-KM731WS Thin and Light Laptop  (14 inch, Ponder Blue, 1.39 kg, With MS Office)",,104990,Intel,Core i7,12th Gen,1260P,Base Frequency 2.1 GHz Max Turbo Frequency Upto 4.7 GHz,12.0,16,LPDDR5,,Yes,512 GB,,,Intel Integrated Iris Xe,,,35.56 cm (14 inch),2880 x 1800 Pixel,"OLED, Aspect Ratio: 16:10, 0.2ms Response Time, 90 Hz Refresh Rate, 400nits Brightness, 600nits Peak Brightness, 100% DCI-P3 Color Gamut, Contrast Ratio: 1000000:1, Color Depth: 1.07 Billion, Glossy Display, 70% Less Harmful Blue Light, SGS Eye Care Display, Screen-to-Body Ratio: 90%",,Windows 11 Home,,1.39 kg,
"ASUS Vivobook S14 OLED (2022) Intel EVO Core i7 12th Gen - (16 GB/512 GB SSD/Windows 11 Home) S3402ZA-KM701WS Thin and Light Laptop  (14 Inch, Neutral Grey, 1.50 Kg, With MS Office)",,94990,Intel,Core i7,12th Gen,12700H,4.7,8.0,16,DDR4,,Yes,512 GB,,,Intel Integrated Iris Xe Graphics,,,35.56 cm (14 Inch),2880 x 1800 Pixels,"OLED, (Peak brightness 600 Nits, 100% DCI-P3 color gamut)",90 Hz,Windows 11 Home,64 bit,1.50 Kg,
"ASUS Zenbook 14X (2022) Space edition Intel EVO Core i5 12th Gen - (16 GB/512 GB SSD/Windows 11 Home) UX5401ZAS-KN521WS Thin and Light Laptop  (14 inch, Titanium, 1.40 kg, With MS Office)",,114990,Intel,Core i5,12th Gen,12500H,Base Frequency 2.5 GHz Max Frequency Upto 4.5 GHz,12.0,16,LPDDR5,,Yes,512 GB,,,Intel Integrated Iris Xe,,,35.56 cm (14 inch),2880 x 1800 Pixel,"OLED, LED Backlit, Aspect Ratio: 16:10, 0.2ms Response Time, 90 Hz Refresh Rate, 550nits Peak Brightness, 100% DCI-P3 Color Gamut, Contrast Ratio: 1000000:1, Color Depth: 1.07 Billion, Glossy Display, 70% Less Harmful Blue Light, SGS Eye Care Display, Screen-to-Body Ratio: 92%",,Windows 11 Home,,1.40 kg,
"DELL Vostro 3405 Ryzen 5 Quad Core 3450U - (8 GB/256 GB SSD/Windows 11 Home) Vostro 3405 Thin and Light Laptop  (14 inch, Dune, 1.59 kg, With MS Office)",,42990,AMD,Ryzen 5 Quad Core,,3450U,2.1 GHz with Turbo Boost Upto 3.5 GHz,4.0,8,DDR4,2400 MHz,Yes,256 GB,,,AMD Radeon Vega 8,,,35.56 cm (14 inch),1920 x 1080 Pixel,Full HD LED Backlit Anti-glare Display,,Windows 11 Home,64 bit,1.59 kg,Upto 10 Hours
"ASUS Ryzen 7 Hexa Core 10th Gen - (8 GB/512 GB SSD/Windows 10 Home/4 GB Graphics/NVIDIA GeForce RTX 3050 rts) FA506IC-HN005T Gaming Laptop  (15.6 inch, Graphite Black)",,80500,AMD,Ryzen 7 Hexa Core,10th Gen,,,,8,DDR4,,Yes,512 GB,,,NVIDIA GeForce RTX 3050 rts,4 GB,GDDR3,39.62 cm (15.6 inch),1080 x 1920$$Pixels pixel,,,Windows 10 Home,,,3 Hours
"ASUS Ryzen 9 Octa Core 10th Gen - (16 GB/512 GB SSD/Windows 11 Home/6 GB Graphics/NVIDIA GeForce RTX RTX3060-6GB) FA506QM-HN124W Gaming Laptop  (16.6 inch, Graphite Black)",,106990,AMD,Ryzen 9 Octa Core,10th Gen,,,,16,DDR4,,Yes,512 GB,,,NVIDIA GeForce RTX RTX3060-6GB,6 GB,GDDR5,42.16 cm (16.6 inch),1080-1920 pixel,,,Windows 11 Home,,,3 Hours
"ASUS Core i5 10th Gen - (8 GB/256 GB SSD/Windows 11 Home) X515JA-BQ511WS Thin and Light Laptop  (15.6 inch, Transparent Silver, With MS Office)",,43430,Intel,Core i5,10th Gen,,,,8,DDR4,,Yes,256 GB,,,Intel Integrated intel,,,39.62 cm (15.6 inch),1080*1920 pixel,,,Windows 11 Home,,,3 Hours
"ASUS Core i5 11th Gen - (8 GB/1 TB HDD/256 GB SSD/Windows 10 Home) K513EA-L501TS Laptop  (15.6 inch, Hearty Gold, With MS Office)",,65990,Intel,Core i5,11th Gen,,,,8,DDR4,,Yes,256 GB,1 TB,,Intel Integrated Intel HD Graphics,,DDR4,39.62 cm (15.6 inch),720x1080 FHD OLED pixel,,,Windows 10 Home,,,5HR TO 6 HR
"ASUS Ryzen 7 Quad Core 10th Gen - (8 GB/512 GB SSD/Windows 10 Home/4 GB Graphics/NVIDIA GeForce GTX GTX 1650 4GB Graphics) G713IH-HX020T Gaming Laptop  (17.3 inch, Gray)",,82449,AMD,Ryzen 7 Quad Core,10th Gen,,,,8,DDR4,,Yes,512 GB,,,NVIDIA GeForce GTX GTX 1650 4GB Graphics,4 GB,GDDR5,43.94 cm (17.3 inch),1920*1080 pixel,,,Windows 10 Home,,,3 Hours
"ASUS Core i5 11th Gen - (16 GB/512 GB SSD/Windows 11 Home) K413EA-EB522WS Thin and Light Laptop  (14 inch, Indie Black, 1.40 kg, With MS Office)",,60990,Intel,Core i5,11th Gen,1135G7,"Base Frequency 2.40 GHz, Max Turbo Boost Frequency Up to 4.20 GHz",4.0,16,DDR4,,Yes,512 GB,,,Intel Integrated Iris Xe,,,35.56 cm (14 inch),1920 x 1080 Pixel,"Full HD 16:9 aspect ratio, LED Backlit, IPS-level Panel, 250nits, 45% NTSC color gamut, Anti-glare display",,Windows 11 Home,64 bit,1.40 kg,
"ASUS VivoBook 15 (2021) Core i5 10th Gen - (8 GB/512 GB SSD/Windows 11 Home) X515JA-BQ521WS Thin and Light Laptop  (15.6 inch, Transparent Silver, 1.80 kg, With MS Office)",5.0,47990,Intel,Core i5,10th Gen,1035G1,1.0 GHz upto max turbo frequency at 3.6 GHz,4.0,8,DDR4,,Yes,512 GB,,,Intel Integrated UHD,,,39.62 cm (15.6 inch),1920 x 1080 Pixel,"Full HD LED Backlit, IPS-level Panel, 250nits, 45% NTSC color gamut, Anti-glare display",,Windows 11 Home,64 bit,1.80 kg,
"DELL G15 Core i7 12th Gen - (16 GB/1 TB SSD/Windows 11 Home/6 GB Graphics/NVIDIA GeForce RTX 3060) G15-5521 SE Gaming Laptop  (15.6 Inch, Obsidian Black, 2.57 kg, With MS Office)",,138990,Intel,Core i7,12th Gen,12700H,3.5 GHz upto max turbo frequency at 4.7 Ghz,14.0,16,DDR5,4800 Mhz,Yes,1 TB,,,NVIDIA GeForce RTX 3060,6 GB,GDDR6,39.62 cm (15.6 Inch),2560 x1440 Pixel,QHD WVA AG 240 Hz 400 nits Gsync Discrete LBL Narrow Border,,Windows 11 Home,64 bit,2.57 kg,Upto 10 Hours
"DELL G15 Core i5 12th Gen - (16 GB/512 GB SSD/Windows 11 Home/4 GB Graphics/NVIDIA GeForce RTX 3050) G15-5520 Gaming Laptop  (15.6 Inch, Dark Shadow Grey, 2.57 kg, With MS Office)",,87990,Intel,Core i5,12th Gen,12500H,3.3 GHz upto max turbo frequency at 4.5 Ghz,12.0,16,DDR5,4800 Mhz,Yes,512 GB,,,NVIDIA GeForce RTX 3050,4 GB,GDDR6,39.62 cm (15.6 Inch),1920 x 1080 Pixel,Full HD WVA AG 120Hz 250 nits Narrow Border,,Windows 11 Home,64 bit,2.57 kg,Upto 10 Hours
"DELL G15 Core i7 12th Gen - (16 GB/512 GB SSD/Windows 11 Home/6 GB Graphics/NVIDIA GeForce RTX 3060) G15-5520 Gaming Laptop  (15.6 Inch, Dark Shadow Grey, 2.57 kg, With MS Office)",,127990,Intel,Core i7,12th Gen,12700H,3.5 GHz upto max turbo frequency at 4.7 Ghz,14.0,16,DDR5,4800 Mhz,Yes,512 GB,,,NVIDIA GeForce RTX 3060,6 GB,GDDR6,39.62 cm (15.6 Inch),1920 x 1080 Pixel,Full HD WVA AG 165Hz 300 nits Narrow Border,,Windows 11 Home,64 bit,2.57 kg,Upto 10 Hours
"ASUS Core i3 11th Gen - (8 GB/256 GB SSD/Windows 10 Home) X515EA-BR312TS Thin and Light Laptop  (15.6 inch, Transparent Silver, 1.80 kg, With MS Office)",,36990,Intel,Core i3,11th Gen,1115G4,"Base Frequency 3.00 GHz, Max Turbo Boost Frequency Up to 4.10 GHz",2.0,8,DDR4,,Yes,256 GB,,,Intel Integrated UHD,,,39.62 cm (15.6 inch),1366 x 768 Pixel,"HD (16:9 aspect ratio, 200nits, 45% NTSC color gamut, Anti-glare display)",,Windows 10 Home,64 bit,1.80 kg,
"DELL Core i5 11th Gen - (16 GB/512 GB SSD/Windows 11 Home/4 GB Graphics/NVIDIA GeForce RTX 3050) G15-5511 Gaming Laptop  (15.6 inch, Dark Shadow Grey, 2.65 kg, With MS Office)",,74490,Intel,Core i5,11th Gen,11260H,2.6 GHz upto max turbo frequency at 4.4 Ghz,8.0,16,DDR4,,Yes,512 GB,,,NVIDIA GeForce RTX 3050,4 GB,GDDR6,39.62 cm (15.6 inch),1920 x 1080 Pixel,Full HD 120Hz 250 nits WVA Anti- Glare LED Backlit Narrow Border Display,,Windows 11 Home,64 bit,2.65 kg,Upto 10 Hours
"DELL G15 Core i7 12th Gen - (16 GB/1 TB SSD/Windows 11 Home/4 GB Graphics/NVIDIA GeForce RTX 3050 Ti) G15-5521 SE Gaming Laptop  (15.6 Inch, Obsidian Black, 2.57 kg, With MS Office)",,117490,Intel,Core i7,12th Gen,12700H,3.5 GHz upto max turbo frequency at 4.7 Ghz,14.0,16,DDR5,4800 Mhz,Yes,1 TB,,,NVIDIA GeForce RTX 3050 Ti,4 GB,GDDR6,39.62 cm (15.6 Inch),1920 x 1080 Pixel,Full HD WVA AG 165Hz 300 nits Narrow Border,,Windows 11 Home,64 bit,2.57 kg,Upto 10 Hours
"DELL G15 Core i7 12th Gen - (16 GB/512 GB SSD/Windows 11 Home/4 GB Graphics/NVIDIA GeForce RTX 3050 Ti) G15-5520 Gaming Laptop  (15.6 Inch, Dark Shadow Grey, 2.57 kg, With MS Office)",,104990,Intel,Core i7,12th Gen,12700H,3.5 GHz upto max turbo frequency at 4.7 Ghz,14.0,16,DDR5,4800 Mhz,Yes,512 GB,,,NVIDIA GeForce RTX 3050 Ti,4 GB,GDDR6,39.62 cm (15.6 Inch),1920 x 1080 Pixel,Full HD WVA AG 120Hz 250 nits Narrow Border,,Windows 11 Home,64 bit,2.57 kg,Upto 10 Hours
"DELL Core i5 11th Gen - (8 GB/512 GB SSD/Windows 11 Home/4 GB Graphics/NVIDIA GeForce RTX 3050) G15-5511 Gaming Laptop  (15.6 inch, Dark Shadow Grey, 2.65 kg, With MS Office)",,69490,Intel,Core i5,11th Gen,11260H,2.6 GHz upto max turbo frequency at 4.4 Ghz,8.0,8,DDR4,,Yes,512 GB,,,NVIDIA GeForce RTX 3050,4 GB,GDDR6,39.62 cm (15.6 inch),1920 x 1080 Pixel,Full HD 120Hz 250 nits WVA Anti- Glare LED Backlit Narrow Border Display,,Windows 11 Home,64 bit,2.65 kg,Upto 10 Hours
"acer Aspire 5 Core i5 11th Gen - (8 GB/512 GB SSD/Windows 11 Home) A515-56 Thin and Light Laptop  (15.6 Inch, Pure Silver, 1.65 kg, With MS Office)",4.3,49990,Intel,Core i5,11th Gen,1135G7,"Base Frequency 2.40 GHz, Max Turbo Boost Frequency Up to 4.20 GHz",4.0,8,DDR4,,Yes,512 GB,,,Intel Integrated Iris Xe,,,39.62 cm (15.6 Inch),1920 x 1080 Pixel,Full HD high-brightness Acer ComfyView LED-backlit TFT LCD,,Windows 11 Home,64 bit,1.65 kg,Upto 9.5 hours
"ASUS VivoBook Ultra K15 OLED Core i3 11th Gen - (8 GB/1 TB HDD/256 GB SSD/Windows 11 Home) K513EA-L322WS Thin and Light Laptop  (15.6 inch, Indie Black, 1.80 kg, With MS Office)",,50990,Intel,Core i3,11th Gen,1115G4,1.7 GHz upto max turbo frequency at 4.1 Ghz,2.0,8,DDR4,,Yes,256 GB,1 TB,,Intel Integrated UHD,,,39.62 cm (15.6 inch),1920 x 1080 Pixel,"Full HD, OLED, 0.2ms response time, 600nits peak brightness, 100% DCI-P3 color gamut, VESA CERTIFIED Display HDR True Black 600, 1.07 billion colors, Glossy display",,Windows 11 Home,64 bit,1.80 kg,
"ASUS VivoBook 15 Core i3 10th Gen - (8 GB/1 TB HDD/Windows 11 Home) X515JA-BQ302W Thin and Light Laptop  (15.6 inch, Transparent Silver, 1.80 kg)",3.8,30990,Intel,Core i3,10th Gen,1005G1,1.2 GHz upto max turbo frequency at 3.4 Ghz,2.0,8,DDR4,,No,,1 TB,,Intel Integrated UHD,,,39.62 cm (15.6 inch),1920 x 1080 Pixel,"Full HD, LED Backlit, IPS-level Panel, 45% NTSC Color Gamut, Anti-Glare display",,Windows 11 Home,64 bit,1.80 kg,
"ASUS Core i5 11th Gen - (16 GB/512 GB SSD/Windows 11 Home) K513EA-L513WS Laptop  (15.6 inch, Silver, With MS Office)",,67949,Intel,Core i5,11th Gen,,,,16,DDR4,,Yes,512 GB,,,Intel Integrated intel,,,39.62 cm (15.6 inch),1080*1920 pixel,,,Windows 11 Home,,,3 Hours
"HP Core i5 11th Gen - (8 GB/512 GB SSD/Windows 11 Home/2 GB Graphics) 15s-du3519TX Thin and Light Laptop  (15.6 Inch, Natural Silver, 1.75 Kg, With MS Office)",,64990,Intel,Core i5,11th Gen,1135G7,4.2,4.0,8,DDR4,3200 MHz,Yes,512 GB,,,NVIDIA GeForce MX450,2 GB,GDDR6,39.62 cm (15.6 Inch),1920 x 1080 Pixels,"FHD, IPS, micro-edge, anti-glare (Brightness: 250 nits, 141 ppi Color Gamut: 45%NTSC)",,Windows 11 Home,64 bit,1.75 Kg,
"HP Pavilion Ryzen 7 Octa Core 5825U - (16 GB/512 GB SSD/Windows 11 Home) 14-EC1008AU Thin and Light Laptop  (14 inch, Natural Silver, 1.41 kg, With MS Office)",,71999,AMD,Ryzen 7 Octa Core,,5825U,2.0 GHz upto max turbo frequency at 4.5 Ghz,8.0,16,DDR4,,Yes,512 GB,,,AMD Radeon AMD,,,35.56 cm (14 inch),1920 x 1080 Pixel,"Full HD, IPS, micro-edge, Antiglare, Low Blue Light, Brightness: 400 nits, 157 ppi, Color Gamut: 100%sRGB",,Windows 11 Home,64 bit,1.41 kg,
"HP Pavilion Ryzen 5 Hexa Core 5625U - (16 GB/512 GB SSD/Windows 11 Home) 14-EC1019AU Thin and Light Laptop  (14 inch, Natural Silver, 1.41 kg, With MS Office)",,62900,AMD,Ryzen 5 Hexa Core,,5625U,2.4 GHz upto max turbo frequency at 4.3 Ghz,6.0,16,DDR4,,Yes,512 GB,,,AMD Radeon AMD,,,35.56 cm (14 inch),1920 x 1080 Pixel,"Full HD, IPS, micro-edge, Antiglare, Low Blue Light, Brightness: 400 nits, 157 ppi, Color Gamut: 100%sRGB",,Windows 11 Home,64 bit,1.41 kg,
"ASUS Core i5 11th Gen - (8 GB/1 TB SSD/Windows 10 Home/4 GB Graphics/NVIDIA GeForce RTX RTX3050-4G) FX516PCZ-HN090T Gaming Laptop  (15.6 inch, White)",,78900,Intel,Core i5,11th Gen,,,,8,DDR4,,Yes,1 TB,,,NVIDIA GeForce RTX RTX3050-4G,4 GB,DDR5,39.62 cm (15.6 inch),1080*1920 pixel,,,Windows 10 Home,,,3 Hours
"acer Celeron Dual Core - (4 GB/256 GB SSD/Windows 11 Home) TMB311-31 Notebook  (11.6 Inch, Black, 1.4 Kg)",,24990,Intel,Celeron Dual Core,,N4020,2.80,2.0,4,DDR4,,Yes,256 GB,,,Intel Integrated UHD Graphics 600,,,29.46 cm (11.6 Inch),1366 x 768 Pixels,"HD, high-brightness Acer ComfyView LED-backlit TFT LCD",,Windows 11 Home,64 bit,1.4 Kg,Upto 8 hours
"acer Celeron Dual Core - (4 GB/128 GB SSD/Windows 11 Home) TMB311-31 Notebook  (11.6 Inch, Black, 1.4 Kg)",,23990,Intel,Celeron Dual Core,,N4020,2.80,2.0,4,DDR4,,Yes,128 GB,,,Intel Integrated UHD Graphics 600,,,29.46 cm (11.6 Inch),1366 x 768 Pixels,"HD, High-brightness Acer ComfyView LED-backlit TFT LCD",,Windows 11 Home,64 bit,1.4 Kg,Upto 8 hours
"acer Nitro 5 Core i5 11th Gen - (8 GB/512 GB SSD/Windows 11 Home/4 GB Graphics/NVIDIA GeForce GTX 1650) AN515-57 Gaming Laptop  (15.6 inch, Shale Black, 2.2 kg)",,64990,Intel,Core i5,11th Gen,11400H,"Base Clock 2.70 GHz, Max Turbo Boost Frequency Up to 4.50 GHz",6.0,8,DDR4,,Yes,512 GB,,,NVIDIA GeForce GTX 1650,4 GB,GDDR6,39.62 cm (15.6 inch),1920 x 1080 Pixel,"Full HD IPS (In-Plane Switching) technology, Acer ComfyView LED-backlit TFT LCD, 144 Hz refresh rate (16:9 Aspect Ratio)",,Windows 11 Home,64 bit,2.2 kg,
"ASUS VivoBook 14 (2021) Celeron Dual Core - (4 GB/256 GB SSD/Windows 11 Home) X415MA-BV011W Thin and Light Laptop  (14 inch, Transparent Silver, 1.60 kg)",4.1,25990,Intel,Celeron Dual Core,,N4020,1.1 GHz upto max turbo frequency at 2.8 Ghz,2.0,4,DDR4,,Yes,256 GB,,,Intel Integrated UHD,,,35.56 cm (14 inch),1366 x 768 Pixel,"HD 16:9 aspect ratio, 200nits, 45% NTSC color gamut, Anti-glare display",,Windows 11 Home,64 bit,1.60 kg,
"acer Aspire 3 Core i5 11th Gen - (8 GB/512 GB SSD/Windows 11 Home) A315-58 Thin and Light Laptop  (15.6 Inch, Pure Silver, 1.7 kg, With MS Office)",,49890,Intel,Core i5,11th Gen,1135G7,"Base Frequency 2.40 GHz, Max Turbo Boost Frequency Up to 4.20 GHz",2.0,8,DDR4,,Yes,512 GB,,,Intel Integrated Iris Xe,,,39.62 cm (15.6 Inch),1920 x 1080 Pixel,"Full HD Acer ComfyView LED-backlit TFT LCD, 16:9 aspect ratio",,Windows 11 Home,64 bit,1.7 kg,Upto 9 hours
"acer Nitro 5 Core i7 12th Gen - (16 GB/1 TB HDD/512 GB SSD/Windows 11 Home/4 GB Graphics/NVIDIA GeForce RTX 3050 Ti) AN515-58 Gaming Laptop  (15.6 inch, Shale Black, 2.6 kg)",,109990,Intel,Core i7,12th Gen,12500H,"Performance-core Max Turbo Frequency Up to 4.70 GHz, Efficient-core Max Turbo Frequency up to 3.50 GHz",14.0,16,DDR4,,Yes,512 GB,1 TB,,NVIDIA GeForce RTX 3050 Ti,4 GB,GDDR6,39.62 cm (15.6 inch),1920 x 1080 Pixel,"Full HD IPS (In-Plane Switching) technology, Acer ComfyView LED-backlit TFT LCD, 144 Hz refresh rate (16:9 Aspect Ratio)",,Windows 11 Home,64 bit,2.6 kg,
"HP Pavilion Gaming Ryzen 5 Hexa Core 5600H - (8 GB/512 GB SSD/Windows 10 Home/4 GB Graphics/NVIDIA GeForce RTX 3050 Ti) 15-EC2048AX Gaming Laptop  (15.6 Inch, Shadow Black, 1.98 Kg, With MS Office)",,78190,AMD,Ryzen 5 Hexa Core,,5600H,3.2 GHz upto max turbo frequency at 4.2 Ghz,6.0,8,DDR4,,Yes,512 GB,,,NVIDIA GeForce RTX 3050 Ti,4 GB,GDDR6,39.62 cm (15.6 Inch),1920 x 1080 Pixel,"Full HD, 144 Hz, IPS Anti-Glare Micro-edge WLED-Backlit, Brightness: 250 nits, 141 ppi, Color Gamut: 45% NTSC",,Windows 10 Home,64 bit,1.98 Kg,
"HP OMEN Core i7 12th Gen - (16 GB/1 TB SSD/Windows 11 Home/4 GB Graphics) 16-B1351TX Laptop  (16.1 inch, Shadow Black, 2.32 kg, With MS Office)",,129980,Intel,Core i7,12th Gen,12700H,Max Turbo Frequency Upto 4.7 GHz,14.0,16,DDR5,,Yes,1 TB,,,NVIDIA GeForce RTX 3050 Ti,4 GB,GDDR6,40.89 cm (16.1 inch),1920 x 1080 PIxel,"Full HD, 144 Hz, 7 ms Response Time, IPS, Micro Edge, Anti-glare, Low Blue Light, Brightness: 300 nits, 137 PPI, Color Gamut: 100% sRGB",,Windows 11 Home,64 bit,2.32 kg,No
"Lenovo THINKBOOK 15 Core i3 11th Gen - (8 GB/512 GB SSD/Windows 10 Home) THINKBOOK 15 Notebook  (15.6 inch, Minral Grey, 1.9 kg)",,53990,Intel,Core i3,11th Gen,I3-1115G4,3.00 GHZ,2.0,8,DDR4,3200 MHz,Yes,512 GB,,,Intel Integrated INTEL UHD,,,39.62 cm (15.6 inch),1920 X 1080 pixel,FULL HD,60 Hz,Windows 10 Home,64 bit,1.9 kg,UP TO 6 HOURS
"ASUS Ryzen 5 Quad Core 3rd Gen - (8 GB/512 GB SSD/Windows 11 Home) M515DA-BQ512WS Thin and Light Laptop  (15.6 inch, Transparent Silver, With MS Office)",,44900,AMD,Ryzen 5 Quad Core,3rd Gen,,,,8,DDR4,,Yes,512 GB,,,AMD Radeon,,DDR4,39.62 cm (15.6 inch),720x1080 FHD LCD pixel,,,Windows 11 Home,,,5HR TO 6 HR
"DELL Inspiron Pentium Quad Core - (8 GB/256 GB SSD/Windows 11 Home) Inspiron 3521 Thin and Light Laptop  (15.6 inch, Platinum Silver, 1.8 kg, With MS Office)",,36890,Intel,Pentium Quad Core,,N5030,1.1 GHz upto max turbo frequency at 3.1 Ghz,4.0,8,DDR4,2666 MHz,Yes,256 GB,,,Intel Integrated UHD,,,39.62 cm (15.6 inch),1366 x 768 pixel,HD AG Narrow Border,,Windows 11 Home,64 bit,1.8 kg,Upto 7 hours
"ASUS Core i5 11th Gen - (8 GB/1 TB HDD/256 GB SSD/Windows 11 Home) K513EA-L501WS Laptop  (15.6 inch, Hearty GOLD, With MS Office)",,66500,Intel,Core i5,11th Gen,,,,8,DDR4,,Yes,256 GB,1 TB,,Intel Integrated INTEL HD,,,39.62 cm (15.6 inch),1080*1920 pixel,,,Windows 11 Home,,,3 Hours
"ASUS Ryzen 7 Quad Core 10th Gen - (16 GB/512 GB SSD/Windows 11 Home/4 GB Graphics/AMD Radeon RTX3050- 4GB) G513IC-HN023WS Gaming Laptop  (15.6 inch, Gray, With MS Office)",,89590,AMD,Ryzen 7 Quad Core,10th Gen,,,,16,DDR4,,Yes,512 GB,,,AMD Radeon RTX3050- 4GB,4 GB,DDR5,39.62 cm (15.6 inch),1080*1920 pixel,,,Windows 11 Home,,,3 Hours
"DELL Vostro 5000 Series Ryzen 5 Quad Core Ryzen 5-5625U - (16 GB/512 GB SSD/Windows 10 Home) Vostro 5625 Thin and Light Laptop  (16 inch, Titan Grey, 1.9 kg, With MS Office)",,68900,AMD,Ryzen 5 Quad Core,,Ryzen 5-5625U,4.00 GHZ,6.0,16,DDR4,3200 MHz,Yes,512 GB,,,AMD Radeon Intgrated,,,40.64 cm (16 inch),1920 x 1200$$Pixels pixel,FHD+,60 Hz,Windows 10 Home,64 bit,1.9 kg,8 Hours
"DELL G15 Core i5 11th Gen - (16 GB/512 GB SSD/Windows 10/4 GB Graphics/NVIDIA GeForce RTX 3050Ti) G15-5511 Gaming Laptop  (15.6 Inch, Dark Shadow Grey, 2.4 kg, With MS Office)",,92490,Intel,Core i5,11th Gen,11400H,2.2 GHz to max turbo frequency at 4.5 Ghz,,16,DDR4,2933 MHz,Yes,512 GB,,,NVIDIA GeForce RTX 3050Ti,4 GB,GDDR6,39.62 cm (15.6 Inch),1920 x 1080 Pixel,Full HD WVA AG 250 nits 120Hz Narrow Border,,Windows 10,64 bit,2.4 kg,Upto 10 Hours
"ASUS TUF Gaming F15 Core i7 12th Gen - (16 GB/512 GB SSD/Windows 11 Home/4 GB Graphics/NVIDIA GeForce RTX 3050 Ti) FX577ZE-HN056W Gaming Laptop  (15.6 inch, Jaeger Gray, 2.20 kg)",,116990,Intel,Core i7,12th Gen,12700H,3.0 GHz upto max turbo frequency at 4.7 GHz,14.0,16,DDR5,,Yes,512 GB,,,NVIDIA GeForce RTX 3050 Ti,4 GB,GDDR6,39.62 cm (15.6 inch),1920 x 1080 Pixel,"Full HD, IPS-level, 250nits, Contras 1000:1, NTSC 45%, SRGB 62.50%, Adobe 47.34%, Anti-glare display",,Windows 11 Home,64 bit,2.20 kg,
"ASUS ROG Strix SCAR 17 Core i9 12th Gen - (32 GB/1 TB SSD/Windows 11 Home/8 GB Graphics/NVIDIA GeForce RTX 3070 Ti) G733ZW-LL139WS Gaming Laptop  (17.3 inch, Off Black, 2.90 kg, With MS Office)",5.0,234990,Intel,Core i9,12th Gen,12900H,2.5 GHz upto max turbo frequency at 5.0 Ghz,14.0,32,DDR5,,Yes,1 TB,,,NVIDIA GeForce RTX 3070 Ti,8 GB,GDDR6,43.94 cm (17.3 inch),2560 x 1440 Pixel,"WQHD, IPS-level, 300nits, Contras 1000:1, Anti-glare display",,Windows 11 Home,64 bit,2.90 kg,
"ASUS ROG Strix SCAR 15 Core i9 12th Gen - (32 GB/1 TB SSD/Windows 11 Home/8 GB Graphics/NVIDIA GeForce RTX 3070 Ti) G533ZW-LN136WS Gaming Laptop  (15.6 inch, Off Black, 2.30 kg, With MS Office)",,229990,Intel,Core i9,12th Gen,12900H,2.5 GHz upto max turbo frequency at 5.0 Ghz,14.0,32,DDR5,,Yes,1 TB,,,NVIDIA GeForce RTX 3070 Ti,8 GB,GDDR6,39.62 cm (15.6 inch),2560 x 1440 Pixel,"WQHD, IPS-level, 300nits, Contras 1000:1, Anti-glare display",,Windows 11 Home,64 bit,2.30 kg,
"HP Victus Ryzen 7 Octa Core 5800H - (16 GB/512 GB SSD/Windows 11 Home/4 GB Graphics/NVIDIA GeForce RTX 3050) 16-e0351AX Gaming Laptop  (16.1 inch, Mica Silver, 2.48 kg, With MS Office)",,104091,AMD,Ryzen 7 Octa Core,,5800H,3.2 GHz upto max turbo frequency at 4.4 GHz,8.0,16,DDR4,,Yes,512 GB,,,NVIDIA GeForce RTX 3050,4 GB,GDDR6,40.89 cm (16.1 inch),1920 x 1080 PIxel,"Full HD, 144 Hz, 7 ms response time, IPS, micro-edge, anti-glare, Low Blue Light, Brightness: 300 nits, 137 ppi",,Windows 11 Home,64 bit,2.48 kg,
"Lenovo IdeaPad Gaming 3i Ryzen 7 Octa Core R7-5800H 5th Gen - (16 GB/512 GB SSD/Windows 11 Home/4 GB Graphics/NVIDIA GeForce RTX 3050) 15ACH6 Gaming Laptop  (15.6 inch, Shadow Black, 2.25 kg, With MS Office)",,87717,AMD,Ryzen 7 Octa Core,5th Gen,R7-5800H,3.2 GHz,8.0,16,DDR4,3200 MHz,Yes,512 GB,,,NVIDIA GeForce RTX 3050,4 GB,GDDR6,39.62 cm (15.6 inch),1920 x 1080 pixel,"Full HD Anti-glare Display, 250nits Brightness, 120Hz, 45 Percent NTSC, DC Dimmer",,Windows 11 Home,64 bit,2.25 kg,Upto 4 hours
"Lenovo Yoga Slim 7 Core i5 11th Gen - (16 GB/512 GB SSD/Windows 11 Home) 82A300MBIN Thin and Light Laptop  (14 inch, Slate Grey, With MS Office)",,75990,Intel,Core i5,11th Gen,,,,16,DDR4,,Yes,512 GB,,,Intel Integrated Intel,,,35.56 cm (14 inch),1080 pixel,Full HD,,Windows 11 Home,64 bit,,Upto 12 Hours
"Lenovo Yoga Slim 7 Core i7 11th Gen - (16 GB/512 GB SSD/Windows 11 Home) 14ITL05 Thin and Light Laptop  (14 inch, Slate Grey, 1.36 kg, With MS Office)",,78395,Intel,Core i7,11th Gen,i5 1135G7,2.4 GHz,4.0,16,DDR4,3200 MHz,Yes,512 GB,,,Intel Integrated Iris Xe Graphics,,,35.56 cm (14 inch),1920 x 1080 pixel,"14"" FHD (1920x1080) | IPS Technology | 300Nits Brightness |100% sRGB",,Windows 11 Home,64 bit,1.36 kg,Upto 15 hours
"Lenovo Lenovo V15 Celeron Dual Core - (4 GB/256 GB SSD/Windows 10) 82C30053IH Thin and Light Laptop  (15.6 inch, Iron Grey)",3.0,29290,Intel,Celeron Dual Core,,,,,4,DDR4,,Yes,256 GB,,,Intel Integrated Intel HD,,,39.62 cm (15.6 inch),1080 pixel,,,Windows 10,64 bit,,upto 6 hours
"Lenovo Yoga 6 Ryzen 7 Octa Core R7-5700U 5th Gen - (16 GB/1 TB SSD/Windows 11 Home) 13ALC6 2 in 1 Laptop  (13.3 inch, Abyss Blue, 1.31 kg, With MS Office)",,91308,AMD,Ryzen 7 Octa Core,5th Gen,R7-5700U,1.8 GHz,8.0,16,DDR4,3200 MHz,Yes,1 TB,,,AMD Radeon Integrated AMD Radeon Graphics,,,33.78 cm (13.3 inch),1920 x 1080 pixel,"13"" FHD (1920x1080) | IPS Technology | 300 Nits Glossy | Touch",,Windows 11 Home,64 bit,1.31 kg,Upto 18 hours
"ASUS TUF Gaming F15 Core i5 10th Gen - (8 GB/1 TB SSD/Windows 11 Home/4 GB Graphics/NVIDIA GeForce GTX 1650/144 Hz) FX506LH-HN310W Gaming Laptop  (15.6 inch, Black, 2.30 kg)",4.7,64990,Intel,Core i5,10th Gen,i5-10300H,2.5 Ghz With Turbo Upto 4.5,4.0,8,DDR4,2933 MHz,Yes,1 TB,,,NVIDIA GeForce GTX 1650,4 GB,GDDR6,39.62 cm (15.6 inch),1920 x 1080$$Pixels pixel,"15.6-inch, FHD (1920 x 1080) 16:9, anti-glare display, sRGB:62.5%, Adobe:47.1%, Refresh Rate:144Hz, Value IPS-level, Optimus",144 Hz,Windows 11 Home,64 bit,2.30 kg,Upto 5 Hrs.
"DELL Inspiron Pentium Silver - (8 GB/256 GB SSD/Windows 11 Home) Inspiron 3521 Notebook  (15.6 Inch, Carbon Black, 1.61 Kg, With MS Office)",4.0,32999,Intel,Pentium Silver,,N5030,3.1,4.0,8,DDR4,2666 MHz,Yes,256 GB,,,Intel Integrated UHD Graphics,,,39.62 cm (15.6 Inch),1920 x 1080 Pixels,"HD, AG Narrow Border",,Windows 11 Home,64 bit,1.61 Kg,Upto 7 hours
"DELL Inspiron Athlon Dual Core 3050U - (8 GB/256 GB SSD/Windows 11 Home) Inspiron 3525 Notebook  (15.6 Inch, Carbon Black, 1.68 Kg, With MS Office)",4.2,30990,AMD,Athlon Dual Core,,3050U,3.2,2.0,8,DDR4,2666 MHz,Yes,256 GB,,,AMD Radeon Radeon Graphics,,,39.62 cm (15.6 Inch),1920 x 1080 Pixels,HD AG Narrow Border,,Windows 11 Home,64 bit,1.68 Kg,Upto 7 hours
"DELL Core i5 11th Gen - (16 GB/512 GB SSD/Windows 11 Home) XPS 9305 Thin and Light Laptop  (13.4 inch, Platinum Silver, 1.16 kg, With MS Office)",,149645,Intel,Core i5,11th Gen,1135G7,2.4 GHz upto max turbo frequency at 4.2 Ghz,8.0,16,LPDDR4X,,Yes,512 GB,,,Intel Integrated Iris Xe,,,34.04 cm (13.4 inch),1920 x 1080 Pixel,Full HD WVA Infinity Edge,,Windows 11 Home,64 bit,1.16 kg,Upto 13 Hours
"Lenovo Yoga 7i Ryzen 7 Octa Core R7-5800U 5th Gen - (16 GB/512 GB SSD/Windows 10 Home) 14ITL5 2 in 1 Laptop  (14 inch, Slate Grey, 1.43 kg, With MS Office)",,99219,AMD,Ryzen 7 Octa Core,5th Gen,R7-5800U,1.9 GHz,,16,DDR4,3200 MHz,Yes,512 GB,,,AMD Radeon Integrated AMD Radeon Graphics,,,35.56 cm (14 inch),1920 x 1080$$Pixels pixel,"35.5cms (14) FHD IPS (1920 x 1080) 300 nits, wide-viewing angle touchscreen, 72% NTSC, 16:9 aspect ratio, anti-glare",,Windows 10 Home,64 bit,1.43 kg,Upto 10 hours
"ASUS Ryzen 7 Dual Core 7th Gen - (16 GB/512 GB HDD/512 GB SSD/Windows 11 Home/4 GB Graphics/NVIDIA GeForce RTX3050- 4GB) FA506IC-HN075W Gaming Laptop  (15.6 inch, Black)",,82980,AMD,Ryzen 7 Dual Core,7th Gen,,,,16,DDR4,,Yes,512 GB,512 GB,,NVIDIA GeForce RTX3050- 4GB,4 GB,DDR4,39.62 cm (15.6 inch),1080 x 1920$$Pixels pixel,,,Windows 11 Home,,,4 hours
"ASUS Ryzen 3 Quad Core 3rd Gen - (8 GB/256 GB SSD/Windows 11 Home) M515DA-BR322WS Laptop  (15.6 inch, Silver, With MS Office)",4.7,36949,AMD,Ryzen 3 Quad Core,3rd Gen,,,,8,DDR4,,Yes,256 GB,,,AMD Radeon amd redeon,,,39.62 cm (15.6 inch),1080 x 1920$$Pixels pixel,,,Windows 11 Home,,,4 hours
"ASUS ROG Flow X13 (2021) Ryzen 9 Octa Core Ryzen 9 5900HS 5th Gen - (32 GB/1 TB SSD/Windows 10 Home/4 GB Graphics/NVIDIA GeForce GTX 1650/120 Hz) GV301QH-K6461TS 2 in 1 Gaming Laptop  (13.4 Inch, Black, 1.3 KG, With MS Office)",,129990,AMD,Ryzen 9 Octa Core,5th Gen,Ryzen 9 5900HS,3.1 GHz with Turbo Boost up to 4.5 GHz,8.0,32,LPDDR4X,4266 MHz,Yes,1 TB,,,NVIDIA GeForce GTX 1650,4 GB,GDDR6,34.04 cm (13.4 Inch),1920 x 1200 Pixel,"WUXGA LED Backlit Glossy IPS-Level Touch Display with Adaptive Sync (16:10 Aspect Ratio, 120 Hz Refresh Rate, 300 nits Brightness, 1000:1 Contrast Ratio, 72% NTSC Color Gamut, 100% sRGB, 75% Adobe, 75% DCI-P3, Pantone Validated)",120 Hz,Windows 10 Home,64 bit,1.3 KG,4-5 Hrs
"MSI GP66 Leopard Core i7 11th Gen - (16 GB/1 TB SSD/Windows 10 Home/8 GB Graphics/NVIDIA GeForce RTX 3070/240 Hz) GP66 Leopard 11UG Gaming Laptop  (15.6 inches, Black, 2.9 kg)",,158270,Intel,Core i7,11th Gen,11800H,4.60 GHz with Max Turbo Frequency,,16,DDR4,3200 MHz,Yes,1 TB,,,NVIDIA GeForce RTX 3070,8 GB,GDDR6,39.62 cm (15.6 inches),1920 x 1080 Pixels,Full HD IPS Display (100% sRGB),240 Hz,Windows 10 Home,64 bit,2.9 kg,3 Hours
"ASUS Vivobook 15 OLED Core i3 11th Gen - (8 GB/256 GB SSD/Windows 11 Home) K513EA-L301WS Laptop  (15.6 inch, Hearty Gold, 1.80 kg kg, With MS Office)",,47990,Intel,Core i3,11th Gen,Core i3-1115G4,"Intel® Core i3-1115G4 Processor 3.0 GHz (6M Cache, up to 4.1 GHz, 2 cores)",2.0,8,DDR4,3200 MHz,Yes,256 GB,,,Intel Integrated Intel® UHD Graphics,,DDR4,39.62 cm (15.6 inch),1920 x 1080 pixel,"15.6-inch, FHD (1920 x 1080) OLED 16:9 aspect ratio, LED Backlit, 0.2ms response time, 600nits peak brightness, 100% DCI-P3 color gamut, 1,000,000:1, VESA CERTIFIED Display HDR True Black 600, 1.07 billion colors, PANTONE Validated, Glossy display, 70% less harmful blue light, SGS Eye Care Display, Screen-to-body ratio: 85 ?",,Windows 11 Home,64 bit,1.80 kg kg,3 Hours
"realme Book Prime Core i5 11th Gen - (16 GB/512 GB SSD/Windows 11 Home) CloudPro002 Thin and Light Laptop  (14 inch, Grey, 1.37 kg, With MS Office)",4.3,64990,Intel,Core i5,11th Gen,11320H,Base 3.2 GHz Turbo Boost Upto 4.5 GHz,,16,LPDDR4X,4266 MHz,Yes,512 GB,,,Intel Integrated Iris Xe,,,35.56 cm (14 inch),2160 x 1440 Pixel,"Quad HD, 60 Hz Refresh Rate",,Windows 11 Home,,1.37 kg,Upto 12 hours
"realme Book Prime Core i5 11th Gen - (16 GB/512 GB SSD/Windows 11 Home) CloudPro002 Thin and Light Laptop  (14 inch, Green, 1.37 kg, With MS Office)",4.3,64990,Intel,Core i5,11th Gen,11320H,Base 3.2 GHz Turbo Boost Upto 4.5 GHz,,16,LPDDR4X,4266 MHz,Yes,512 GB,,,Intel Integrated Iris Xe,,,35.56 cm (14 inch),2160 x 1440 Pixel,"Quad HD, 60 Hz Refresh Rate",,Windows 11 Home,,1.37 kg,Upto 12 hours
"realme Book Prime Core i5 11th Gen - (16 GB/512 GB SSD/Windows 11 Home) CloudPro002 Thin and Light Laptop  (14 inch, Blue, 1.37 kg, With MS Office)",4.3,64990,Intel,Core i5,11th Gen,11320H,Base 3.2 GHz Turbo Boost Upto 4.5 GHz,,16,LPDDR4X,4266 MHz,Yes,512 GB,,,Intel Integrated Iris Xe,,,35.56 cm (14 inch),2160 x 1440 Pixel,"Quad HD, 60 Hz Refresh Rate",,Windows 11 Home,,1.37 kg,Upto 12 hours
"DELL G15 Core i7 11th Gen - (16 GB/512 GB SSD/Windows 11 Home/4 GB Graphics/NVIDIA GeForce RTX 3050 Ti/165 Hz) G15-5511 SE Gaming Laptop  (15.6 inch, Obsidian Black, 2.65 kg, With MS Office)",,103990,Intel,Core i7,11th Gen,11800H,Base Frequency 2.6 GHz Upto Max Turbo Frequency at 4.4 GHz,8.0,16,DDR4,3200 MHz,Yes,512 GB,,,NVIDIA GeForce RTX 3050 Ti,4 GB,GDDR6,39.62 cm (15.6 inch),1920 x 1080 Pixel,"Full HD, WVA AG, 300 nits, 165Hz, 100% RGB(SE), Narrow Border",165 Hz,Windows 11 Home,64 bit,2.65 kg,Upto 10 Hours
"DELL Ryzen 5 Hexa Core 5600H - (8 GB/512 GB SSD/Windows 11 Home/4 GB Graphics/NVIDIA GeForce RTX 3050/120 Hz) G15-5515 Gaming Laptop  (15.6 inch, Grey, 2.57 kg, With MS Office)",4.5,69490,AMD,Ryzen 5 Hexa Core,,5600H,3.2 GHz upto max turbo frequency at 4.4 Ghz,8.0,8,DDR4,,Yes,512 GB,,,NVIDIA GeForce RTX 3050,4 GB,GDDR6,39.62 cm (15.6 inch),1920 x 1080 Pixel,Full HD IPS Narrow 120Hz 250 nits 45%,120 Hz,Windows 11 Home,64 bit,2.57 kg,Upto 10 Hours
"Avita SATUS Celeron Dual Core - (4 GB/128 GB SSD/Windows 11 Home) NU14A1INC43PN-MB Laptop  (14.1 Inch, Matt Black)",4.4,21990,Intel,Celeron Dual Core,,N4020,,,4,DDR4,,Yes,128 GB,,,Intel Integrated UHD Graphics,,,35.81 cm (14.1 Inch),1920 x 1080 Pixels,"FHD, IPS",,Windows 11 Home,64 bit,,Upto 8 Hours
"DELL Ryzen 7 Octa Core 5800H - (16 GB/512 GB SSD/Windows 11 Home/4 GB Graphics/NVIDIA GeForce RTX 3050/120 Hz) G15-5515 Gaming Laptop  (15.6 inch, Grey, 2.57 kg, With MS Office)",,90290,AMD,Ryzen 7 Octa Core,,5800H,3.2 GHz upto max turbo frequency at 4.4 Ghz,8.0,16,DDR4,,Yes,512 GB,,,NVIDIA GeForce RTX 3050,4 GB,GDDR6,39.62 cm (15.6 inch),1920 x 1080 Pixel,Full HD IPS Narrow 120Hz 250 nits 45%,120 Hz,Windows 11 Home,64 bit,2.57 kg,Upto 10 Hours
"HP Core i3 11th Gen - (8 GB/512 GB SSD/Windows 11 Home) 15s-fq2627TU Thin and Light Laptop  (15.6 Inch, Jet Black, 1.69 Kg, With MS Office)",4.2,40990,Intel,Core i3,11th Gen,1125G4,3.7,4.0,8,DDR4,2666 MHz,Yes,512 GB,,,Intel Integrated UHD Graphics,,,39.62 cm (15.6 Inch),1920 x 1080 Pixels,"FHD, micro-edge, anti-glare ( Brightness: 250 nits, 141 ppi, Color Gamut: 45%NTSC)",,Windows 11 Home,64 bit,1.69 Kg,
"DELL Ryzen 5 Hexa Core 5600H - (16 GB/512 GB SSD/Windows 11 Home/4 GB Graphics/NVIDIA GeForce RTX 3050/120 Hz) G15-5515 Gaming Laptop  (15.6 inch, Grey, 2.57 kg, With MS Office)",4.7,73990,AMD,Ryzen 5 Hexa Core,,5600H,3.2 GHz upto max turbo frequency at 4.4 Ghz,8.0,16,DDR4,,Yes,512 GB,,,NVIDIA GeForce RTX 3050,4 GB,GDDR6,39.62 cm (15.6 inch),1920 x 1080 Pixel,Full HD IPS Narrow 120Hz 250 nits 45%,120 Hz,Windows 11 Home,64 bit,2.57 kg,Upto 10 Hours
"ASUS VivoBook 14 (2021) Ryzen 5 Quad Core 3500U - (8 GB/512 GB SSD/Windows 11 Home) M415DA-EB712WS Thin and Light Laptop  (14 inch, Transparent Silver, 1.60 kg, With MS Office)",4.7,44990,AMD,Ryzen 5 Quad Core,,3500U,"Base Frequency 2.10 GHz, Max Turbo Boost Frequency Up to 3.7 GHz",,8,DDR4,,Yes,512 GB,,,AMD Radeon Vega 8,,,35.56 cm (14 inch),1920 x 1080 Pixel,"Full HD LED Backlit, IPS-level Panel, 250nits, 45% NTSC color gamut, Anti-glare display",,Windows 11 Home,32 bit,1.60 kg,
"ASUS VivoBook Flip 14 Core i3 11th Gen - (8 GB/256 GB SSD/Windows 11 Home) TP470EA-EC302WS 2 in 1 Laptop  (14 Inch, Indie Black, 1.50 kg, With MS Office)",,49990,Intel,Core i3,11th Gen,1115G4,4.1,2.0,8,LPDDR4X,,Yes,256 GB,,,Intel Integrated UHD Graphics,,,35.56 cm (14 Inch),1920 x 1080 Pixels,"FHD, IPS-level Panel (250nits Brightness, 45% NTSC color gamut)",,Windows 11 Home,64 bit,1.50 kg,
"ASUS VivoBook 15 (2021) Core i5 10th Gen - (8 GB/1 TB HDD/Windows 11 Home) X515JA-BQ501W Thin and Light Laptop  (15.6 inch, Transparent Silver, 1.80 kg)",3.1,42990,Intel,Core i5,10th Gen,1035G1,1.0 GHz upto max turbo frequency at 3.6 GHz,4.0,8,DDR4,,No,,1 TB,,Intel Integrated UHD,,,39.62 cm (15.6 inch),1920 x 1080 Pixel,"Full HD LED Backlit, IPS-level Panel, 250nits, 45% NTSC color gamut, Anti-glare display",,Windows 11 Home,64 bit,1.80 kg,
"ASUS Celeron Dual Core - (4 GB/128 GB SSD/Windows 11 Home) BR1100CKA-GJ0722W Laptop  (11.6 Inch, Star Grey, 1.26 Kg)",,24999,Intel,Celeron Dual Core,,N4500,2.8,2.0,4,DDR4,,Yes,128 GB,,,Intel Integrated UHD Graphics,,,29.46 cm (11.6 Inch),1366 x 768 Pixels,"HD, Anti-glare display ( Brightness 220nits, Color gamut NTSC: 45%)",,Windows 11 Home,64 bit,1.26 Kg,
"ASUS Celeron Dual Core - (4 GB/128 GB SSD/Windows 11 Home) BR1100FKA-BP1104W Laptop  (11.6 Inch, Star Grey, 1.40 Kg)",4.0,29990,Intel,Celeron Dual Core,,N4500,2.8,2.0,4,DDR4,,Yes,128 GB,,,Intel Integrated UHD Graphics,,,29.46 cm (11.6 Inch),1366 x 768 Pixels,"HD, Wide view ( Brightness 250 nits, Color gamut NTSC 50%)",,Windows 11 Home,64 bit,1.40 Kg,
"ASUS VivoBook K15 OLED Ryzen 7 Octa Core 5700U - (16 GB/512 GB SSD/Windows 11 Home) KM513UA-L711WS Thin and Light Laptop  (15.6 Inch, Hearty Gold, 1.80 Kg, With MS Office)",4.4,64990,AMD,Ryzen 7 Octa Core,,5700U,4.3,8.0,16,DDR4,,Yes,512 GB,,,AMD Radeon Radeon Graphics,,,39.62 cm (15.6 Inch),1920 x 1080 Pixels,"FHD, Glossy display (600 nits peak brightness, 100% DCI-P3 color gamut)",,Windows 11 Home,64 bit,1.80 Kg,
"ASUS VivoBook Flip 14 Core i5 11th Gen - (8 GB/512 GB SSD/Windows 11 Home) TP470EA-EC512WS 2 in 1 Laptop  (14 Inch, Indie Black, 1.50 Kg, With MS Office)",,63990,Intel,Core i5,11th Gen,1135G7,4.2,4.0,8,LPDDR4X,,Yes,512 GB,,,Intel Integrated Iris Xe Graphics,,,35.56 cm (14 Inch),1920 x 1080 Pixels,"FHD, IPS-level Panel (250 nits Brightness, 45% NTSC color gamut)",,Windows 11 Home,64 bit,1.50 Kg,
"ASUS VivoBook K15 OLED Ryzen 7 Octa Core 5700U - (16 GB/512 GB SSD/Windows 11 Home) KM513UA-L713WS Thin and Light Laptop  (15.6 Inch, Transparent Silver, 1.80 Kg, With MS Office)",4.4,64990,AMD,Ryzen 7 Octa Core,,5700U,4.3,8.0,16,DDR4,,Yes,512 GB,,,AMD Radeon Radeon Graphics,,,39.62 cm (15.6 Inch),1920 x 1080 Pixels,"FHD, Glossy display (600 nits peak brightness, 100% DCI-P3 color gamut)",,Windows 11 Home,64 bit,1.80 Kg,
"ASUS VivoBook 15 (2022) Celeron Quad Core - (4 GB/256 GB SSD/Windows 11 Home) X515MA-BR011W Thin and Light Laptop  (15.6 inch, Transparent Silver, 1.80 kg)",4.0,26990,Intel,Celeron Quad Core,,N4020,1.1 GHz upto max turbo frequency at 2.8 Ghz,2.0,4,DDR4,,Yes,256 GB,,,Intel Integrated UHD,,,39.62 cm (15.6 inch),1366 x 768 Pixel,"HD LED Backlit 200nits, 45% NTSC color gamut, Anti-glare display",,Windows 11 Home,64 bit,1.80 kg,
"ASUS VivoBook Flip 14 Core i3 11th Gen - (8 GB/512 GB SSD/Windows 11 Home) TP470EA-EC312WS 2 in 1 Laptop  (14 Inch, Indie Black, 1.50 kg, With MS Office)",,52990,Intel,Core i3,11th Gen,1115G4,4.1,2.0,8,LPDDR4X,,Yes,512 GB,,,Intel Integrated UHD Graphics,,,35.56 cm (14 Inch),1920 x 1080 Pixels,"FHD, IPS-level Panel (250nits Brightness, 45% NTSC color gamut)",,Windows 11 Home,64 bit,1.50 kg,
"ASUS VivoBook 15 (2021) Core i3 10th Gen - (8 GB/512 GB SSD/Windows 11 Home) X515JA-BQ322WS Thin and Light Laptop  (15.6 inch, Transparent Silver, 1.80 kg, With MS Office)",,38990,Intel,Core i3,10th Gen,1005G1,1.2 GHz upto max turbo frequency at 3.4 Ghz,2.0,8,DDR4,,Yes,512 GB,,,Intel Integrated UHD,,,39.62 cm (15.6 inch),1920 x 1080 Pixel,"Full HD LED Backlit, IPS-level Panel, 250nits, 45% NTSC color gamut, Anti-glare display",,Windows 11 Home,64 bit,1.80 kg,
"ASUS VivoBook 14 (2021) Ryzen 7 Quad Core 3700U - (16 GB/512 GB SSD/Windows 11 Home) M415DA-EB512WS Thin and Light Laptop  (14 inch, Transparent Silver, 1.60 kg, With MS Office)",4.7,52990,AMD,Ryzen 7 Quad Core,,3700U,2.1 GHz with Turbo Boost Upto 4 GHz,,16,DDR4,,Yes,512 GB,,,AMD Radeon RX Vega 10,,,35.56 cm (14 inch),1920 x 1080 Pixel,"Full HD LED Backlit, IPS-level Panel, 250nits, 45% NTSC color gamut, Anti-glare display",,Windows 11 Home,64 bit,1.60 kg,
"ASUS VivoBook 15 (2021) Core i3 11th Gen - (8 GB/1 TB HDD/Windows 11 Home) X515EA-BR391W Thin and Light Laptop  (15.6 inch, Slate Grey, 1.80 kg)",4.2,34990,Intel,Core i3,11th Gen,1115G4,"Base Frequency 3.00 GHz, Max Turbo Boost Frequency Up to 4.10 GHz",2.0,8,DDR4,,No,,1 TB,,Intel Integrated UHD,,,39.62 cm (15.6 inch),1366 x 768 Pixel,"HD LED Backlit 200nits, 45% NTSC color gamut, Anti-glare display",,Windows 11 Home,64 bit,1.80 kg,
"ASUS VivoBook 15 (2021) Core i3 11th Gen - (8 GB/1 TB HDD/256 GB SSD/Windows 11 Home) X515EA-EJ332WS Thin and Light Laptop  (15.6 inch, Transparent Silver, 1.80 kg, With MS Office)",4.2,40990,Intel,Core i3,11th Gen,1115G4,"Base Frequency 3.00 GHz, Max Turbo Boost Frequency Up to 4.10 GHz",2.0,8,DDR4,,Yes,256 GB,1 TB,,Intel Integrated UHD,,,39.62 cm (15.6 inch),1920 x 1080 Pixel,"Full HD LED Backlit, 200nits, 45% NTSC color gamut, Anti-glare display",,Windows 11 Home,64 bit,1.80 kg,
"HP Pavilion Ryzen 5 Hexa Core 5625U - (8 GB/512 GB SSD/Windows 11 Home) 15-eh2024AU Thin and Light Laptop  (15.6 Inch, Natural Silver, 1.75 Kg, With MS Office)",,61990,AMD,Ryzen 5 Hexa Core,,5625U,4.3,6.0,8,DDR4,3200 MHz,Yes,512 GB,,,AMD Radeon Radeon Graphics,,,39.62 cm (15.6 Inch),1920 x 1080 Pixels,"FHD, IPS, micro-edge, Bright view (Brightness: 250 nits, 141 ppi, Color Gamut: 45%NTSC)",,Windows 11 Home,64 bit,1.75 Kg,
"HP Envy Core i9 11th Gen - (32 GB/1 TB SSD/Windows 11 Pro/6 GB Graphics) 15-ep1087TX Laptop  (15.6 inch, Natural Silver, 2.14 kg, With MS Office)",,208190,Intel,Core i9,11th Gen,11900H,Max Turbo Frequency Upto 4.9 GHz,8.0,32,DDR4,,Yes,1 TB,,,NVIDIA GeForce RTX 3060,6 GB,GDDR6,39.62 cm (15.6 inch),3840 x 2160 Pixel,"4K Ultra HD, OLED, Multi-touch Enabled, UWVA, Edge-to-Edge Glass, Micro Edge, Low Blue Light, Flicker Free, Brightness: 400 nits, 282 ppi, Color Gamut: 100% DCI-P3",,Windows 11 Pro,64 bit,2.14 kg,No
"HP Chromebook Celeron Quad Core - (4 GB/64 GB EMMC Storage/Chrome OS) 14a-ca0504TU Thin and Light Laptop  (14 Inch, Forest Teal, 1.49 Kg)",3.7,27490,Intel,Celeron Quad Core,,N4020,2.8,2.0,4,LPDDR4,2400 MHz,No,,,64 GB,Intel Integrated UHD Graphics,,,35.56 cm (14 Inch),1366 x 768 Pixels,"HD, touch, micro-edge, BrightView, (Brightness: 220 nits, 112 ppi, Color Gamut: 45% NTSC)",,Chrome,64 bit,1.49 Kg,
"HP Chromebook Celeron Dual Core - (4 GB/64 GB EMMC Storage/Chrome OS) 14a-ca0506TU Thin and Light Laptop  (14 Inch, Mineral Silver, 1.49 Kg)",,27490,Intel,Celeron Dual Core,,N4020,2.8,2.0,4,LPDDR4,2400 MHz,No,,,64 GB,Intel Integrated UHD Graphics,,,35.56 cm (14 Inch),1366 x 768 Pixels,"HD, touch, micro-edge, BrightView (Brightness: 220 nits, 112 ppi, Color Gamut: 45% NTSC)",,Chrome,64 bit,1.49 Kg,
"HP Envy Core i7 11th Gen - (16 GB/1 TB SSD/Windows 11 Pro/4 GB Graphics) 15-ep1085TX Thin and Light Laptop  (15.6 Inch, Natural Silver, 2.14 Kg, With MS Office)",,163190,Intel,Core i7,11th Gen,11800H,4.6,8.0,16,DDR4,3200 MHz,Yes,1 TB,,,NVIDIA GeForce RTX RTX 3050,4 GB,GDDR6,39.62 cm (15.6 Inch),3840 x 2160 Pixels,"4K UHD, OLED, multitouch-enabled, UWVA, edge-to-edge glass, micro-edge, Low Blue Light, Flicker Free ( Brightness: 400 nits, 282 ppi, Color Gamut: 100% DCI-P3)",,Windows 11 Pro,64 bit,2.14 Kg,Up to 7 hours and 15 minutes
"HP Pavilion Ryzen 5 Hexa Core 5625U - (8 GB/512 GB SSD/Windows 11 Home) 14-EC1003AU Thin and Light Laptop  (14 Inch, Natural Silver, 1.41 Kg, With MS Office)",,54990,AMD,Ryzen 5 Hexa Core,,5625U,4.3,6.0,8,DDR4,3200 MHz,Yes,512 GB,,,AMD Radeon Radeon Graphics,,,35.56 cm (14 Inch),1920 x 1080 Pixels,"FHD,IPS, micro-edge, Brightview (Brightness: 250 nits, 157 ppi, Color Gamut: 45%NTSC)",,Windows 11 Home,64 bit,1.41 Kg,
"HP Pavilion Ryzen 5 Hexa Core 5625U - (8 GB/512 GB SSD/Windows 11 Home) 15-eh2018AU Thin and Light Laptop  (15.6 Inch, Natural Silver, 1.75 Kg, With MS Office)",,60190,AMD,Ryzen 5 Hexa Core,,5625U,4.3,6.0,8,DDR4,3200 MHz,Yes,512 GB,,,AMD Radeon Radeon Graphics,,,39.62 cm (15.6 Inch),1920 x 1080 Pixels,"FHD, IPS, micro-edge, Bright view (Brightness: 250 nits, 141 ppi, Color Gamut: 45%NTSC)",,Windows 11 Home,64 bit,1.75 Kg,
"HP Pavilion Ryzen 5 Hexa Core 5625U - (8 GB/512 GB SSD/Windows 11 Home) 15-eh2018AU Thin and Light Laptop  (15.6 Inch, Natural Silver, 1.75 Kg, With MS Office)",,60190,AMD,Ryzen 5 Hexa Core,,5625U,4.3,6.0,8,DDR4,3200 MHz,Yes,512 GB,,,AMD Radeon Radeon Graphics,,,39.62 cm (15.6 Inch),1920 x 1080 Pixels,"FHD, IPS, micro-edge, Bright view (Brightness: 250 nits, 141 ppi, Color Gamut: 45%NTSC)",,Windows 11 Home,64 bit,1.75 Kg,
"HP Pavilion Ryzen 5 Hexa Core 5625U - (8 GB/512 GB SSD/Windows 11 Home) 14-EC1003AU Thin and Light Laptop  (14 Inch, Natural Silver, 1.41 Kg, With MS Office)",,54990,AMD,Ryzen 5 Hexa Core,,5625U,4.3,6.0,8,DDR4,3200 MHz,Yes,512 GB,,,AMD Radeon Radeon Graphics,,,35.56 cm (14 Inch),1920 x 1080 Pixels,"FHD,IPS, micro-edge, Brightview (Brightness: 250 nits, 157 ppi, Color Gamut: 45%NTSC)",,Windows 11 Home,64 bit,1.41 Kg,
"HP Envy Core i7 11th Gen - (16 GB/1 TB SSD/Windows 11 Pro/4 GB Graphics) 15-ep1085TX Thin and Light Laptop  (15.6 Inch, Natural Silver, 2.14 Kg, With MS Office)",,163190,Intel,Core i7,11th Gen,11800H,4.6,8.0,16,DDR4,3200 MHz,Yes,1 TB,,,NVIDIA GeForce RTX RTX 3050,4 GB,GDDR6,39.62 cm (15.6 Inch),3840 x 2160 Pixels,"4K UHD, OLED, multitouch-enabled, UWVA, edge-to-edge glass, micro-edge, Low Blue Light, Flicker Free ( Brightness: 400 nits, 282 ppi, Color Gamut: 100% DCI-P3)",,Windows 11 Pro,64 bit,2.14 Kg,Up to 7 hours and 15 minutes
"DELL Inspiron 3000 Core i3 11th Gen - (8 GB/512 GB SSD/Windows 11 Home) 3511 Thin and Light Laptop  (15.6 Inch, Black, 1.8 Kgs, With MS Office)",3.8,44499,Intel,Core i3,11th Gen,1115G4,4.1,2.0,8,DDR4,2666 MHz,Yes,512 GB,,,Intel Integrated Intel UHD Graphics,,,39.62 cm (15.6 Inch),1920x 1080$$Pixels pixel,FHD WVA AG Narrow Border,,Windows 11 Home,64 bit,1.8 Kgs,Upto 7 hours
"ASUS Vivobook 15 Ryzen 7 Quad Core AMD R7-3700U - (16 GB/512 GB SSD/Windows 11 Home) M515DA-BQ722WS Laptop  (15.6 inch, Transparent Silver, 1.8 kg, With MS Office)",4.0,54890,AMD,Ryzen 7 Quad Core,,AMD R7-3700U,2.3 Ghz With Turbo Upto 4.0,4.0,16,DDR4,,Yes,512 GB,,,AMD Radeon Radeon RX Vega 10 Graphics,,,39.62 cm (15.6 inch),1920 x 1080$$Pixels pixel,"15.6-inch, FHD (1920 x 1080) 16:9 aspect ratio, IPS-level Panel, 250nits, 45% NTSC color gamut, Anti-glare display, Screen-to-body ratio: 83 ?",,Windows 11 Home,64 bit,1.8 kg,Upto 6 Hrs.
"ASUS ExpertBook Core i3 11th Gen - (4 GB/256 GB SSD/DOS) P1511CEA-BQ1758 Business Laptop  (15.6 inch, Slate Grey, 1.80 kg)",,35988,Intel,Core i3,11th Gen,Intel i3 1115G4,1.7 GHz with Turbo Boost Upto 4.1 GHz,2.0,4,DDR4,,Yes,256 GB,,,Intel Integrated HD,,,39.62 cm (15.6 inch),1920 x 1080$$Pixels pixel,FHD LED Backlit IPS Anti-glare Display,,DOS,64 bit,1.80 kg,4-5 Hrs
"Lenovo IdeaPad Gaming 3 Core i5 11th Gen - (8 GB/512 GB SSD/Windows 11 Home/4 GB Graphics/NVIDIA GeForce RTX 3050) 15IHU6 Gaming Laptop  (15.6 inch, Shadow Black, 2.25 kg, With MS Office)",,72990,Intel,Core i5,11th Gen,11300H,"Base Clock 3.10 GHz, Max Turbo Boost Frequency Up to 4.40 GHz",,8,DDR4,,Yes,512 GB,,,NVIDIA GeForce RTX 3050,4 GB,GDDR6,39.62 cm (15.6 inch),1920 x 1080 Pixel,"Full HD IPS 250nits Anti-glare, 120Hz, 45% NTSC, DC dimmer",,Windows 11 Home,64 bit,2.25 kg,Upto 8 Hours
"HP Pavilion x360 Convertible Core i3 11th Gen - (8 GB/512 GB SSD/Windows 11 Home) 14-dy0207TU Thin and Light Laptop  (14 inch, Natural Silver, 1.52 kg, With MS Office)",,55990,Intel,Core i3,11th Gen,1125G4,1.7 GHz upto max turbo frequency at 3.7 Ghz,4.0,8,DDR4,,Yes,512 GB,,,Intel Integrated UHD,,,35.56 cm (14 inch),1920 x 1080 Pixel,"Full HD, IPS, multitouch-enabled, Brightness: 250 nits, 157 ppi, Color Gamut: 45%NTSC",,Windows 11 Home,64 bit,1.52 kg,
"HP Snapdragon 7c Gen 2 - (8 GB/128 GB EMMC Storage/Windows 11 Home) 14-ed0007qu Laptop  (14 Inch, Natural Silver, 1.25 Kg, With MS Office)",,38990,Qualcomm,Snapdragon 7c Gen 2,,,2.4,8.0,8,LPDDR4X,4266 MHz,No,,,128 GB,Qualcomm Adreno Adreno 618 GPU,,DDR4,35.56 cm (14 Inch),1920 x 1080 Pixels,"FHD, IPS, micro-edge, BrightView (Brightness: 250 nits, 157 ppi, Color Gamut: 45%NTSC)",,Windows 11 Home,64 bit,1.25 Kg,
"Lenovo Ideapad Gaming 3 Ryzen 7 Octa Core 5800H - (16 GB/512 GB SSD/Windows 11 Home/4 GB Graphics/NVIDIA GeForce GTX 1650) 15ACH6 Gaming Laptop  (15.6 inch, Shadow Black, 2.25 kg)",,77990,AMD,Ryzen 7 Octa Core,,5800H,Base 3.2 GHz with Max Frequency Upto 4.4 GHz,8.0,16,DDR4,,Yes,512 GB,,,NVIDIA GeForce GTX 1650,4 GB,GDDR6,39.62 cm (15.6 inch),1920x1080 Pixel,"Full HD, IPS Display, 250nits, Anti-glare, 120 Hz, 45% NTSC",,Windows 11 Home,64 bit,2.25 kg,Upto 5 hours
"Lenovo IdeaPad Gaming 3 Ryzen 5 Hexa Core 5600H - (8 GB/512 GB SSD/Windows 11 Home/4 GB Graphics/NVIDIA GeForce RTX 3050) 15ACH6 Gaming Laptop  (15.6 inch, Shadow Black, 2.25 kg, With MS Office)",5.0,69990,AMD,Ryzen 5 Hexa Core,,5600H,3.3 GHz upto max turbo frequency at 4.2 Ghz,,8,DDR4,,Yes,512 GB,,,NVIDIA GeForce RTX 3050,4 GB,GDDR6,39.62 cm (15.6 inch),1920 x 1080 Pixel,"Full HD IPS 250nits Anti-glare, 120Hz, 45% NTSC, DC dimmer",,Windows 11 Home,64 bit,2.25 kg,Upto 5 Hours
"Lenovo IdeaPad Flex 5 Core i3 11th Gen - (8 GB/512 GB SSD/Windows 11 Home) 14ITL05 2 in 1 Laptop  (14 Inch, Graphite Grey, With MS Office)",,58990,Intel,Core i3,11th Gen,1115G4,1.7 GHz upto max turbo frequency at 4.1 Ghz,2.0,8,DDR4,,Yes,512 GB,,,Intel Integrated UHD,,,35.56 cm (14 Inch),1920 x 1080 Pixel,"FHD IPS 250nits Glossy, 45% NTSC, Touch",,Windows 11 Home,64 bit,,Upto 11 hours
"Lenovo IdeaPad 1 Celeron Dual Core - (4 GB/256 GB SSD/Windows 11 Home) 11IGL05 Thin and Light Laptop  (11.6 Inch, Platinum Grey, With MS Office)",3.7,23990,Intel,Celeron Dual Core,,N4020,1.1 GHz upto max turbo frequency at 2.8 Ghz,2.0,4,DDR4,,Yes,256 GB,,,Intel Integrated UHD,,,29.46 cm (11.6 Inch),1366 x 768 Pixel,"HD TN 250nits Anti-glare, 45% NTSC",,Windows 11 Home,64 bit,,Upto 8 hours
"HP Pavilion x360 Convertible Core i7 11th Gen - (16 GB/512 GB SSD/Windows 11 Home) 14-dy1047TU Thin and Light Laptop  (14 inch, Natural Silver, 1.52 kg, With MS Office)",,87990,Intel,Core i7,11th Gen,1195G7,2.9 GHz upto max turbo frequency at 5 GHz,4.0,16,DDR4,,Yes,512 GB,,,Intel Integrated Iris Xe Graphics,,,35.56 cm (14 inch),1920 x 1080 Pixel,"Full HD, IPS, multitouch-enabled, Brightness: 250 nits, 157 ppi, Color Gamut: 45%NTSC",,Windows 11 Home,64 bit,1.52 kg,
"Lenovo IdeaPad Flex 5 Ryzen 5 Hexa Core 5500U - (8 GB/512 GB SSD/Windows 11 Home) 14ALC05 2 in 1 Laptop  (14 Inch, Graphite Grey, With MS Office)",,57990,AMD,Ryzen 5 Hexa Core,,5500U,2.1 GHz with Max Turbo Boost Frequency Up to 4.0 GHz,6.0,8,DDR4,,Yes,512 GB,,,AMD Radeon AMD,,,35.56 cm (14 Inch),1920 x 1080 Pixel,"FHD IPS 250nits Glossy, 45% NTSC, Touch",,Windows 11 Home,64 bit,,Upto 12 hours
"Lenovo IdeaPad 3 Core i3 11th Gen - (8 GB/512 GB SSD/Windows 11 Home) 14ITL6 Thin and Light Laptop  (14 Inch, Arctic Grey, With MS Office)",4.6,42990,Intel,Core i3,11th Gen,1115G4,1.7 GHz upto max turbo frequency at 4.1 Ghz,2.0,8,DDR4,,Yes,512 GB,,,Intel Integrated UHD,,,35.56 cm (14 Inch),1920 x 1080 Pixel,"FHD IPS 300nits Anti-glare, 45% NTSC",,Windows 11 Home,64 bit,,Upto 12 hours
"HP Pavilion x360 Convertible Core i5 11th Gen - (16 GB/512 GB SSD/Windows 11 Home) 14-dy1048TU Thin and Light Laptop  (14 inch, Natural Silver, 1.52 kg, With MS Office)",,75190,Intel,Core i5,11th Gen,1155G7,2.5 GHz upto max turbo frequency at 4.5 Ghz,4.0,16,DDR4,,Yes,512 GB,,,Intel Integrated Iris Xe Graphics,,,35.56 cm (14 inch),1920 x 1080 Pixel,"Full HD, IPS, multitouch-enabled, Brightness: 250 nits, 157 ppi, Color Gamut: 45%NTSC",,Windows 11 Home,64 bit,1.52 kg,
"Lenovo Yoga 7 Core i7 11th Gen - (16 GB/512 GB SSD/Windows 11 Home) 14ITL5 2 in 1 Laptop  (14 Inch, Slate Grey, With MS Office)",,99990,Intel,Core i7,11th Gen,1165G7,2.8 GHz upto max turbo frequency at 4.7 Ghz,4.0,16,DDR4,,Yes,512 GB,,,Intel Integrated Iris Xe,,,35.56 cm (14 Inch),1920 x 1080 Pixel,"FHD IPS 300nits Glossy, 72% NTSC, AGC",,Windows 11 Home,64 bit,,Upto 18.3 hours
"DELL Inspiron Ryzen 5 Dual Core 3450U - (8 GB/512 GB SSD/Windows 11 Home) INSPIRON 3515 Thin and Light Laptop  (15.6 Inch, Carbon Black, 1.8 kg, With MS Office)",,46790,AMD,Ryzen 5 Dual Core,,3450U,Base 2.1 GHz Upto Max Turbo Frequency at 3.5 GHz,2.0,8,DDR4,2666 MHz,Yes,512 GB,,,AMD Radeon Vega Graphics,,,39.62 cm (15.6 Inch),1920 x 1080 Pixel,Full HD WVA AG Narrow Border,,Windows 11 Home,64 bit,1.8 kg,Upto 7 hours
"DELL Vostro Core i3 10th Gen - (8 GB/512 GB SSD/Windows 11 Home) vostro 3510 icl Thin and Light Laptop  (15.6 inch, Titan Gray, 1.8 Kg, With MS Office)",3.9,40990,Intel,Core i3,10th Gen,1005G1,1.2 GHz Upto Max Turbo Frequency at 3.4 GHz,2.0,8,DDR4,2666 MHz,Yes,512 GB,,,Intel Integrated UHD,,,39.62 cm (15.6 inch),1920 x 1080 Pixel,FHD WVA AG Narrow Border,,Windows 11 Home,64 bit,1.8 Kg,Upto 10 Hours
"HP Core i3 11th Gen - (8 GB/512 GB SSD/Windows 10 Home) 14s-dq2606tu Thin and Light Laptop  (14 Inch, Natural Silver, 1.46 Kg, With MS Office)",4.3,42990,Intel,Core i3,11th Gen,,3.7,4.0,8,DDR4,2666 MHz,Yes,512 GB,,,Intel Integrated UHD Graphics,,,35.56 cm (14 Inch),1920 x 1080 Pixels,"FHD,IPS,micro-edge, BrightView (Brightness: 250 nits, 157 ppi, Color Gamut: 45%NTSC)",,Windows 10 Home,64 bit,1.46 Kg,
"DELL Ryzen 3 Dual Core 3250U - (8 GB/512 GB SSD/Windows 11 Home) INSPIRON 3515 Thin and Light Laptop  (15.6 inch, Carbon Black, 1.8 kg, With MS Office)",4.1,40990,AMD,Ryzen 3 Dual Core,,3250U,2.6 GHz upto max turbo frequency at 3.5 Ghz,2.0,8,DDR4,2666 MHz,Yes,512 GB,,,AMD Radeon AMD,,,39.62 cm (15.6 inch),1920 x 1080 Pixel,Full HD WVA AG Narrow Border,,Windows 11 Home,64 bit,1.8 kg,Upto 7 hours
"DELL Core i3 10th Gen - (8 GB/1 TB HDD/256 GB SSD/Windows 11 Home) Vostro 3510 Thin and Light Laptop  (15.6 inch, Titan Gray, 1.8 kg, With MS Office)",4.2,40990,Intel,Core i3,10th Gen,1005G1,1.2 GHz upto max turbo frequency at 3.4 Ghz,,8,DDR4,,Yes,256 GB,1 TB,,Intel Integrated UHD,,,39.62 cm (15.6 inch),1920 x 1080 Pixel,Full HD WVA AG Narrow Border,,Windows 11 Home,64 bit,1.8 kg,Upto 10 Hours
"HP OMEN Core i7 12th Gen - (16 GB/1 TB SSD/Windows 11 Home/6 GB Graphics) 16-B1361TX Laptop  (16.1 inch, Shadow Black, 2.32 kg, With MS Office)",,155490,Intel,Core i7,12th Gen,12700H,Max Turbo Frequency Upto 4.7 GHz,14.0,16,DDR5,,Yes,1 TB,,,NVIDIA GeForce RTX 3060,6 GB,GDDR6,40.89 cm (16.1 inch),1920 x 1080 Pixel,"Full HD, 144 Hz, 7 ms Response Time, IPS, Micro Edge, Anti-glare, Low Blue Light, Brightness: 300 nits, 137 ppi , Color Gamut: 100% sRGB",,Windows 11 Home,64 bit,2.32 kg,
"ASUS Commercial Series Core i3 10th Gen - (4 GB/256 GB SSD/Windows 10 Home) P2451FA Business Laptop  (14 inch, Black)",,38990,Intel,Core i3,10th Gen,,,,4,DDR4,,Yes,256 GB,,,Intel Integrated Intel UHD,,,35.56 cm (14 inch),1366 x 768$$Pixels pixel,,60 Hz,Windows 10 Home,,,4 hours
"HP OMEN Ryzen 7 Octa Core 5800H - (16 GB/512 GB SSD/Windows 11 Home/4 GB Graphics/NVIDIA GeForce RTX 3050Ti) 16-C0138AX Gaming Laptop  (16.1 Inch, Mica Silver, 2.32 Kg, With MS Office)",,104490,AMD,Ryzen 7 Octa Core,,5800H,4.4,8.0,16,DDR4,3200 MHz,Yes,512 GB,,,NVIDIA GeForce RTX 3050Ti,4 GB,GDDR6,40.89 cm (16.1 Inch),1920 x 1080 Pixels,"FHD, IPS, micro-edge, anti-glare, Low Blue Light (Brightness: 300 nits, 137 ppi, Color Gamut: 100% Srgb)",,Windows 11 Home,64 bit,2.32 Kg,
"HP OMEN Ryzen 7 Octa Core 5800H - (16 GB/1 TB SSD/Windows 11 Home/AMD Radeon RX 6600M) 16-C0140AX Gaming Laptop  (16.1 inch, Mica Silver, 2.32 Kg, With MS Office)",,125500,AMD,Ryzen 7 Octa Core,,5800H,"Base Clock 3.2 GHz, Max Turbo Boost Frequency Up to 4.40 GHz",8.0,16,DDR4,,Yes,1 TB,,,AMD Radeon RX 6600M,,,40.89 cm (16.1 inch),1920 x 1080 Pixel,"Full HD, 144 Hz, 7 ms response time, IPS, micro-edge, anti-glare, Low Blue Light, Brightness: 300 nits, 137 ppi, Color Gamut: 100% Srgb",,Windows 11 Home,64 bit,2.32 Kg,
"HP Core i3 11th Gen - (8 GB/1 TB HDD/Windows 11 Home) 250 G8 Laptop  (15.6 inch, Dark Ash)",,40699,Intel,Core i3,11th Gen,,,,8,DDR4,,No,,1 TB,,Intel Integrated,,,39.62 cm (15.6 inch),1366 x 768 pixel,,,Windows 11 Home,,,UPTO 6 HRS
"HP Ryzen 3 Dual Core - (8 GB/1 TB HDD/Windows 11 Home) 255 G8 Laptop  (15.6 inch, Dark Ash)",4.1,37990,AMD,Ryzen 3 Dual Core,,,,,8,DDR4,,No,,1 TB,,AMD Radeon,,,39.62 cm (15.6 inch),1366 x 768 pixel,,,Windows 11 Home,,,UPTO 6 HRS
"ASUS ROG Strix G15 Ryzen 7 Octa Core 4800H - (8 GB/512 GB SSD/Windows 11 Home/4 GB Graphics/NVIDIA GeForce RTX RTX 3050/144 Hz) G513IC-HN025W Gaming Laptop  (15.6 Inch, Eclipse Gray, 2.10 Kg)",4.6,83990,AMD,Ryzen 7 Octa Core,,4800H,4.2,8.0,8,DDR4,,Yes,512 GB,,,NVIDIA GeForce RTX RTX 3050,4 GB,GDDR6,39.62 cm (15.6 Inch),1920 x 1080 Pixels,"FHD (Brightness 250nits, NTSC % 45%, SRGB % 62.5%)",144 Hz,Windows 11 Home,64 bit,2.10 Kg,
"ASUS TUF Gaming F15 Core i5 10th Gen - (8 GB/512 GB SSD/Windows 11 Home/4 GB Graphics/NVIDIA GeForce GTX GTX 1650/144 Hz) FX506LH-HN258WS Gaming Laptop  (15.6 Inch, Black Plastic, 2.30 Kg, With MS Office)",4.5,61986,Intel,Core i5,10th Gen,10300H,4.5,4.0,8,DDR4,,Yes,512 GB,,,NVIDIA GeForce GTX GTX 1650,4 GB,GDDR6,39.62 cm (15.6 Inch),1920 x 1080 Pixels pixel,"FHD, Value IPS-level, anti-glare display (250nits Brightness, 62.5% SRGB)",144 Hz,Windows 11 Home,64 bit,2.30 Kg,
"HP Core i3 11th Gen - (8 GB/512 GB SSD/Windows 11 Home) 250 G8 Laptop  (15.6 inch, Dark Ash)",,43199,Intel,Core i3,11th Gen,,,,8,DDR4,,Yes,512 GB,,,Intel Integrated,,,39.62 cm (15.6 inch),1920 x 1080 pixel,,,Windows 11 Home,,,UPTO 6 HRS
"ASUS Ryzen 7 Octa Core 5800HS - (16 GB/1 TB SSD/Windows 11 Home/4 GB Graphics/NVIDIA GeForce RTX GeForce RTX 3050) GA401QC-K2188WS Gaming Laptop  (14 Inch, Eclipse Gray, 1.60 Kg, With MS Office)",,114990,AMD,Ryzen 7 Octa Core,,5800HS,4.4,8.0,16,DDR4,3200 MHz,Yes,1 TB,,,NVIDIA GeForce RTX GeForce RTX 3050,4 GB,GDDR6,35.56 cm (14 Inch),2560 x 1440 Pixels,"WQHD, IPS-level (Brightness 300, DCI-P3 % 100%)",,Windows 11 Home,64 bit,1.60 Kg,
"ASUS Ryzen 7 Octa Core 6800H - (16 GB/1 TB SSD/Windows 11 Home/6 GB Graphics/NVIDIA GeForce RTX RTX 3060/144 Hz) FA777RM-HX019W Gaming Laptop  (17.3 Inch, Jaeger Gray, 2.60 Kg)",,133990,AMD,Ryzen 7 Octa Core,,6800H,4.7,8.0,16,DDR5,4800 MHz,Yes,1 TB,,,NVIDIA GeForce RTX RTX 3060,6 GB,GDDR6,43.94 cm (17.3 Inch),1920 x 1080 Pixels,"FHD, Value IPS-level (Brightness 250, NTSC 45%, SRGB 62.50%)",144 Hz,Windows 11 Home,64 bit,2.60 Kg,
"HP Celeron Dual Core - (8 GB/256 GB SSD/Windows 11 Home) 14s-dq3032tu Thin and Light Laptop  (14 inch, Jet Black, 1.46 kg, With MS Office)",3.9,32990,Intel,Celeron Dual Core,,N4500,1.10 GHz with Max Turbo Boost Frequency Up to 2.80 GHz,2.0,8,DDR4,,Yes,256 GB,,,Intel Integrated UHD,,,35.56 cm (14 inch),1366 x 768 Pixel,"HD micro-edge, BrightView, Brightness: 250 nits, 112 ppi, Color Gamut: 45%NTSC",,Windows 11 Home,64 bit,1.46 kg,
"Lenovo Yoga 6 Ryzen 7 Octa Core 5700U - (16 GB/512 GB SSD/Windows 11 Home) 13ALC6 2 in 1 Laptop  (13.3 inch, Abyss Blue, 1.32 Kg, With MS Office)",,79998,AMD,Ryzen 7 Octa Core,,5700U,1.8 GHz with Turbo Boost Upto 4.3 GHz,8.0,16,DDR4,,Yes,512 GB,,,AMD Radeon,,,33.78 cm (13.3 inch),1920 x 1080 Pixels,"Full HD IPS Glossy Touch Display (300 nits Brightness, 72% NTSC Color Gamut)",,Windows 11 Home,64 bit,1.32 Kg,Upto 13
"ASUS Pentium Quad Core 10th Gen - (4 GB/128 GB SSD/128 GB EMMC Storage/Windows 11 Home) T3300KA-LQ121WS 2 in 1 Laptop  (13.3 inch, Black, With MS Office)",,54100,Intel,Pentium Quad Core,10th Gen,,,,4,DDR4,,No,128 GB,,128 GB,Intel Integrated intel hd,,DDR4,33.78 cm (13.3 inch),1920 x 1080$$Pixels pixel,,,Windows 11 Home,,,3 Hours
"ASUS Core i7 11th Gen - (16 GB/512 GB SSD/4 GB EMMC Storage/Windows 10 Home/4 GB Graphics/NVIDIA GeForce RTX NVIDIA GeForce RTX 3050) FX706HCB-HX193T Gaming Laptop  (17.3 inch, Black)",,95990,Intel,Core i7,11th Gen,,,,16,DDR4,,Yes,512 GB,,4 GB,NVIDIA GeForce RTX NVIDIA GeForce RTX 3050,4 GB,GDDR6,43.94 cm (17.3 inch),1920 x 1080$$Pixels pixel,,,Windows 10 Home,,,3 hours
"HP ProBook Core i5 11th Gen - (8 GB/512 GB SSD/Windows 10 Pro) 450 G8 Laptop  (15.6 inch, Pike Silver Aluminum)",,89251,Intel,Core i5,11th Gen,,,,8,DDR4,,Yes,512 GB,,,Intel Integrated,,,39.62 cm (15.6 inch),1366 x 768 pixel,,,Windows 10 Pro,,,UPTO 6 HRS
"MSI Raider GE66 Core i7 12th Gen - (16 GB/1 TB SSD/Windows 11 Home/8 GB Graphics/NVIDIA GeForce RTX 3070 Ti) Raider GE66 12UGS-096IN Gaming Laptop  (15.6 inch, Titanium Blue, 2.38 kg)",,259990,Intel,Core i7,12th Gen,12700H,3.0 GHz upto max turbo frequency at 4.7 GHz,,16,DDR5,,Yes,1 TB,,,NVIDIA GeForce RTX 3070 Ti,8 GB,GDDR6,39.62 cm (15.6 inch),2560 x 1440 Pixel,"Quad HD, 240 Hz (DCI-P3 100% typical)",,Windows 11 Home,64 bit,2.38 kg,
"MSI Core i7 12th Gen - (16 GB/1 TB SSD/Windows 11 Home/8 GB Graphics/NVIDIA GeForce RTX 3070) Crosshair 15 Rainbow Six Extraction Edition B12UGZ-032IN Gaming Laptop  (15.6 inch, Black, 2.47 kg)",,179990,Intel,Core i7,12th Gen,12700H,3.0 GHz upto max turbo frequency at 4.7 GHz,,16,DDR4,,Yes,1 TB,,,NVIDIA GeForce RTX 3070,8 GB,GDDR6,39.62 cm (15.6 inch),2560 x 1440 Pixel,QHD 165Hz DCI-P3 100% typical,,Windows 11 Home,64 bit,2.47 kg,
"SAMSUNG Galaxy Book Go Snapdragon 7c Gen 2 - (4 GB/128 GB EMMC Storage/Windows 11 Home) NP340XLA-KA1IN Thin and Light Laptop  (14 Inch, Silver, 1.38 Kg, With MS Office)",4.8,36990,Qualcomm,Snapdragon 7c Gen 2,,,Up to 2.55 GHz,,4,LPDDR4X,,No,,,128 GB,Qualcomm Adreno Adreno,,,35.56 cm (14 Inch),1920 x 1080 Pixel,Full HD TFT LED Display,,Windows 11 Home,,1.38 Kg,16 Hours Video Play
"acer Predator Helios 300 Core i9 11th Gen - (16 GB/1 TB SSD/Windows 11 Home/6 GB Graphics/NVIDIA GeForce RTX 3060/360 Hz) PH315-54 Gaming Laptop  (15.6 Inch, Abyssal Black, 2.3 Kg)",,144990,Intel,Core i9,11th Gen,11900H,5.20,8.0,16,DDR4,3200 MHz,Yes,1 TB,,,NVIDIA GeForce RTX 3060,6 GB,GDDR6,39.62 cm (15.6 Inch),1920 x 1080 Pixels,"15.6"" display with IPS (In-Plane Switching) technology, Full HD 1920 x 1080, high-brightness (300 nits) Acer ComfyView LED-backlit TFT LCD, supporting 360 Hz, 3 ms Overdrive, sRGB 100%",360 Hz,Windows 11 Home,64 bit,2.3 Kg,
"Lenovo Core i5 10th Gen - (4 GB/1 TB HDD/DOS) V14 IIL Laptop  (14 inch, Grey)",,47499,Intel,Core i5,10th Gen,,,,4,DDR4,,No,,1 TB,,NA INTEGRATED_GRAPHICS,,,35.56 cm (14 inch),?1366 x 768 (HD Ready) pixel,,,DOS,,,?5.5 Hours
"HP OMEN Core i7 11th Gen - (16 GB/1 TB SSD/Windows 11 Home/4 GB Graphics/NVIDIA GeForce RTX RTX 3050Ti) 16-B0352TX Gaming Laptop  (16.1 Inch, Shadow Black, 2.32 Kg, With MS Office)",,118990,Intel,Core i7,11th Gen,11800H,4.6,8.0,16,DDR4,3200 MHz,Yes,1 TB,,,NVIDIA GeForce RTX RTX 3050Ti,4 GB,GDDR6,40.89 cm (16.1 Inch),1920 x 1080 Pixels,"FHD, IPS, micro-edge, anti-glare, Low Blue Light, (Brightness: 300 nits, 137 ppi, Color Gamut: 100% sRGB)",,Windows 11 Home,64 bit,2.32 Kg,
"HP OMEN Core i7 11th Gen - (16 GB/1 TB SSD/Windows 11 Home/4 GB Graphics/NVIDIA GeForce RTX RTX 3050) 16-B0351TX Gaming Laptop  (16.1 Inch, Shadow Black, 2.32 Kg, With MS Office)",,116990,Intel,Core i7,11th Gen,11800H,4.6,8.0,16,DDR4,3200 MHz,Yes,1 TB,,,NVIDIA GeForce RTX RTX 3050,4 GB,GDDR6,40.89 cm (16.1 Inch),1920 x 1080 Pixel,"FHD, IPS, micro-edge, anti-glare, Low Blue Light (Brightness: 300 nits, 137 ppi, Color Gamut: 100% sRGB)",,Windows 11 Home,64 bit,2.32 Kg,
"ASUS Asus Vivobook 15 Pentium Quad Core - (4 GB/1 TB HDD/Windows 11 Home) X515MA-BR101W Laptop  (15.6 inch, Transparent Silver, 1.8 kg)",3.7,29940,Intel,Pentium Quad Core,,PQC N5030,1.1 Ghz With Turbo Upto 3.1,4.0,4,DDR4,,No,,1 TB,,Intel Integrated Intel UHD,,,39.62 cm (15.6 inch),1366 x 768 pixel,"15.6-inch, HD (1366 x 768) 16:9 aspect ratio, 200nits, 45% NTSC color gamut for non-OLED, Anti-glare display, Screen-to-body ratio: 83 ?",,Windows 11 Home,64 bit,1.8 kg,Upto 6 Hrs.
"MSI Sword 15 Core i7 11th Gen - (8 GB/512 GB SSD/Windows 10 Home/4 GB Graphics/NVIDIA GeForce RTX 3050/144 Hz) 15 A11UC-891IN Gaming Laptop  (15.6 inch, White, 2.25 kg)",,86990,Intel,Core i7,11th Gen,Intel Core i7-11800H,2.3 Ghz to 4.60 GHz,8.0,8,DDR4,3200 MHz,Yes,512 GB,,,NVIDIA GeForce RTX 3050,4 GB,GDDR6,39.62 cm (15.6 inch),1920 x 1080$$Pixels pixel,Full HD IPS Display (45% NTSC Color Gamut),144 Hz,Windows 10 Home,64 bit,2.25 kg,3-4 Hrs
"HP Ryzen 5 Quad Core - (8 GB/512 GB SSD/Windows 10 Home) 15s-gr0500AU Laptop  (15.6 inch, Natural Silver, With MS Office)",,52380,AMD,Ryzen 5 Quad Core,,,,,8,DDR4,,Yes,512 GB,,,AMD Radeon AMD,,,39.62 cm (15.6 inch),1920 x 1080 pixel,,,Windows 10 Home,,,upto 6 hours
"HP Core i3 10th Gen - (8 GB/512 GB SSD/Windows 10 Pro) 240 G8 Laptop  (14 inch, Black)",,53499,Intel,Core i3,10th Gen,,,,8,DDR4,,Yes,512 GB,,,Intel Integrated,,,35.56 cm (14 inch),1920x1080 pixel,,,Windows 10 Pro,,,UPTO 6 HRS
"ASUS Vivobook Ultra K15 Core i3 11th Gen - (8 GB/256 GB SSD/Windows 11 Home) K513EA-L303WS K513E Thin and Light Laptop  (15.6 inch, Transparent Silver, 1.8 kg, With MS Office)",,48990,Intel,Core i3,11th Gen,i3-1115G4,3.0 Ghz With Turbo Upto 4.10,2.0,8,DDR4,3200 MHz,Yes,256 GB,,,Intel Integrated Intel UHD,,,39.62 cm (15.6 inch),1920 x 1080 pixel,"15.6-inch, FHD (1920 x 1080) OLED 16:9 aspect ratio, LED Backlit, 0.2ms response time, 600nits peak brightness, 100% DCI-P3 color gamut, 1,000,000:1, VESA CERTIFIED Display HDR True Black 600, 1.07 billion colors,",,Windows 11 Home,64 bit,1.8 kg,Upto 6 Hrs.
"ASUS Vivobook 11 Celeron Dual Core - (4 GB/128 GB EMMC Storage/Windows 11 Home) E210MA-GJ001W Thin and Light Laptop  (11.6 inch, Peacock Blue, 1.05 kg)",,26800,Intel,Celeron Dual Core,,Celeron N4020,"1.1 GHz (4M Cache, up to 2.8 GHz, 2 cores)",2.0,4,DDR4,,No,,,128 GB,Intel Integrated Intel® UHD Graphics 600,,,29.46 cm (11.6 inch),1366 x 768 pixel,"11.6-inch, HD (1366 x 768) 16:9 aspect ratio, 45% NTSC color gamut, Anti-glare display, Screen-to-body ratio: 73 ?",,Windows 11 Home,64 bit,1.05 kg,Upto 8 Hrs.
"ASUS Core i3 11th Gen - (8 GB/256 GB SSD/Windows 11 Home) K513EA-L303WS Laptop  (15.6 inch, Silver, With MS Office)",,46800,Intel,Core i3,11th Gen,,,,8,DDR4,,Yes,256 GB,,,Intel Integrated intel hd,,DDR4,39.62 cm (15.6 inch),1920 x 1080 pixel,,,Windows 11 Home,,,3 Hours
"ASUS VivoBook K15 OLED Ryzen 5 Hexa Core 5500U - (16 GB/512 GB SSD/Windows 11 Home) KM513UA-L513WS Thin and Light Laptop  (15.6 Inch, Transparent Silver, 1.80 Kg, With MS Office)",4.7,61990,AMD,Ryzen 5 Hexa Core,,5500U,4.0,6.0,16,DDR4,,Yes,512 GB,,,AMD Radeon Radeon Graphics,,,39.62 cm (15.6 Inch),1920 x 1080 Pixels,"FHD, Glossy display (600 nits peak brightness, 100% DCI-P3 color gamut)",,Windows 11 Home,64 bit,1.80 Kg,
"ASUS VivoBook K15 OLED (2021) Ryzen 5 Hexa Core 5500U - (16 GB/512 GB SSD/Windows 11 Home) KM513UA-L511WS Thin and Light Laptop  (15.6 inch, Hearty Gold, 1.80 kg, With MS Office)",4.7,61990,AMD,Ryzen 5 Hexa Core,,5500U,2.1 GHz with Max Turbo Boost Frequency Up to 4.0 GHz,6.0,16,DDR4,,Yes,512 GB,,,AMD Radeon AMD,,,39.62 cm (15.6 inch),1920 x 1080 Pixel,"Full HD OLED (0.2ms response time, 600nits peak brightness, 100% DCI-P3 color gamut, VESA CERTIFIED Display HDR True Black 600, 1.07 billion colors, Glossy display)",,Windows 11 Home,64 bit,1.80 kg,
"ASUS EeeBook 12 Celeron Dual Core - (4 GB/64 GB EMMC Storage/Windows 11 Home) E210MA-GJ012W Thin and Light Laptop  (11.6 Inch, Star Black, 1.05 Kg)",,21990,Intel,Celeron Dual Core,,N4020,2.8,2.0,4,DDR4,,No,,,64 GB,Intel Integrated UHD Graphics 600,,,29.46 cm (11.6 Inch),1366 x 768 Pixels,"HD, Anti-glare display (Brightness 200nits, 45% NTSC color gamut)",,Windows 11 Home,64 bit,1.05 Kg,
"ASUS VivoBook 15 (2021) Core i3 10th Gen - (8 GB/1 TB HDD/Windows 11 Home) X515JA-BQ302W Thin and Light Laptop  (15.6 inch, Transparent Silver, 1.80 kg)",2.8,31990,Intel,Core i3,10th Gen,1005G1,1.2 GHz upto max turbo frequency at 3.4 Ghz,2.0,8,DDR4,,No,,1 TB,,Intel Integrated UHD,,,39.62 cm (15.6 inch),1920 x 1080 Pixel,"Full HD LED Backlit, IPS-level Panel, 250nits, 45% NTSC color gamut, Anti-glare display",,Windows 11 Home,64 bit,1.80 kg,
"ASUS EeeBook 12 Celeron Dual Core - (4 GB/64 GB EMMC Storage/Windows 11 Home) E210MA-GJ011W Thin and Light Laptop  (11.6 Inch, Peacock Blue, 1.05 kg)",4.2,21990,Intel,Celeron Dual Core,,N4020,2.8,2.0,4,DDR4,,No,,,64 GB,Intel Integrated UHD Graphics 600,,,29.46 cm (11.6 Inch),1366 x 768 Pixels,"HD,Anti-glare display (Brightness 200nits, 45% NTSC color gamut)",,Windows 11 Home,64 bit,1.05 kg,
"ASUS EeeBook 14 Pentium Silver - (8 GB/256 GB SSD/Windows 11 Home) E410KA-BV103WS Thin and Light Laptop  (14 Inch, Star Black, 1.30 kg, With MS Office)",4.1,31990,Intel,Pentium Silver,,N6000,3.3,4.0,8,DDR4,,Yes,256 GB,,,Intel Integrated Intel HD Graphics,,,35.56 cm (14 Inch),1366 x 768 Pixels,"HD, Anti-glare display (Brightness 200 nits, 45% NTSC color gamut)",,Windows 11 Home,64 bit,1.30 kg,
"ASUS ZenBook Duo 14 (2021) Touch Panel Core i5 11th Gen - (16 GB/512 GB SSD/Windows 11 Home/2 GB Graphics) UX482EG-KA521WS Thin and Light Laptop  (14 inch, Celestial Blue, 1.62 kg, With MS Office)",,114990,Intel,Core i5,11th Gen,1135G7,"Base Frequency 2.40 GHz, Max Turbo Boost Frequency Up to 4.20 GHz",4.0,16,LPDDR4X,,Yes,512 GB,,,NVIDIA GeForce MX450,2 GB,GDDR6,35.56 cm (14 inch),1920 x 1080 Pixel,"Full HD LED Backlit, IPS-level Panel, 400nits, 100% sRGB Color Gamut, PANTONE Validated, Anti-glare display",,Windows 11 Home,64 bit,1.62 kg,
"ASUS ROG Strix G15 (2022) Ryzen 7 Octa Core 6800H - (16 GB/1 TB SSD/Windows 11 Home/4 GB Graphics/NVIDIA GeForce RTX 3050) G513RC-HN084WS Gaming Laptop  (15.6 Inch, Volt Green, 2.10 kg, With MS Office)",,114990,AMD,Ryzen 7 Octa Core,,6800H,Max Boost Frequency Upto 4.7 GHz,8.0,16,DDR5,4800 MHz,Yes,1 TB,,,NVIDIA GeForce RTX 3050,4 GB,GDDR6,39.62 cm (15.6 Inch),1920 x 1080 Pixel,"Full HD, Value IPS level, Anti Glare Display, Refresh Rate: 144 Hz, 16:9, Viewing Angle: 170 Degree, Brightness: 250 nits, 1:1000 Contrast, 45% NTSC, 62.5% SRGB, 47.34% Adobe, Adaptive-Sync Technology",,Windows 11 Home,,2.10 kg,
"ASUS ROG Strix SCAR 15 (2022) Core i9 12th Gen - (32 GB/1 TB SSD/Windows 11 Home/16 GB Graphics/NVIDIA GeForce RTX 3080 Ti) G533ZX-LN024WS Gaming Laptop  (15.6 inch, Off Black, 2.30 Kg, With MS Office)",,301990,Intel,Core i9,12th Gen,12900H,2.5 GHz upto max turbo frequency at 5.0 Ghz,14.0,32,DDR5,,Yes,1 TB,,,NVIDIA GeForce RTX 3080 Ti,16 GB,GDDR6,39.62 cm (15.6 inch),2560 x 1440 Pixel,"WQHD Refresh Rate 240Hz, Response Time (G2G) 3ms, Viewing Angle 85/85/85/85, IPS-level, Brightness 300, Anti-glare display",,Windows 11 Home,64 bit,2.30 Kg,
"ASUS ROG Strix G15 (2022) Ryzen 7 Octa Core - (16 GB/512 GB SSD/Windows 11 Home/4 GB Graphics/NVIDIA GeForce RTX 3050) G513RC-HN063W Gaming Laptop  (15.6 Inch, Electro Punk, 2.10 kg)",,113990,AMD,Ryzen 7 Octa Core,,,Max Boost Frequency Upto 4.7 GHz,8.0,16,DDR5,4800 MHz,Yes,512 GB,,,NVIDIA GeForce RTX 3050,4 GB,GDDR6,39.62 cm (15.6 Inch),1920 x 1080 Pixel,"Full HD, Value IPS level, Anti Glare Display, Refresh Rate: 144 Hz, 16:9, Viewing Angle: 170 Degree, Brightness: 250 nits, 1:1000 Contrast, 45% NTSC, 62.5% SRGB, 47.34% Adobe, Adaptive-Sync Technology",,Windows 11 Home,,2.10 kg,
"Infinix X1 Series Core i7 10th Gen - (16 GB/512 GB SSD/Windows 11 Home/128 MB Graphics) XL12 Thin and Light Laptop  (14 Inch, Aurora Green, 1.48 kg)",4.2,50990,Intel,Core i7,10th Gen,1065G7,1.3 GHz with Max Turbo Boost Frequency Up to 3.9 GHz,4.0,16,LPDDR4X,,Yes,512 GB,,,Intel Integrated Iris Plus,128 MB,DDR4,35.56 cm (14 Inch),1920 x 1080 Pixel,"Full HD IPS Display ( 300nits peak brightness, 100% sRGB, NTSC 72%)",,Windows 11 Home,64 bit,1.48 kg,Up to 13 hours
"ASUS ROG Strix G15 Ryzen 7 Octa Core 6800H - (16 GB/512 GB SSD/Windows 11 Home/4 GB Graphics/NVIDIA GeForce RTX RTX 3050) G513RC-HN062W Gaming Laptop  (15.6 Inch, Volt Green, 2.10 Kg)",,108990,AMD,Ryzen 7 Octa Core,,6800H,4.7,8.0,16,DDR5,,Yes,512 GB,,,NVIDIA GeForce RTX RTX 3050,4 GB,GDDR6,39.62 cm (15.6 Inch),1920 x 1080 Pixels,"FHD, Value IPS-level, anti-glare display (Brightness 250nits, NTSC % 45%, SRGB % 62.5%)",,Windows 11 Home,64 bit,2.10 Kg,
"ASUS ROG Strix G15 Ryzen 7 Octa Core 6800H - (16 GB/1 TB SSD/Windows 11 Home/4 GB Graphics/NVIDIA GeForce RTX RTX 3050) G513RC-HN083W Gaming Laptop  (15.6 Inch, Eclipse Gray, 2.10 Kg)",4.8,114990,AMD,Ryzen 7 Octa Core,,6800H,4.7,8.0,16,DDR5,,Yes,1 TB,,,NVIDIA GeForce RTX RTX 3050,4 GB,GDDR6,39.62 cm (15.6 Inch),1920 x 1080 Pixels,"FHD, Value IPS-level, anti-glare display ( Brightness 250nits, NTSC % 45%, SRGB % 62.5%)",,Windows 11 Home,64 bit,2.10 Kg,
"Infinix X1 Series Core i7 10th Gen - (16 GB/512 GB SSD/Windows 11 Home/128 MB Graphics) XL12 Thin and Light Laptop  (14 Inch, Noble Red, 1.48 kg)",4.2,50990,Intel,Core i7,10th Gen,1065G7,1.3 GHz with Max Turbo Boost Frequency Up to 3.9 GHz,4.0,16,LPDDR4X,,Yes,512 GB,,,Intel Integrated Iris Plus,128 MB,DDR4,35.56 cm (14 Inch),1920 x 1080 Pixel,"Full HD IPS Display ( 300nits peak brightness, 100% sRGB, NTSC 72%)",,Windows 11 Home,64 bit,1.48 kg,Up to 13 hours
"ASUS ROG Strix SCAR 15 (2022) Core i9 12th Gen - (32 GB/2 TB SSD/Windows 11 Home/16 GB Graphics/NVIDIA GeForce RTX 3070 Ti) G533ZW-LN106WS Gaming Laptop  (15.6 inch, Off Black, 2.30 kg, With MS Office)",,264990,Intel,Core i9,12th Gen,12900H,2.5 GHz upto max turbo frequency at 5.0 Ghz,14.0,32,DDR5,,Yes,2 TB,,,NVIDIA GeForce RTX 3070 Ti,16 GB,GDDR6,39.62 cm (15.6 inch),2560 x 1440 Pixel,"WQHD Refresh Rate 240Hz, Response Time (G2G) 3ms, Viewing Angle 85/85/85/85, IPS-level, Brightness 300, Anti-glare display",,Windows 11 Home,64 bit,2.30 kg,
"ASUS Ryzen 9 Octa Core 5900HX - (16 GB/1 TB SSD/Windows 11 Home/4 GB Graphics) M7400QC-KM053WS Thin and Light Laptop  (14 inch, Black, 1.45 kg, With MS Office)",,99990,AMD,Ryzen 9 Octa Core,,5900HX,3.3GHz with Max Turbo Boost Frequency Up to 4.6 GHz,8.0,16,DDR4,,Yes,1 TB,,,NVIDIA GeForce RTX 3050,4 GB,GDDR6,35.56 cm (14 inch),2880 x 1800 Pixel,"2.8K, OLED (0.2ms response time, 90Hz refresh rate, 600nits peak brightness,100% DCI-P3 color gamut)",,Windows 11 Home,64 bit,1.45 kg,
"ASUS Ryzen 9 Octa Core 5900HX - (8 GB/1 TB SSD/Windows 11 Home/4 GB Graphics/NVIDIA GeForce RTX 3050 Ti) M7400QE-KM046WS Gaming Laptop  (14 inch, Black, 1.45 kg, With MS Office)",,116500,AMD,Ryzen 9 Octa Core,,5900HX,3.3GHz with Max Turbo Boost Frequency Up to 4.6 GHz,8.0,8,DDR4,,Yes,1 TB,,,NVIDIA GeForce RTX 3050 Ti,4 GB,GDDR6,35.56 cm (14 inch),2880 x 1800 Pixel,"2.8K OLED (16:10 aspect ratio, 0.2ms response time, 90Hz refresh rate, 600nits peak brightness, 100% DCI-P3 color gamut)",,Windows 11 Home,64 bit,1.45 kg,
"ASUS Vivobook Pro Ryzen 9 Octa Core 5900HX - (8 GB/1 TB SSD/Windows 10 Home/4 GB Graphics/NVIDIA GeForce RTX 3050/90 Hz) M7400QE-KM046TS Gaming Laptop  (14 Inch, Black, 1.45 kg, With MS Office)",,99990,AMD,Ryzen 9 Octa Core,,5900HX,4.6,8.0,8,DDR4,,Yes,1 TB,,,NVIDIA GeForce RTX 3050,4 GB,GDDR6,35.56 cm (14 Inch),2880 x 1800 Pixels,"2.8k OLED (600nits peak brightness, 100% DCI-P3 color gamut)",90 Hz,Windows 10 Home,64 bit,1.45 kg,
"ASUS Vivobook Ryzen 9 Octa Core 5900HX - (16 GB/1 TB SSD/Windows 11 Home/4 GB Graphics) M7600QC-L2044WS Laptop  (16 inch, Black, 1.95 kg, With MS Office)",,162990,AMD,Ryzen 9 Octa Core,,5900HX,3.3GHz with Max Turbo Boost Frequency Up to 4.6 GHz,8.0,16,DDR4,,Yes,1 TB,,,NVIDIA GeForce RTX 3050,4 GB,GDDR6,40.64 cm (16 inch),3840 x 2400 Pixel,"4K OLED (0.2ms response time, 550nits peak brightness, 100% DCI-P3 color gamut)",,Windows 11 Home,64 bit,1.95 kg,
"ASUS ZenBook Core i5 11th Gen - (16 GB/512 GB SSD/Windows 11 Home) UX325EA-KG511WS Thin and Light Laptop  (13.3 Inch, Lilac Mist, 1.14 Kg, With MS Office)",,79990,Intel,Core i5,11th Gen,1135G7,4.2,4.0,16,LPDDR4X,,Yes,512 GB,,,Intel Integrated Iris Xe Graphics,,,33.78 cm (13.3 Inch),1920 x 1080 Pixels,"FHD, OLED (550nits peak brightness, 100% DCI-P3 color gamut)",,Windows 11 Home,64 bit,1.14 Kg,
"ASUS Zenbook 14 Flip Ryzen 9 Octa Core 5900HX - (16 GB/1 TB SSD/Windows 11 Home) UN5401QA-KN901WS Thin and Light Laptop  (14 Inch, Jade Black, 1.40 Kg, With MS Office)",,134990,AMD,Ryzen 9 Octa Core,,5900HX,4.6,8.0,16,LPDDR4X,,Yes,1 TB,,,AMD Radeon AMD Radeon Graphics,,,35.56 cm (14 Inch),2880 x 1800 Pixel,"OLED, (550nits peak brightness, 100% DCI-P3 color gamut)",,Windows 11 Home,64 bit,1.40 Kg,
"ASUS VivoBook 14 (2022) Core i5 11th Gen - (8 GB/1 TB HDD/256 GB SSD/Windows 11 Home) X415EA-EB572WS Thin and Light Laptop  (14 inch, Transparent Silver, 1.60 kg, With MS Office)",4.3,49990,Intel,Core i5,11th Gen,1135G7,"Base Frequency 2.40 GHz, Max Turbo Boost Frequency Up to 4.20 GHz",4.0,8,DDR4,,Yes,256 GB,1 TB,,Intel Integrated Iris Xe,,,35.56 cm (14 inch),1920 x 1080 Pixel,"FHD LED Backlit, IPS-level Panel, 250nits, 45% NTSC Color Gamut, Anti-glare display",,Windows 11 Home,64 bit,1.60 kg,
"ASUS ZenBook Core i7 11th Gen - (16 GB/1 TB SSD/Windows 11 Home) UX325EA-KG701WS Thin and Light Laptop  (13.3 Inch, Lilac Mist, 1.14 Kg, With MS Office)",,94990,Intel,Core i7,11th Gen,1165G7,4.7,4.0,16,LPDDR4X,,Yes,1 TB,,,Intel Integrated Iris Xe Graphics,,,33.78 cm (13.3 Inch),1920 x 1080 Pixels,"FHD, OLED (550nits peak brightness, 100% DCI-P3 color gamut)",,Windows 11 Home,64 bit,1.14 Kg,
"DELL Vostro Core i3 10th Gen - (8 GB/512 GB SSD/Windows 11 Home) Vostro 3510 Thin and Light Laptop  (15.6 Inch, Black, 1.8 Kgs, With MS Office)",3.9,40990,Intel,Core i3,10th Gen,1005G1,3.4,,8,DDR4,2666 MHz,Yes,512 GB,,,Intel Integrated UHD Graphics,,,39.62 cm (15.6 Inch),1920 x 1080 Pixels,"FHD, WVA AG Narrow Border",,Windows 11 Home,64 bit,1.8 Kgs,Upto 10 Hours
"ASUS ZenBook Core i5 11th Gen - (8 GB/512 GB SSD/Windows 11 Home) UX325EA-KG502WS Thin and Light Laptop  (13.3 Inch, Pine Grey, 1.14 Kg, With MS Office)",5.0,69990,Intel,Core i5,11th Gen,1135G7,4.2,4.0,8,LPDDR4X,,Yes,512 GB,,,Intel Integrated Iris Xe Graphics,,,33.78 cm (13.3 Inch),1920 x 1080 Pixels,"FHD, OLED (550nits peak brightness, 100% DCI-P3 color gamut)",,Windows 11 Home,64 bit,1.14 Kg,
"ASUS VivoBook Core i3 11th Gen - (8 GB/256 GB SSD/Windows 11 Home) X415EA-EK342WS Thin and Light Laptop  (14 Inch, Transparent Silver, 1.60 Kg, With MS Office)",4.2,35990,Intel,Core i3,11th Gen,1115G4,4.1,2.0,8,DDR4,,Yes,256 GB,,,Intel Integrated UHD Graphics,,,35.56 cm (14 Inch),1920 x 1080 Pixels,"FHD, (Brightness 220nits, 45% NTSC color gamut)",,Windows 11 Home,64 bit,1.60 Kg,
"DELL Inspiron Ryzen 3 Dual Core 3250U - (8 GB/1 TB HDD/Windows 10 Home) Inspiron 3515 Thin and Light Laptop  (15.6 inch, Platinum Silver, 1.8 kg kg, With MS Office)",3.5,52632,AMD,Ryzen 3 Dual Core,,3250U,2.6 GHz to Max Turbo Frequency at 3.5 GHz,2.0,8,DDR4,2666 MHz,No,,1 TB,,AMD Radeon AMD,,,39.62 cm (15.6 inch),1920 x 1080 Pixel,Full HD WVA AG Narrow Border,,Windows 10 Home,64 bit,1.8 kg kg,Upto 7 hours
"HP Pentium Quad Core - (8 GB/256 GB SSD/Windows 11 Home) 14s-dq3033tu Thin and Light Laptop  (14 inch, Jet Black, 1.46 kg, With MS Office)",4.1,33999,Intel,Pentium Quad Core,,N6000,1.1 GHz with Max Turbo Boost Frequency Up to 3.3 GHz,4.0,8,DDR4,,Yes,256 GB,,,Intel Integrated UHD,,,35.56 cm (14 inch),1366 x 768 Pixel,"HD micro-edge, BrightView, Brightness: 250 nits, 112 ppi, Color Gamut: 45%NTSC",,Windows 11 Home,64 bit,1.46 kg,
"ASUS ZenBook Core i5 11th Gen - (16 GB/512 GB SSD/Windows 11 Home) UX325EA-KG512WS Thin and Light Laptop  (13.3 Inch, Pine Grey, 1.14 Kg, With MS Office)",,79990,Intel,Core i5,11th Gen,1135G7,4.2,4.0,16,LPDDR4,,Yes,512 GB,,,Intel Integrated Iris Xe Graphics,,,33.78 cm (13.3 Inch),1920 x 1080 Pixels,"FHD, OLED (550nits peak brightness, 100% DCI-P3 color gamut)",,Windows 11 Home,64 bit,1.14 Kg,
"ASUS ZenBook Core i7 11th Gen - (16 GB/512 GB SSD/Windows 11 Home) UX325EA-KG722WS Thin and Light Laptop  (13.3 Inch, Pine Grey, 1.14 Kg, With MS Office)",,89990,Intel,Core i7,11th Gen,1165G7,4.7 GHz,4.0,16,LPDDR4X,,Yes,512 GB,,,Intel Integrated Iris Xe Graphics,,,33.78 cm (13.3 Inch),1920 x 1080 Pixels,"FHD, OLED (550nits peak brightness, 100% DCI-P3 color gamut)",,Windows 11 Home,64 bit,1.14 Kg,
"ASUS Zenbook 14 Flip Ryzen 7 Octa Core 5800H - (16 GB/1 TB SSD/Windows 11 Home) UN5401QA-KN701WS Thin and Light Laptop  (14 Inch, Jade Black, 1.40 Kg, With MS Office)",,114900,AMD,Ryzen 7 Octa Core,,5800H,4.4,8.0,16,LPDDR4X,,Yes,1 TB,,,AMD Radeon AMD Radeon Graphics,,,35.56 cm (14 Inch),2880 x 1800 Pixel,"OLED, (550nits peak brightness, 100% DCI-P3 color gamut)",,Windows 11 Home,64 bit,1.40 Kg,
"DELL Vostro Core i3 11th Gen - (8 GB/256 GB SSD/Windows 10 Home) Vostro 3400 Thin and Light Laptop  (14 Inch, Dune, 1.59 Kgs, With MS Office)",,41999,Intel,Core i3,11th Gen,1115G4,4.1,2.0,8,DDR4,2666 MHz,Yes,256 GB,,,Intel Integrated UHD Graphics,,,35.56 cm (14 Inch),1920 x 1080 Pixels,FHD WVA AG Narrow Border,,Windows 10 Home,64 bit,1.59 Kgs,Upto 10 Hours
"HP Ryzen 5 Hexa Core - (8 GB/512 GB SSD/Windows 10 Home/4 GB Graphics/NVIDIA GeForce GTX Nvidia) Victus 16-e0075AX Gaming Laptop  (16.1 inch, Black, With MS Office)",,68100,AMD,Ryzen 5 Hexa Core,,,,,8,DDR4,,Yes,512 GB,,,NVIDIA GeForce GTX Nvidia,4 GB,GDDR6,40.89 cm (16.1 inch),1920 x 1080$$Pixels pixel,,,Windows 10 Home,,,upto 10 hours
"acer Extensa 15 Pentium Quad Core - (4 GB/1 TB HDD/Windows 11 Home) EX215-31 Laptop  (15.6 inch, Black, 1.9 kg)",2.9,26990,Intel,Pentium Quad Core,,N5030,"Base Frequency 1.10 GHz, Max Turbo Boost Frequency Up to 3.10 GHz",,4,DDR4,,No,,1 TB,,Intel Integrated UHD 605,,,39.62 cm (15.6 inch),1920 x 1080 Pixel,Full HD high-brightness Acer ComfyView LED-backlit TFT LCD,,Windows 11 Home,64 bit,1.9 kg,Up to 6.5 hours
"acer Extensa 15 Core i3 11th Gen - (4 GB/256 GB SSD/Windows 11 Home) EX215-54 Thin and Light Laptop  (15.6 inch, Charcoal Black, 1.7 kg)",4.6,32990,Intel,Core i3,11th Gen,1115G4,"Base Frequency 3.00 GHz, Max Turbo Boost Frequency Up to 4.10 GHz",,4,DDR4,,Yes,256 GB,,,Intel Integrated UHD,,,39.62 cm (15.6 inch),1920 x 1080 Pixel,Full HD high-brightness Acer ComfyView LED-backlit TFT LCD,,Windows 11 Home,64 bit,1.7 kg,Upto 8 hours
"acer Aspire 3 Core i3 11th Gen - (8 GB/512 GB SSD/Windows 11 Home) A315-58 Notebook  (15.6 Inch, Pure Silver, 1.7 Kg, With MS Office)",,38990,Intel,Core i3,11th Gen,1115G4,4.10,2.0,8,DDR4,,Yes,512 GB,,,Intel Integrated UHD Graphics,,,39.62 cm (15.6 Inch),1920 x 1080 Pixel,"Full HD, Acer ComfyView LED-backlit TFT LCD, 16:9 aspect ratio",,Windows 11 Home,64 bit,1.7 Kg,Upto 9 hours
"HP Core i5 11th Gen - (8 GB/512 GB SSD/Windows 10 Home/4 GB Graphics) Victus 16-d0003TX Laptop  (16.1 inch, Black, Blue)",,82000,Intel,Core i5,11th Gen,,,,8,DDR4,,Yes,512 GB,,,NVIDIA GeForce RTX NVIDIA,4 GB,GDDR6,40.89 cm (16.1 inch),1920 x 1080 pixel,,,Windows 10 Home,,,upto 5 hours
"acer Aspire 3 Core i5 11th Gen - (8 GB/1 TB HDD/Windows 11 Home) A315-58 Notebook  (15.6 Inch, Pure Silver, 1.7 Kg)",,48990,Intel,Core i5,11th Gen,1135G7,4.20,2.0,8,DDR4,,No,,1 TB,,Intel Integrated Iris Xe Graphics,,,39.62 cm (15.6 Inch),1920 x 1080 Pixel,"FHD, Acer ComfyView LED-backlit TFT LCD, 16:9 aspect ratio",,Windows 11 Home,64 bit,1.7 Kg,Upto 9 hours
"acer Aspire 3 Dual Core 3020e - (4 GB/256 GB SSD/Windows 11 Home) A314-22 Laptop  (14 Inch, Charcoal Black, 1.9 kg)",3.9,24990,AMD,Dual Core,,3020e,"Base Frequency 1.2 GHz, Max Turbo Boost Frequency Up to 2.60 GHz",,4,DDR4,,Yes,256 GB,,,AMD Radeon AMD,,,35.56 cm (14 Inch),1366 x 768 Pixel,HD high-brightness Acer ComfyView LED-backlit TFT LCD,,Windows 11 Home,64 bit,1.9 kg,Upto 9.5 hours
"Lenovo IdeaPad Core i5 11th Gen - (16 GB/512 GB SSD/Windows 11 Home) IdeaPad 5 15ITL05 Thin and Light Laptop  (15.6 Inch, Graphite Grey, 1.66 Kg, With MS Office)",5.0,62990,Intel,Core i5,11th Gen,1135G7,4.2,4.0,16,DDR4,3200 MHz,Yes,512 GB,,,Intel Integrated Iris Xe Graphics,,,39.62 cm (15.6 Inch),1920 x 1080 Pixels,"FHD, IPS (300 nits Anti-glare, 45% NTSC)",,Windows 11 Home,64 bit,1.66 Kg,Upto 11 hours
"Lenovo IdeaPad Core i3 11th Gen - (8 GB/512 GB SSD/Windows 11 Home) 15ITL05 Thin and Light Laptop  (15.6 Inch, Platinum Grey, 1.7 Kg, With MS Office)",3.7,40990,Intel,Core i3,11th Gen,1115G4,4.1,2.0,8,DDR4,2666 MHz,Yes,512 GB,,,Intel Integrated UHD Graphics,,,39.62 cm (15.6 Inch),1920x1080 Pixels,"FHD, IPS 250nits Anti-glare",,Windows 11 Home,64 bit,1.7 Kg,Upto 8 Hours
"Lenovo IdeaPad Core i5 10th Gen - (8 GB/512 GB SSD/Windows 11 Home) 15IML05 Thin and Light Laptop  (15.6 Inch, Platinum Grey, 1.7 kg kg, With MS Office)",4.5,45799,Intel,Core i5,10th Gen,10210U,4.2,4.0,8,DDR4,2666 MHz,Yes,512 GB,,,Intel Integrated UHD Graphics,,,39.62 cm (15.6 Inch),1920 x 1080 Pixels,"FHD,IPS 250nits Anti-glare",,Windows 11 Home,64 bit,1.7 kg kg,Upto 11.5 hours
"Lenovo IdeaPad Core i5 11th Gen - (8 GB/512 GB SSD/Windows 11 Home) 14ITL6 Thin and Light Laptop  (14 Inch, Arctic Grey, Dual Array Microphone kg, With MS Office)",3.3,50990,Intel,Core i5,11th Gen,1135G7,4.2,4.0,8,DDR4,3200 MHz,Yes,512 GB,,,Intel Integrated Iris Xe Graphics,,,35.56 cm (14 Inch),1920x1080 Pixels,"FHD, IPS (300nits Anti-glare, 45% NTSC)",,Windows 11 Home,64 bit,Dual Array Microphone kg,Upto 7.5 hours
"ASUS Vivobook Ultra K14 Core i3 11th Gen - (8 GB/512 GB SSD/Windows 11 Home) K14 Thin and Light Laptop  (14.1 inch, Transparent Silver, 1.4 kg, With MS Office)",4.3,44490,Intel,Core i3,11th Gen,i3-1125G4,"2.0 GHz (8M Cache, up to 3.7 GHz, 4 cores)",4.0,8,DDR4,,Yes,512 GB,,,Intel Integrated Intel UHD Graphics for 11th Gen Intel Processors,,,35.81 cm (14.1 inch),1920 x 1080$$Pixels pixel,"14.0-inch, FHD (1920 x 1080) 16:9 aspect ratio, IPS-level Panel, 250nits, 45% NTSC color gamut, Anti-glare display, Screen-to-body ratio: 84 ?",,Windows 11 Home,64 bit,1.4 kg,Upto 6 Hrs.
"ASUS Vivobook 15 Celeron Dual Core - (4 GB/1 TB HDD/Windows 11 Home) X515MA-BR001WX515MA Laptop  (15.6 inch, Transparent Silver, 1.8 kg)",2.0,28290,Intel,Celeron Dual Core,,Intel N4020,"Intel® Celeron® N4020 Processor 1.1 GHz (4M Cache, up to 2.8 GHz, 2 cores)",2.0,4,DDR4,,No,,1 TB,,Intel Integrated Intel UHD Graphics 600,,,39.62 cm (15.6 inch),1366 x 768 pixel,"15.6-inch, HD (1366 x 768) 16:9 aspect ratio,200nits, 45% NTSC color gamut, Anti-glare display, Screen-to-body ratio: 83 ?",,Windows 11 Home,64 bit,1.8 kg,Upto 6 Hrs.
"Lenovo Ideapad 5 Ryzen 7 Octa Core 5800U - (16 GB/1 TB SSD/Windows 11 Home) IdeaPad 5 Pro 14ACN6 Thin and Light Laptop  (14 inch, Storm Grey, 1.38 kg, With MS Office)",,72998,AMD,Ryzen 7 Octa Core,,5800U,Base 1.9 GHz with Max Frequency Upto 4.4 GHz,8.0,16,DDR4,,Yes,1 TB,,,AMD Radeon Radeon,,,35.56 cm (14 inch),2240 x 1400 Pixel,"2.2K (OLED), IPS, 300 nits Brightness, Anti-glare, 60 Hz Refresh Rate, 100% sRGB",,Windows 11 Home,64 bit,1.38 kg,Upto 15 Hours
"Lenovo IdeaPad 5 14ITL05 Core i5 11th Gen - (8 GB/512 GB SSD/Windows 10 Home) 14ITL05 Laptop  (14 inch, Graphite Grey, With MS Office)",,59999,Intel,Core i5,11th Gen,1135G7,4.2 GHz,4.0,8,DDR4,3200 MHz,Yes,512 GB,,,Intel Integrated Integrated Intel Iris Xe Graphics,,,35.56 cm (14 inch),1920x1080$$Pixels pixel,"14"" FHD (1920x1080) IPS 300nits Anti-glare, 45% NTSC",,Windows 10 Home,,,11 hours
"MSI Katana GF66 Core i5 11th Gen - (8 GB/512 GB SSD/Windows 10 Home/4 GB Graphics/NVIDIA GeForce RTX 3050/144 Hz) Katana GF66 11UC-478IN Gaming Laptop  (15.6 inches, Black, 2.25 kg)",,74990,Intel,Core i5,11th Gen,Intel Core i5-11400H,2.7 Ghz to 4.50 GHz,6.0,8,DDR4,3200 MHz,Yes,512 GB,,,NVIDIA GeForce RTX 3050,4 GB,GDDR6,39.62 cm (15.6 inches),1920 x 1080 Pixels,Full HD IPS Display (45% NTSC Color Gamut),144 Hz,Windows 10 Home,64 bit,2.25 kg,3-4 Hrs
"MSI Modern 14 Ryzen 5 Hexa Core Ryzen 5 5500U 5th Gen - (8 GB/256 GB SSD/Windows 10 Home) Modern 14 B5M Thin and Light Laptop  (14 inch, Carbon Gray, 1.3 kg)",,49990,AMD,Ryzen 5 Hexa Core,5th Gen,Ryzen 5 5500U,2.1 GHz up to 4.0 GHz,6.0,8,DDR4,,Yes,256 GB,,,AMD Radeon AMD Radeon Graphics,,,35.56 cm (14 inch),1920 x 1080$$Pixels pixel,"14 Inch Full HD, 60Hz 45%NTSC IPS-Level",60 Hz,Windows 10 Home,64 bit,1.3 kg,Upto 10 Hrs
"HP Core i3 11th Gen - (8 GB/256 GB SSD/Windows 11 Home) 15s-fq2626TU Thin and Light Laptop  (15.6 inch, Jet Black, 1.69 kg, With MS Office)",3.3,39999,Intel,Core i3,11th Gen,1125G4,1.7 GHz upto max turbo frequency at 3.7 Ghz,4.0,8,DDR4,,Yes,256 GB,,,Intel Integrated UHD,,,39.62 cm (15.6 inch),1920 x 1080 Pixel,"Full HD, micro-edge, anti-glare, Brightness: 250 nits, 141 ppi, Color Gamut: 45%NTSC",,Windows 11 Home,64 bit,1.69 kg,
"DELL Ryzen 7 Octa Core 5800H - (16 GB/512 GB SSD/Windows 11 Home/6 GB Graphics/NVIDIA GeForce RTX 3060/165 Hz) G15-5515 Gaming Laptop  (15.6 inch, Phantom Grey with speckles, 2.57 Kg, With MS Office)",3.7,114990,AMD,Ryzen 7 Octa Core,,5800H,3.2 GHz upto max turbo frequency at 4.4 Ghz,8.0,16,DDR4,3200 MHz,Yes,512 GB,,,NVIDIA GeForce RTX 3060,6 GB,GDDR6,39.62 cm (15.6 inch),1920 x 1080 Pixel,Full HD WVA AG 300 nits 165Hz Narrow Border,165 Hz,Windows 11 Home,64 bit,2.57 Kg,Upto 10 Hours
"DELL Core i5 11th Gen - (16 GB/512 GB SSD/Windows 11 Home/4 GB Graphics/NVIDIA GeForce RTX 3050 Ti/120 Hz) G15-5511 Gaming Laptop  (15.6 inch, Dark Shadow Grey, 2.65 Kg, With MS Office)",,85990,Intel,Core i5,11th Gen,11400H,2.7 GHz upto max turbo frequency at 4.5 Ghz,8.0,16,DDR4,2933 MHz,Yes,512 GB,,,NVIDIA GeForce RTX 3050 Ti,4 GB,GDDR6,39.62 cm (15.6 inch),1920 x 1080 Pixel,Full HD WVA AG 250 nits 120Hz Narrow Border,120 Hz,Windows 11 Home,64 bit,2.65 Kg,Upto 10 Hours
"DELL Core i7 11th Gen - (16 GB/512 GB SSD/Windows 11 Home/4 GB Graphics/NVIDIA GeForce RTX 3050 Ti) G15-5511 Gaming Laptop  (15.6 inch, Dark Shadow Grey, 2.65 Kg, With MS Office)",,99990,Intel,Core i7,11th Gen,11800H,2.3 GHz upto max turbo frequency at 4.6 Ghz,8.0,16,DDR4,2933 MHz,Yes,512 GB,,,NVIDIA GeForce RTX 3050 Ti,4 GB,GDDR6,39.62 cm (15.6 inch),1920 x 1080 Pixel,Full HD WVA AG 250 nits 120Hz Narrow Border,,Windows 11 Home,64 bit,2.65 Kg,Upto 10 Hours
"MSI Katana GF66 Core i7 11th Gen - (16 GB/512 GB SSD/Windows 10 Home/4 GB Graphics/NVIDIA GeForce RTX 3050Ti/144 Hz) GF66 11UD- 476IN Gaming Laptop  (15.6 inches, Black, 2.25 kg)",,94990,Intel,Core i7,11th Gen,11800H,4.60 GHz with Max Turbo Frequency,,16,DDR4,,Yes,512 GB,,,NVIDIA GeForce RTX 3050Ti,4 GB,GDDR6,39.62 cm (15.6 inches),1920 x 1080 Pixels,Full HD IPS Display (45% NTSC Color Gamut),144 Hz,Windows 10 Home,64 bit,2.25 kg,3-4 Hrs
"DELL Core i7 11th Gen - (16 GB/512 GB SSD/Windows 11 Home/4 GB Graphics/NVIDIA GeForce RTX 3050Ti) G15-5511 Gaming Laptop  (15.6 inch, Dark Shadow Grey, 2.4 kg, With MS Office)",,99990,Intel,Core i7,11th Gen,11800H,1.9 GHz to max turbo frequency at 4.6 Ghz,8.0,16,DDR4,2933 MHz,Yes,512 GB,,,NVIDIA GeForce RTX 3050Ti,4 GB,GDDR6,39.62 cm (15.6 inch),1920 x 1080 pixel,Full HD WVA AG 250 nits 120Hz Narrow Border,,Windows 11 Home,64 bit,2.4 kg,Upto 10 Hours
"MSI Modern 15 Ryzen 7 Octa Core Ryzen 7 5700U 5th Gen - (8 GB/512 GB SSD/Windows 11 Home) Modern 15 A5M Thin and Light Laptop  (15.6 inch, Carbon Gray, 1.6 kg)",,69990,AMD,Ryzen 7 Octa Core,5th Gen,Ryzen 7 5700U,1.8GHz Max. Boost Clock Up to 4.3GHz,8.0,8,DDR4,,Yes,512 GB,,,AMD Radeon AMD Radeon,,,39.62 cm (15.6 inch),1920 x 1080$$Pixels pixel,"15.6"" FHD (1920x1080), IPS-Level",60 Hz,Windows 11 Home,64 bit,1.6 kg,5-6 Hrs
"HP 15s Core i3 11th Gen - (8 GB/512 GB SSD/Windows 11 Home) FR2508TU Thin and Light Laptop  (15.6 inch, Silver, With MS Office)",5.0,42490,Intel,Core i3,11th Gen,,,,8,DDR4,,Yes,512 GB,,,Intel Integrated,,,39.62 cm (15.6 inch),1920X1080$$Pixels pixel,,60 Hz,Windows 11 Home,,,6Hrs
"HP Core i5 11th Gen - (8 GB/512 GB SSD/Windows 11 Home) 15s-fq4022TU Thin and Light Laptop  (15.6 Inch, Jet Black, 1.69 Kg, With MS Office)",4.5,54990,Intel,Core i5,11th Gen,1155G7,4.5,4.0,8,DDR4,3200 MHz,Yes,512 GB,,,Intel Integrated Iris Xe Graphics,,,39.62 cm (15.6 Inch),1920 x 1080 Pixels,"FHD, micro-edge, anti-glare (Brightness: 250 nits, 141 ppi, Color Gamut: 45%NTSC)",,Windows 11 Home,64 bit,1.69 Kg,
"HP Core i5 11th Gen - (8 GB/512 GB SSD/Windows 11 Home) FQ4022TU Thin and Light Laptop  (15.6 inch, Black, With MS Office)",,57990,Intel,Core i5,11th Gen,,,,8,DDR4,,Yes,512 GB,,,Intel Integrated Intel Iris,,,39.62 cm (15.6 inch),1920X1080$$Pixels pixel,,,Windows 11 Home,,,7HRS
"acer Aspire 5 Core i5 11th Gen - (8 GB/1 TB HDD/Windows 11 Home) A515-56 Notebook  (15.6 Inch, Pure Silver, 1.65 Kg, With MS Office)",3.0,49990,Intel,Core i5,11th Gen,1135G7,4.20,4.0,8,DDR4,,No,,1 TB,,Intel Integrated Iris Xe Graphics,,,39.62 cm (15.6 Inch),1920 x 1080 Pixels,"Full HD, high-brightness Acer ComfyView LED-backlit TFT LCD",,Windows 11 Home,64 bit,1.65 Kg,Upto 9.5 hours
"acer Aspire 3 Ryzen 3 Dual Core 3250U - (8 GB/512 GB SSD/Windows 11 Home) A315-23 Laptop  (15.6 inch, Pure Silver, 1.9 kg)",4.1,35990,AMD,Ryzen 3 Dual Core,,3250U,"Base Frequency 2.60 GHz, Max Turbo Boost Frequency Up to 3.5 GHz",2.0,8,DDR4,,Yes,512 GB,,,AMD Radeon AMD,,,39.62 cm (15.6 inch),1920 x 1080 Pixel,Full HD high-brightness Acer ComfyView LED-backlit TFT LCD,,Windows 11 Home,64 bit,1.9 kg,Upto 11 hours
"HP Core i3 11th Gen - (8 GB/512 GB SSD/Windows 11 Home) 15s-FR2508TU Laptop  (15.6 Inch, Natural Silver, 1.69 Kg, With MS Office)",4.1,42490,Intel,Core i3,11th Gen,1125G4,3.7,4.0,8,DDR4,2666 MHz,Yes,512 GB,,,Intel Integrated UHD Graphics,,,39.62 cm (15.6 Inch),1920 x 1080 Pixels,"FHD, micro-edge, anti-glare (Brightness: 250 nits, 141 ppi, Color Gamut: 45%NTSC)",,Windows 11 Home,64 bit,1.69 Kg,
"acer Aspire 3 Ryzen 3 Dual Core R33250U - (4 GB/512 GB SSD/Windows 11 Home) A315-23 Notebook  (15.6 Inch, Pure Silver, 1.9 kg)",4.8,33999,AMD,Ryzen 3 Dual Core,,R33250U,3.5,2.0,4,DDR4,,Yes,512 GB,,,Intel Integrated AMD Radeon Graphics,,,39.62 cm (15.6 Inch),1920 x 1080 Pixels,"Full HD, high-brightness Acer ComfyView LED-backlit TFT LCD",,Windows 11 Home,64 bit,1.9 kg,Upto 11 hours
"ASUS VivoBook Ultra 14 (2022) Core i3 11th Gen - (8 GB/512 GB SSD/Windows 11 Home) X413EA-EB321WS Thin and Light Laptop  (14 inch, Cobalt Blue, 1.40 kg, With MS Office)",4.4,42990,Intel,Core i3,11th Gen,1115G4,"3.00 GHz, Max Turbo Boost Frequency Up to 4.10 GHz",,8,DDR4,,Yes,512 GB,,,Intel Integrated UHD,,,35.56 cm (14 inch),1920 x 1080 Pixel,"Full HD (IPS-level Panel, 250nits, 45% NTSC color gamut, non-OLED, Anti-glare display)",,Windows 11 Home,64 bit,1.40 kg,
"ASUS Core i5 11th Gen - (16 GB/512 GB SSD/Windows 11 Home) UX363EA-HP562WS Thin and Light Laptop  (13.3 Inch, Pine Grey, 1.30 Kg, With MS Office)",,87990,Intel,Core i5,11th Gen,1135G7,4.2,4.0,16,LPDDR4X,,Yes,512 GB,,,Intel Integrated Iris Xe Graphics,,,33.78 cm (13.3 Inch),1920 x 1080 Pixels,"FHD, OLED (550 nits peak brightness, 100% DCI-P3 color gamut)",,Windows 11 Home,64 bit,1.30 Kg,
"Lenovo Core i3 10th Gen - (8 GB/1 TB HDD/Windows 11 Home) Ideapad 3 15IML05 Laptop  (15.6 inch, Platinum Grey, With MS Office)",4.2,38990,Intel,Core i3,10th Gen,,,,8,DDR4,,No,,1 TB,,NA UHD GRAPHIC,,,39.62 cm (15.6 inch),1920x1080$$Pixels pixel,,,Windows 11 Home,,,Upto 7.5 Hours
"ASUS Zenbook 14 Flip Ryzen 5 Hexa Core 5600H - (16 GB/512 GB SSD/Windows 11 Home) UN5401QA-KN511WS Thin and Light Laptop  (14 Inch, Jade Black, 1.40 Kg, With MS Office)",,91900,AMD,Ryzen 5 Hexa Core,,5600H,4.2,6.0,16,LPDDR4X,,Yes,512 GB,,,AMD Radeon AMD Radeon Graphics,,,35.56 cm (14 Inch),2880 x 1800 Pixels,"OLED, (550nits peak brightness, 100% DCI-P3 color gamut)",,Windows 11 Home,64 bit,1.40 Kg,
"ASUS VivoBook Ultra 14 (2021) Core i3 11th Gen - (8 GB/512 GB SSD/Windows 11 Home) X413EA-EB323WS Thin and Light Laptop  (14 inch, Dreamy White, 1.40 kg, With MS Office)",4.4,42990,Intel,Core i3,11th Gen,1115G4,"3.00 GHz, Max Turbo Boost Frequency Up to 4.10 GHz",,8,DDR4,,Yes,512 GB,,,Intel Integrated UHD,,,35.56 cm (14 inch),1920 x 1080 Pixel,"Full HD (IPS-level Panel, 250nits, 45% NTSC color gamut, non-OLED, Anti-glare display)",,Windows 11 Home,64 bit,1.40 kg,
"ASUS ASUS Vivobook 13 Slate OLED Pentium Quad Core - (4 GB/128 GB EMMC Storage/Windows 11 Home) T3300KA-LQ122WS 2 in 1 Laptop  (13.3 inch, Black, 0.78 kg, With MS Office)",2.3,42990,Intel,Pentium Quad Core,,N6000,1.1 GHz with Max Turbo Boost Frequency Up to 3.3 GHz,4.0,4,LPDDR4X,,No,,,128 GB,Intel Integrated UHD,,,33.78 cm (13.3 inch),1920 x 1080 Pixel,"Full HD OLED (0.2ms response time, 550nits peak brightness, 100% DCI-P3 color gamut)",,Windows 11 Home,64 bit,0.78 kg,
"ASUS ASUS Vivobook 13 Slate OLED Pentium Quad Core - (8 GB/256 GB SSD/Windows 11 Home) T3300KA-LQ111WS 2 in 1 Laptop  (13.3 Inch, Black, 0.78 kg, With MS Office)",4.0,54990,Intel,Pentium Quad Core,,N6000,1.1 GHz with Max Turbo Boost Frequency Up to 3.3 GHz,4.0,8,LPDDR4X,,Yes,256 GB,,,Intel Integrated UHD,,,33.78 cm (13.3 Inch),1920 x 1080 Pixel,"Full HD OLED (0.2ms response time, 550nits peak brightness, 100% DCI-P3 color gamut)",,Windows 11 Home,64 bit,0.78 kg,
"ASUS Core i7 11th Gen - (16 GB/512 GB SSD/Windows 11 Home) UX363EA-HP702WS Thin and Light Laptop  (13.3 Inch, Pine Grey, 1.30 Kg, With MS Office)",,104990,Intel,Core i7,11th Gen,1165G7,4.7,4.0,16,LPDDR4X,,Yes,512 GB,,,Intel Integrated Iris Xe Graphics,,,33.78 cm (13.3 Inch),1920 x 1080 Pixels,"FHD, OLED (550nits peak brightness, 100% DCI-P3 color gamut)",,Windows 11 Home,64 bit,1.30 Kg,
"ASUS ZenBook Duo 14 (2021) Touch Panel Core i7 11th Gen - (16 GB/1 TB SSD/Windows 11 Home/2 GB Graphics) UX482EGR-KA711WS Thin and Light Laptop  (14 inch, Celestial Blue, 1.62 kg, With MS Office)",,134990,Intel,Core i7,11th Gen,1195G7,2.9 GHz upto max turbo frequency at 5 GHz,4.0,16,LPDDR4X,,Yes,1 TB,,,NVIDIA GeForce MX450,2 GB,GDDR6,35.56 cm (14 inch),1920 x 1080 Pixel,"Full HD LED Backlit, IPS-level Panel, 400nits, 100% sRGB Color Gamut, PANTONE Validated, Anti-glare display",,Windows 11 Home,64 bit,1.62 kg,
"ASUS ZenBook Duo 14 (2021) Touch Panel Core i5 11th Gen - (8 GB/512 GB SSD/Windows 11 Home) UX482EA-KA501WS Thin and Light Laptop  (14 inch, Celestial Blue, 1.62 kg, With MS Office)",,99990,Intel,Core i5,11th Gen,1135G7,"Base Frequency 2.40 GHz, Max Turbo Boost Frequency Up to 4.20 GHz",4.0,8,LPDDR4X,,Yes,512 GB,,,Intel Integrated Iris Xe,,,35.56 cm (14 inch),1920 x 1080 Pixel,"Full HD LED Backlit, IPS-level Panel, 400nits, 100% sRGB Color Gamut, PANTONE Validated, Anti-glare display",,Windows 11 Home,64 bit,1.62 kg,
"ASUS VivoBook Ultra 14 (2022) Core i3 11th Gen - (8 GB/512 GB SSD/Windows 11 Home) X413EA-EB321WS Thin and Light Laptop  (14 inch, Cobalt Blue, 1.40 kg, With MS Office)",4.4,42990,Intel,Core i3,11th Gen,1115G4,"3.00 GHz, Max Turbo Boost Frequency Up to 4.10 GHz",,8,DDR4,,Yes,512 GB,,,Intel Integrated UHD,,,35.56 cm (14 inch),1920 x 1080 Pixel,"Full HD (IPS-level Panel, 250nits, 45% NTSC color gamut, non-OLED, Anti-glare display)",,Windows 11 Home,64 bit,1.40 kg,
"ASUS Core i5 11th Gen - (16 GB/512 GB SSD/Windows 11 Home) UX363EA-HP562WS Thin and Light Laptop  (13.3 Inch, Pine Grey, 1.30 Kg, With MS Office)",,87990,Intel,Core i5,11th Gen,1135G7,4.2,4.0,16,LPDDR4X,,Yes,512 GB,,,Intel Integrated Iris Xe Graphics,,,33.78 cm (13.3 Inch),1920 x 1080 Pixels,"FHD, OLED (550 nits peak brightness, 100% DCI-P3 color gamut)",,Windows 11 Home,64 bit,1.30 Kg,
"ASUS VivoBook Ultra 14 (2022) Core i3 11th Gen - (8 GB/512 GB SSD/Windows 11 Home) X413EA-EB322WS Thin and Light Laptop  (14 inch, Bespoke Black, 1.40 kg, With MS Office)",4.4,42990,Intel,Core i3,11th Gen,1115G4,"3.00 GHz, Max Turbo Boost Frequency Up to 4.10 GHz",,8,DDR4,,Yes,512 GB,,,Intel Integrated UHD,,,35.56 cm (14 inch),1920 x 1080 Pixel,"Full HD (IPS-level Panel, 250nits, 45% NTSC color gamut, non-OLED, Anti-glare display)",,Windows 11 Home,64 bit,1.40 kg,
"ASUS VivoBook 14 Pentium Silver - (4 GB/256 GB SSD/Windows 11 Home) X415KA-EK111WS Thin and Light Laptop  (14 Inch, Transparent Silver, 1.50 Kg, With MS Office)",4.2,29990,Intel,Pentium Silver,,N6000,3.3,4.0,4,DDR4,,Yes,256 GB,,,Intel Integrated UHD Graphics 600,,,35.56 cm (14 Inch),1920 x 1080 Pixels,"FHD, Anti-glare display (Brightness 220 nits, 45% NTSC color gamut)",,Windows 11 Home,64 bit,1.50 Kg,
"ASUS ZenBook Duo 14 (2021) Touch Panel Core i5 11th Gen - (16 GB/512 GB SSD/Windows 11 Home/2 GB Graphics) UX482EGR-KA521WS Thin and Light Laptop  (14 inch, Celestial Blue, 1.62 kg, With MS Office)",,114990,Intel,Core i5,11th Gen,1155G7,2.5 GHz upto max turbo frequency at 4.5 Ghz,4.0,16,LPDDR4X,,Yes,512 GB,,,NVIDIA GeForce MX450,2 GB,GDDR6,35.56 cm (14 inch),1920 x 1080 Pixel,"Full HD LED Backlit, IPS-level Panel, 400nits, 100% sRGB Color Gamut, PANTONE Validated, Anti-glare display",,Windows 11 Home,64 bit,1.62 kg,
"ASUS ZenBook Duo 14 (2021) Touch Panel Core i5 11th Gen - (8 GB/512 GB SSD/Windows 11 Home) UX482EAR-KA501WS Thin and Light Laptop  (14 inch, Celestial Blue, 1.62 kg, With MS Office)",,99990,Intel,Core i5,11th Gen,1155G7,2.5 GHz upto max turbo frequency at 4.5 Ghz,4.0,8,LPDDR4X,,Yes,512 GB,,,Intel Integrated Iris Xe,,,35.56 cm (14 inch),1920 x 1080 Pixel,"Full HD LED Backlit, IPS-level Panel, 400nits, 100% sRGB Color Gamut, PANTONE Validated, Anti-glare display",,Windows 11 Home,64 bit,1.62 kg,
"DELL Inspiron Core i5 11th Gen - (16 GB/512 GB SSD/Windows 11 Home/2 GB Graphics) Inspiron 3511 Thin and Light Laptop  (15.6 inch, Platinum Silver, 1.8 kg, With MS Office)",4.4,71990,Intel,Core i5,11th Gen,1135G7,2.4 GHz Upto Max Turbo Frequency at 4.2 GHz,4.0,16,DDR4,2666 MHz,Yes,512 GB,,,NVIDIA GeForce MX350,2 GB,GDDR5,39.62 cm (15.6 inch),1920 x 1080 Pixel,Full HD WVA AG Narrow Border,,Windows 11 Home,64 bit,1.8 kg,Upto 7 hours
"DELL Core i5 10th Gen - (16 GB/512 GB SSD/Windows 11 Home/4 GB Graphics) 5510 D560638WIN9B Laptop  (15.6 inch, Dark Shadow Grey, With MS Office)",,68990,Intel,Core i5,10th Gen,,,,16,DDR4,,Yes,512 GB,,,NVIDIA GeForce GTX 1650,4 GB,GDDR6,39.62 cm (15.6 inch),1920 x 1080 pixel,,,Windows 11 Home,,,UPTO 6 HRS
"Lenovo Core i5 11th Gen - (16 GB/512 GB SSD/Windows 11 Home) 14ITL6 Laptop  (14 inch, Storm Grey, With MS Office)",,72032,Intel,Core i5,11th Gen,,,,16,DDR4,,Yes,512 GB,,,Intel Integrated,,,35.56 cm (14 inch),2240x1400 pixel,,,Windows 11 Home,,,UPTO 6 HRS
"HP Ryzen 5 Hexa Core - (8 GB/512 GB SSD/Windows 11 Home) EQ2144AU Laptop  (15.6 inch, Natural Silver, With MS Office)",4.3,47990,AMD,Ryzen 5 Hexa Core,,,,,8,DDR4,,Yes,512 GB,,,AMD Radeon AMD Radeon Graphics,,,39.62 cm (15.6 inch),1920*1080 pixel,,,Windows 11 Home,,,UP TO 8 HOURS
"HP Ryzen 5 Hexa Core 5500U - (8 GB/512 GB SSD/Windows 11 Home) 15s- eq2144au Thin and Light Laptop  (15.6 inch, Natural Silver, 1.69 kg, With MS Office)",4.4,47990,AMD,Ryzen 5 Hexa Core,,5500U,2.1 GHz with Max Turbo Boost Frequency Up to 4.0 GHz,6.0,8,DDR4,,Yes,512 GB,,,AMD Radeon AMD,,,39.62 cm (15.6 inch),1920 x 1080 Pixel,"Full HD, micro-edge, anti-glare, Brightness: 250 nits, 141 ppi, Color Gamut: 45%NTSC",,Windows 11 Home,64 bit,1.69 kg,
"HP Core i3 11th Gen - (8 GB/512 GB SSD/Windows 11 Home) 15s-fq2629TU Thin and Light Laptop  (15.6 inch, Natural Silver, 1.69 KG, With MS Office)",4.3,41990,Intel,Core i3,11th Gen,1125G4,1.7 GHz upto max turbo frequency at 3.7 Ghz,4.0,8,DDR4,,Yes,512 GB,,,Intel Integrated UHD,,,39.62 cm (15.6 inch),1920 x 1080 Pixel,"Full HD, micro-edge, anti-glare, Brightness: 250 nits, 141 ppi, Color Gamut: 45%NTSC",,Windows 11 Home,64 bit,1.69 KG,
"Lenovo Core i5 11th Gen - (8 GB/512 GB SSD/Windows 11 Home) 15ITL6 Laptop  (15.6 inch, Arctic Grey, With MS Office)",,55999,Intel,Core i5,11th Gen,,,,8,DDR4,,Yes,512 GB,,,Intel Integrated,,,39.62 cm (15.6 inch),1920x1080 pixel,,,Windows 11 Home,,,UPTO 6 HRS
"ASUS Ryzen 7 Octa Core 5800HS - (16 GB/512 GB SSD/Windows 10 Home/4 GB Graphics) GA401QH-HZ080TS Thin and Light Laptop  (14 inch, Moonlight White, 1.60 Kg, With MS Office)",4.4,79990,AMD,Ryzen 7 Octa Core,,5800HS,4.4,8.0,16,DDR4,,Yes,512 GB,,,NVIDIA GeForce GTX 1650,4 GB,GDDR6,35.56 cm (14 inch),1920 x 1080 Pixels,Full HD IPS Anti Glare Display,144 Hz,Windows 10 Home,64 bit,1.60 Kg,
"ASUS Ryzen 7 Octa Core 5800HS - (16 GB/512 GB SSD/Windows 10 Home/NVIDIA GeForce GTX 1650/144 HZ) GA401QH-HZ079TS Gaming Laptop  (14 inch, Eclipse Gray, 1.60 Kg, With MS Office)",4.5,79990,AMD,Ryzen 7 Octa Core,,5800HS,4.4,8.0,16,DDR4,,Yes,512 GB,,,NVIDIA GeForce GTX 1650,,GDDR6,35.56 cm (14 inch),1920 x 1080 Pixels,Full HD IPS Anti Glare Display,144 HZ,Windows 10 Home,64 bit,1.60 Kg,
"ASUS VivoBook Pro 14 OLED (2022) Core i5 11th Gen - (16 GB/512 GB SSD/Windows 11 Home/Intel Integrated Iris Xe) K3400PA-KM502WS Gaming Laptop  (14 inch, Cool Silver, 1.40 kg, With MS Office)",4.2,65990,Intel,Core i5,11th Gen,11300H,"Base Clock 3.10 GHz, Max Turbo Boost Frequency Up to 4.40 GHz",4.0,16,DDR4,,Yes,512 GB,,,Intel Integrated Iris Xe,,,35.56 cm (14 inch),2880 x 1800 Pixel,"2.8K OLED (0.2ms response time, 90Hz refresh rate, 600nits peak brightness, 100% DCI-P3 color gamut, VESA CERTIFIED Display HDR True Black 600, 1.07 billion colors, PANTONE Validated, Glossy display)",,Windows 11 Home,64 bit,1.40 kg,
"ASUS ExpertBook Core i3 10th Gen - (8 GB/1 TB HDD/256 GB SSD/Windows 10 Pro) P1545FA Business Laptop  (15.6 inch, Slate Grey, 1.80 kg)",,40990,Intel,Core i3,10th Gen,Intel i3 10110U,2.1 GHz with Turbo Boost Upto 4.1 GHz,2.0,8,DDR4,,Yes,256 GB,1 TB,,Intel Integrated HD,,,39.62 cm (15.6 inch),1366 x 768$$Pixels pixel,HD LED Backlit Anti-glare Display,,Windows 10 Pro,64 bit,1.80 kg,4-5 Hrs
"acer Swift X Ryzen 7 Octa Core 5800U - (16 GB/1 TB SSD/Windows 11 Home/4 GB Graphics) SFX14-41G Thin and Light Laptop  (14 inch, Safari Gold, 1.39 kg, With MS Office)",,99990,AMD,Ryzen 7 Octa Core,,5800U,"1.90 GHz, Max Turbo Boost Frequency Up to 4.4 GHz",,16,DDR4,,Yes,1 TB,,,NVIDIA GeForce RTX 3050 Ti,4 GB,GDDR6,35.56 cm (14 inch),1920 x 1080 Pixel,"""Full HD, IPS (In-Plane Switching) technology, high-brightness (300nits) Acer ComfyView LED-backlit TFT LCD """,,Windows 11 Home,64 bit,1.39 kg,Upto 14 hours
"acer Intel EVO Swift 5 Core i5 11th Gen - (8 GB/512 GB SSD/Windows 11 Home) SF514-55TA Thin and Light Laptop  (14 Inch, Mist Green, 1.05 Kg, With MS Office)",,74990,Intel,Core i5,11th Gen,1135G7,4.20,4.0,8,DDR4,,Yes,512 GB,,,Intel Integrated Intel Iris Xe Graphics,,,35.56 cm (14 Inch),1920 x 1080 pixel,"Full HD, IPS (In-Plane Switching) technology, (High-brightness (340 nits) Acer ComfyView LED-backlit TFT LCD, supporting multi-touch, 16:9 aspect ratio, color gamut sRGB 100% Display)",,Windows 11 Home,64 bit,1.05 Kg,Up to 17 hours
"Lenovo IdeaPad 3 15IML05 Core i3 10th Gen - (8 GB/Windows 11 Home) IdeaPad 3 15IML05 Thin and Light Laptop  (15.6 Inch, Platinum Grey, 1.7 kg, With MS Office)",4.0,33990,Intel,Core i3,10th Gen,10110U,4.1,2.0,8,DDR4,,Yes,,,,Intel Integrated UHD Graphics,,,39.62 cm (15.6 Inch),1920 x 1080 Pixels,"FHD, (TN 220nits Anti-glare)",,Windows 11 Home,64 bit,1.7 kg,Upto 11.5 hours
"DELL Inspiron Core i5 11th Gen - (8 GB/512 GB SSD/Windows 11 Home/2 GB Graphics) 5502 Thin and Light Laptop  (15.6 inch, Silver)",,85990,Intel,Core i5,11th Gen,,,4.0,8,DDR4,,Yes,512 GB,,,NVIDIA GeForce MX330,2 GB,GDDR5,39.62 cm (15.6 inch),1920 x 1080$$Pixels pixel,,60 Hz,Windows 11 Home,64 bit,,Upto 6 hours
"acer Predator Helios 300 Core i9 11th Gen - (16 GB/1 TB SSD/Windows 11 Home/6 GB Graphics/NVIDIA GeForce RTX RTX 3060/300 Hz) PH315-54 Gaming Laptop  (15.6 inch, Abyssal Black, 2.3 Kg)",3.0,139990,Intel,Core i9,11th Gen,11900,2.50 GHz with Max Turbo Boost Frequency Up to 5.20 GHz,8.0,16,DDR4,3200 MHz,Yes,1 TB,,,NVIDIA GeForce RTX RTX 3060,6 GB,GDDR6,39.62 cm (15.6 inch),1920 x 1080 Pixel,"Full HD, IPS (In-Plane Switching) technology (300 nits Brightness, Acer ComfyView LED-backlit TFT LCD, supporting 300 Hz, 2 ms Overdrive,100% sRGB)",300 Hz,Windows 11 Home,64 bit,2.3 Kg,
"acer Predator Helios 300 Core i9 11th Gen - (32 GB/1 TB SSD/Windows 11 Home/8 GB Graphics/NVIDIA GeForce RTX 3070/300 Hz) PH315-54 Gaming Laptop  (15.6 inch, Abyssal Black, 2.3 Kg)",,169990,Intel,Core i9,11th Gen,11900,2.50 GHz with Max Turbo Boost Frequency Up to 5.20 GHz,8.0,32,DDR4,,Yes,1 TB,,,NVIDIA GeForce RTX 3070,8 GB,GDDR6,39.62 cm (15.6 inch),1920 x 1080 Pixel,"Full HD, IPS (In-Plane Switching) technology (300 nits Brightness, Acer ComfyView LED-backlit TFT LCD, supporting 300 Hz, 2 ms Overdrive,100% sRGB)",300 Hz,Windows 11 Home,64 bit,2.3 Kg,
"DELL Inspiron 3510 Pentium Quad Core 11th Gen - (4 GB/256 GB SSD/Windows 11 Home) 3510 Laptop  (15.6 inch, Black, 1.83 kg, With MS Office)",,35990,Intel,Pentium Quad Core,11th Gen,PQC-N5030 Processor: 1.10 Ghz Base Speed,1.10GHz,,4,DDR4,2400 MHz,Yes,256 GB,,,Intel Integrated INTEL,,,39.62 cm (15.6 inch),1920 x 1080 pixel,HD,,Windows 11 Home,64 bit,1.83 kg,3-5 hours
"Lenovo IdeaPad Core i3 10th Gen - (4 GB/256 GB SSD/Windows 11 Home) 14IIL05 Laptop  (14 inch, Abyss Blue, With MS Office)",4.8,34490,Intel,Core i3,10th Gen,,,,4,DDR4,,Yes,256 GB,,,Intel Integrated,,,35.56 cm (14 inch),1920x1080$$Pixels pixel,,,Windows 11 Home,,,UPTO 6 HRS
"DELL Inspiron 3511 Core i3 11th Gen - (16 GB/1 TB HDD/256 GB SSD/Windows 11 Home) 3511 Laptop  (15.6 inch, Black, 1.83 kg, With MS Office)",3.8,50999,Intel,Core i3,11th Gen,,,,16,DDR4,,Yes,256 GB,1 TB,,Intel Integrated INTEL,,,39.62 cm (15.6 inch),1920 x 1080$$Pixels pixel,FULL HD,,Windows 11 Home,,1.83 kg,3-5 hours
"ASUS Core i3 11th Gen - (8 GB/256 GB SSD/Windows 11 Home) X515EA-BQ312WS Laptop  (15.6 inch, Silver, With MS Office)",,37899,Intel,Core i3,11th Gen,,,,8,DDR4,,Yes,256 GB,,,NA intel hd,,DDR4,39.62 cm (15.6 inch),1920 pixel,,,Windows 11 Home,,,3 hours
"ASUS ASUS TUF Gaming A17 Ryzen 7 Octa Core 4800H - (16 GB/512 GB SSD/Windows 10 Home/4 GB Graphics/NVIDIA GeForce RTX 3050) FA706IC-HX003T Gaming Laptop  (17.3 inch, Graphite Black, 2.60 kg)",4.5,79990,AMD,Ryzen 7 Octa Core,,4800H,Max Boost Frequency Upto 4.2 GHz,8.0,16,DDR4,3200 MHz,Yes,512 GB,,,NVIDIA GeForce RTX 3050,4 GB,GDDR6,43.94 cm (17.3 inch),1920 x 1080 Pixels,"FHD, Brightness: 250nits, Contrast: 1:800, 45% NTSC, 62.5% SRGB, Anti-glare Display, Refresh Rate: 144 Hz, Adobe: 47.34%",,Windows 10 Home,,2.60 kg,
"HP Core i5 11th Gen - (8 GB/512 GB SSD/Windows 11 Home) 15s- fq4021TU Thin and Light Laptop  (15.6 Inch, Natural Silver, 1.69 Kg, With MS Office)",4.2,56900,Intel,Core i5,11th Gen,1155G7,4.5,4.0,8,DDR4,3200 MHz,Yes,512 GB,,,Intel Integrated Iris Xe Graphics,,,39.62 cm (15.6 Inch),1920 x 1080 Pixels,"FHD, micro-edge, anti-glare (Brightness: 250 nits, 141 ppi, Color Gamut: 45%NTSC)",,Windows 11 Home,64 bit,1.69 Kg,Up to 7 hours and 15 minutes
"HP Celeron Dual Core - (8 GB/256 GB SSD/Windows 11 Home) 14s- dq3032tu Thin and Light Laptop  (14 Inch, Jet Black, 1.46 kg, With MS Office)",3.9,31390,Intel,Celeron Dual Core,,N4500,2.8,2.0,8,DDR4,2933 MHz,Yes,256 GB,,,Intel Integrated UHD Graphics,,,35.56 cm (14 Inch),1366 x 768 Pixels,"HD, micro-edge, BrightView (Brightness: 250 nits, 112 ppi, Color Gamut: 45%NTSC)",,Windows 11 Home,64 bit,1.46 kg,
"HP Ryzen 3 Quad Core 5300U - (8 GB/512 GB SSD/Windows 11 Home) 14s-fq1089au Thin and Light Laptop  (14 Inch, Natural Silver, 1.46 Kg kg, With MS Office)",4.5,39990,AMD,Ryzen 3 Quad Core,,5300U,3.8,4.0,8,DDR4,,Yes,512 GB,,,AMD Radeon Radeon Graphics,,,35.56 cm (14 Inch),1920 x 1080 Pixels,"FHD, IPS, micro-edge, BrightView, (Brightness: 250 nits, 157 ppi, Color Gamut: 45%NTSC)",,Windows 11 Home,64 bit,1.46 Kg kg,Up to 9 hours and 45 minutes
"DELL Vostro Core i5 11th Gen - (8 GB/512 GB SSD/Windows 11 Home/2 GB Graphics) Vostro 3400 Thin and Light Laptop  (14 inch, Dune, 1.59 Kg, With MS Office)",,55490,Intel,Core i5,11th Gen,1135G7,2.4 GHz Upto Max Turbo Frequency at 4.2 GHz,4.0,8,DDR4,2666 MHz,Yes,512 GB,,,NVIDIA GeForce MX330,2 GB,GDDR5,35.56 cm (14 inch),1920 x 1080 Pixels,Full HD WVA AG Narrow Border,,Windows 11 Home,64 bit,1.59 Kg,Upto 10 Hours
"DELL Inspiron Ryzen 5 Quad Core 3450U - (8 GB/256 GB SSD/Windows 11 Home) Inspiron 3515 Thin and Light Laptop  (15.6 inch, Carbon Black, 1.8 kg, With MS Office)",4.3,44490,AMD,Ryzen 5 Quad Core,,3450U,2.1 GHz to max turbo frequency at 3.5 Ghz,4.0,8,DDR4,2666 MHz,Yes,256 GB,,,AMD Radeon AMD,,,39.62 cm (15.6 inch),1920 x 1080 pixel,Full HD WVA AG Narrow Border,,Windows 11 Home,64 bit,1.8 kg,Upto 7 hours
"DELL Inspiron Core i5 11th Gen - (16 GB/512 GB SSD/Windows 11 Home) Inspiron 5418 Thin and Light Laptop  (14 inch, Platinum Silver, 1.46 Kg, With MS Office)",4.5,70990,Intel,Core i5,11th Gen,11320H,2.5 GHz upto MaxTurbo Frequency at 4.5 GHz,4.0,16,DDR4,3200 MHz,Yes,512 GB,,,Intel Integrated Iris Xe,,,35.56 cm (14 inch),1920 x 1080 Pixels,FHD WVA AG Narrow Border 300 nits Display,,Windows 11 Home,64 bit,1.46 Kg,Upto 6 Hours
"MSI Core i7 12th Gen - (16 GB/1 TB SSD/Windows 11 Home/6 GB Graphics/NVIDIA GeForce RTX 3060) Pulse GL66 12UEK-046IN Gaming Laptop  (15.6 inch, Gray, 2.25 kg)",4.1,140990,Intel,Core i7,12th Gen,12700H,3.0 GHz upto max turbo frequency at 4.7 GHz,,16,DDR4,,Yes,1 TB,,,NVIDIA GeForce RTX 3060,6 GB,GDDR6,39.62 cm (15.6 inch),2560 x 1440 Pixel,QHD 165Hz DCI-P3 100% typical,,Windows 11 Home,64 bit,2.25 kg,
"ASUS Zenbook Core i5 11th Gen - (8 GB/512 GB SSD/Windows 11 Home) UX363EA-HP502WS Thin and Light Laptop  (13.3 Inch, Pine Grey, 1.30 kg, With MS Office)",,79990,Intel,Core i5,11th Gen,1135G7,4.2,4.0,8,LPDDR4X,,Yes,512 GB,,,Intel Integrated Iris Xe Graphics,,,33.78 cm (13.3 Inch),1920 x 1080 Pixel,"FHD, OLED (550nits peak brightness, 100% DCI-P3 color gamut)",,Windows 11 Home,64 bit,1.30 kg,
"DELL Vostro Core i3 11th Gen - (4 GB/1 TB HDD/256 GB SSD/Windows 11 Home) Vostro 3400 Thin and Light Laptop  (14 inch, Dune, 1.59 Kg, With MS Office)",,44090,Intel,Core i3,11th Gen,1115G4,1.7 GHz Upto Max Turbo Frequency at 4.1 GHz,2.0,4,DDR4,2666 MHz,Yes,256 GB,1 TB,,Intel Integrated UHD,,,35.56 cm (14 inch),1920 x 1080 Pixels,Full HD WVA AG Narrow Border,,Windows 11 Home,64 bit,1.59 Kg,Upto 10 Hours
"MSI Stealth GS66 Core i7 12th Gen - (32 GB/1 TB SSD/Windows 11 Home/8 GB Graphics/NVIDIA GeForce RTX 3070 Ti) stealth gs66 12ugs-038in Gaming Laptop  (15.6 Inch, Black, 2.1 Kg)",,279990,Intel,Core i7,12th Gen,12700H,4.7,,32,DDR5,,Yes,1 TB,,,NVIDIA GeForce RTX 3070 Ti,8 GB,GDDR6,39.62 cm (15.6 Inch),2560 x 1440 Pixels,QHD (240Hz DCI-P3 100% typical),,Windows 11 Home,64 bit,2.1 Kg,
"DELL Vostro Core i5 11th Gen - (16 GB/512 GB SSD/Windows 11 Home/2 GB Graphics) Vostro 3400 Thin and Light Laptop  (14 inch, Dune, 1.59 Kg, With MS Office)",3.3,60490,Intel,Core i5,11th Gen,1135G7,2.4 GHz Upto Max Turbo Frequency at 4.2 GHz,4.0,16,DDR4,2666 MHz,Yes,512 GB,,,NVIDIA GeForce MX330,2 GB,GDDR5,35.56 cm (14 inch),1920 x 1080 Pixels,Full HD WVA AG Narrow Border,,Windows 11 Home,64 bit,1.59 Kg,Upto 10 Hours
"DELL Inspiron Core i5 11th Gen - (8 GB/1 TB HDD/256 GB SSD/Windows 11 Home) INSPIRON 3511 Thin and Light Laptop  (15.6 inch, Carbon Black, 1.8 kg, With MS Office)",4.1,59890,Intel,Core i5,11th Gen,1135G7,2.4 GHz Upto Max Turbo Frequency at 4.2 GHz,4.0,8,DDR4,2666 MHz,Yes,256 GB,1 TB,,Intel Integrated UHD,,,39.62 cm (15.6 inch),1920 x 1080 Pixel,Full HD WVA AG Narrow Border,,Windows 11 Home,64 bit,1.8 kg,Upto 7 hours
"DELL Inspiron Core i3 10th Gen - (8 GB/256 GB SSD/Windows 11 Home) Inspiron 3511 Thin and Light Laptop  (14.96 cm, Carbon Black, 1.8 kg, With MS Office)",,37990,Intel,Core i3,10th Gen,1005G1,1.2 GHz upto max turbo frequency at 3.4 Ghz,2.0,8,DDR4,2666 MHz,Yes,256 GB,,,Intel Integrated UHD,,,38.0 cm (14.96 cm),1920 x 1080 pixel,Full HD WVA AG Narrow Border,,Windows 11 Home,64 bit,1.8 kg,Upto 7 hours
"DELL Vostro Core i3 11th Gen - (8 GB/256 GB SSD/Windows 11 Home) Vostro 3400 Thin and Light Laptop  (14.96 Inch, Dune, 1.59 Kg, With MS Office)",4.1,38990,Intel,Core i3,11th Gen,1115G4,1.7 GHz Upto Max Turbo Frequency at 4.1 GHz,2.0,8,DDR4,2666 MHz,Yes,256 GB,,,Intel Integrated UHD,,,38.0 cm (14.96 Inch),1920 x 1080 Pixels,Full HD WVA AG Narrow Border,,Windows 11 Home,64 bit,1.59 Kg,Upto 10 Hours
"MSI Delta 15 AMD Advantage Edition Ryzen 9 Octa Core 5900HX 5th Gen - (16 GB/1 TB SSD/Windows 11 Home/10 GB Graphics/AMD Radeon RX 6700M) A5EFK-083IN Gaming Laptop  (15.6 inch, Carbon Gray, 1.9 kg)",,129990,AMD,Ryzen 9 Octa Core,5th Gen,5900HX,3.3GHz with Max Turbo Boost Frequency Up to 4.6 GHz,8.0,16,DDR4,,Yes,1 TB,,,AMD Radeon RX 6700M,10 GB,GDDR6,39.62 cm (15.6 inch),1920 x 1080 pixel,"Full HD 240Hz, close to 100%sRGB",,Windows 11 Home,64 bit,1.9 kg,
"acer Aspire 5 Ryzen 5 Hexa Core 5500U - (8 GB/512 GB SSD/Windows 11 Home) A515-45 Thin and Light Laptop  (15.6 inch, Pure Silver, 1.76 kg, With MS Office)",,51990,AMD,Ryzen 5 Hexa Core,,5500U,"Base Frequency 2.10 GHz, Max Turbo Boost Frequency Up to 4.0 GHz",4.0,8,DDR4,,Yes,512 GB,,,AMD Radeon AMD,,,39.62 cm (15.6 inch),1920 x 1080 Pixel,"Full HD high-brightness Acer ComfyView LED-backlit TFT LCD, 16:9 aspect ratio",,Windows 11 Home,64 bit,1.76 kg,Upto 13.5 hours
"DELL Inspiron Ryzen 3 Dual Core 3250U - (8 GB/256 GB SSD/Windows 11 Home) INSPIRON 3515 Thin and Light Laptop  (15.6 Inch, Mist Blue Speckle, 1.8 Kgs, With MS Office)",,40590,AMD,Ryzen 3 Dual Core,,3250U,3.5,2.0,8,DDR4,2400 MHz,Yes,256 GB,,,AMD Radeon Radeon Graphics,,,39.62 cm (15.6 Inch),1920 x 1080 Pixel,FHD WVA AG Narrow Border,,Windows 11 Home,64 bit,1.8 Kgs,Upto 7 hours
"Lenovo Core i3 10th Gen - (8 GB/1 TB HDD/Windows 11 Home) 15IML05 Laptop  (15.6 inch, Platinum Grey, With MS Office)",3.4,37999,Intel,Core i3,10th Gen,,,,8,DDR4,,No,,1 TB,,Intel Integrated,,,39.62 cm (15.6 inch),1920x1080 pixel,,,Windows 11 Home,,,UPTO 6 HRS
"HP Ryzen 3 Quad Core 5300U - (8 GB/512 GB SSD/Windows 11 Home) 15s-eq2143au Thin and Light Laptop  (15.6 inch, Natural Silver, 1.69 Kg, With MS Office)",4.1,38990,AMD,Ryzen 3 Quad Core,,5300U,2.6 GHz with Turbo Boost Upto 3.8 GHz,4.0,8,DDR4,3200 MHz,Yes,512 GB,,,AMD Radeon AMD,,,39.62 cm (15.6 inch),1920 x 1080 Pixel,"Full HD, micro-edge, anti-glare, Brightness: 250 nits, 141 ppi, Color Gamut: 45%NTSC",,Windows 11 Home,64 bit,1.69 Kg,Upto 9 hours
"Lenovo Core i3 10th Gen - (8 GB/512 GB SSD/Windows 11 Home) 15IML05 Thin and Light Laptop  (15.6 inch, Platinum Grey, 1.7 Kg, With MS Office)",4.4,36990,Intel,Core i3,10th Gen,10110U,2.1 GHz with Turbo Boost Upto 4.1 GHz,2.0,8,DDR4,,Yes,512 GB,,,Intel Integrated UHD,,,39.62 cm (15.6 inch),1920 x 1080 Pixels,Full HD TN 220nits Anti-glare Display,,Windows 11 Home,64 bit,1.7 Kg,
"Lenovo IdeaPad Core i3 10th Gen - (4 GB/256 GB SSD/Windows 11 Home) IdeaPad 3 14IIL05 Thin and Light Laptop  (14 Inch, Abyss Blue, 1.6 kg, With MS Office)",4.0,31990,Intel,Core i3,10th Gen,1005G1,3.4,2.0,4,DDR4,2666 MHz,Yes,256 GB,,,Intel Integrated UHD Graphics,,,35.56 cm (14 Inch),1920 x 1080 Pixels,FHD. (TN 220nits Anti-glare),,Windows 11 Home,64 bit,1.6 kg,Upto 10.1 hour
"Lenovo Thinpad E15 G2 Core i5 11th Gen - (8 GB/512 GB SSD/Windows 10 Pro/512 MB Graphics) E15 G2 Laptop  (15.6 inch, Black)",,89998,Intel,Core i5,11th Gen,Core i5-1115G4,,,8,DDR4,,Yes,512 GB,,,Intel Integrated,512 MB,,39.62 cm (15.6 inch),1920 x 1080$$Pixels pixel,,,Windows 10 Pro,64 bit,,Up to 7 Hours
"HP Ryzen 5 Hexa Core 5500U - (8 GB/512 GB SSD/Windows 11 Home) 14s-fq1092au Thin and Light Laptop  (14 inch, Natural Silver, 1.46 Kg, With MS Office)",4.4,47990,AMD,Ryzen 5 Hexa Core,,5500U,2.1 GHz with Max Turbo Boost Frequency Up to 4.0 GHz,6.0,8,DDR4,3200 MHz,Yes,512 GB,,,AMD Radeon AMD,,,35.56 cm (14 inch),1920 x 1080 Pixel,"Full HD, IPS, micro-edge, BrightView, Brightness: 250 nits, 157 ppi, Color Gamut: 45%NTSC",,Windows 11 Home,64 bit,1.46 Kg,
"ASUS Vivobook Pro 16X OLED (2021) Ryzen 9 Octa Core 5900H 9th Gen - (16 GB/1 TB SSD/Windows 11 Home/4 GB Graphics/NVIDIA GeForce RTX RTX 3050) M7600QC-L2044WS Gaming Laptop  (16 Inch, Black, 1.95 kg, With MS Office)",,130500,AMD,Ryzen 9 Octa Core,9th Gen,5900H,3.3 GHz with Max Boost Up to 4.6 GHz,8.0,16,DDR4,,Yes,1 TB,,,NVIDIA GeForce RTX RTX 3050,4 GB,GDDR6,40.64 cm (16 Inch),3840 x 2400 Pixel,"4K (3840 x 2400) OLED, 16:10 aspect ratio, 0.2ms response time, 550nits peak brightness, 100% DCI-P3 color gamut, PANTONE?Validated, VESA CERTIFIED Display HDR True Black 600",,Windows 11 Home,64 bit,1.95 kg,6-7 Hrs
"DELL Inspiron 3511 Core i3 11th Gen - (8 GB/1 TB HDD/256 GB SSD/Windows 10 Home) 3511 Laptop  (15.6 inch, Black, 1.83 kg, With MS Office)",,48990,Intel,Core i3,11th Gen,,,,8,DDR4,3200 MHz,Yes,256 GB,1 TB,,Intel Integrated,,DDR4,39.62 cm (15.6 inch),1920 x 1080 pixel,LED,,Windows 10 Home,64 bit,1.83 kg,3-5 HRS
"MSI Core i5 11th Gen - (8 GB/512 GB SSD/Windows 10 Home) Modern 14 B11MOU-861IN Thin and Light Laptop  (14 inch, Carbon Gray, 1.3 kg)",4.1,46990,Intel,Core i5,11th Gen,1155G7,2.5 GHz upto max turbo frequency at 4.5 Ghz,,8,DDR4,,Yes,512 GB,,,Intel Integrated UHD,,,35.56 cm (14 inch),1920 x 1080 Pixel,"Full HD , 60Hz 45%NTSC IPS-Level",,Windows 10 Home,64 bit,1.3 kg,
"MSI Core i7 11th Gen - (8 GB/512 GB SSD/Windows 10 Home/2 GB Graphics) Modern 14 B11SBU-688IN Thin and Light Laptop  (14 inch, Carbon Gray, 1.3 kg)",,76990,Intel,Core i7,11th Gen,1195G7,Max Turbo Boost Frequency Up to 5 GHz,4.0,8,DDR4,,Yes,512 GB,,,NVIDIA GeForce MX450,2 GB,GDDR5,35.56 cm (14 inch),1920 x 1080 Pixel,"Full HD 60Hz 72%NTSC IPS-Level, close to 100% sRGB",,Windows 10 Home,64 bit,1.3 kg,
"HP Pavilion x360 Core i3 11th Gen - (8 GB/256 GB SSD/Windows 11 Home) 14-dy0190TU 2 in 1 Laptop  (14 inch, Natural Silver, 1.52 kg, With MS Office)",4.5,53990,Intel,Core i3,11th Gen,1125G4,1.7 GHz upto max turbo frequency at 3.7 Ghz,4.0,8,DDR4,,Yes,256 GB,,,Intel Integrated UHD,,,35.56 cm (14 inch),1920 x 1080 pixel,"""Full HD, IPS, multitouch-enabled, edge-to-edge glass, micro-edge, Brightness: 250 nits, 157 ppi, Color Gamut: 45%NTSC """,,Windows 11 Home,64 bit,1.52 kg,Upto 12 hours
"ASUS VivoBook Flip 14 Core i3 11th Gen - (8 GB/512 GB SSD/Windows 11 Home) TP470EA-EC311WS 2 in 1 Laptop  (14 inch, Transparent Silver, 1.50 kg, With MS Office)",4.1,52990,Intel,Core i3,11th Gen,1115G4,Base 1.7 GHz Upto Max Turbo Frequency at 4.1 GHz,2.0,8,LPDDR4X,,Yes,512 GB,,,Intel Integrated UHD,,,35.56 cm (14 inch),1920 x 1080 Pixel,"Full HD LCD LED-Backlit, Aspect Ratio: 16:9, IPS-level Panel, Brightness: 250 nits, Color Gamut: 45% NTSC, Glossy Display, Screen-to-Body Ratio: 82%",,Windows 11 Home,,1.50 kg,
"ASUS VivoBook Flip 14 Core i5 11th Gen - (8 GB/512 GB SSD/Windows 11 Home) TP470EA-EC511WS 2 in 1 Laptop  (14 inch, Transparent Silver, 1.50 kg, With MS Office)",4.6,63990,Intel,Core i5,11th Gen,1135G7,Base 2.4 GHz with Max Frequency Upto 4.2 GHz,4.0,8,LPDDR4X,,Yes,512 GB,,,Intel Integrated Iris Xe,,,35.56 cm (14 inch),1920 x 1080 Pixel,"Full HD, IPS-level Panel, LED Backlit, Aspect Ratio: 16:9, Brightness: 250 nits, Color Gamut: 45% NTSC, Glossy Display, Screen-to-Body Ratio: 82?",,Windows 11 Home,,1.50 kg,
"ASUS VivoBook Flip 14 Core i3 11th Gen - (8 GB/256 GB SSD/Windows 11 Home) TP470EA-EC301WS 2 in 1 Laptop  (14 Inch, Transparent Silver, 1.50 kg, With MS Office)",4.6,49990,Intel,Core i3,11th Gen,1115G4,4.1,2.0,8,LPDDR4X,,Yes,256 GB,,,Intel Integrated UHD Graphics,,,35.56 cm (14 Inch),1920 x 1080 Pixel,"FHD, IPS-level Panel (250nits Brightness, 45% NTSC color gamut)",,Windows 11 Home,64 bit,1.50 kg,
"HP Ryzen 3 Dual Core - (8 GB/512 GB SSD/Windows 11 Home) 245 G8 Laptop  (14 inch, Black, With MS Office)",,44190,AMD,Ryzen 3 Dual Core,,,,,8,DDR4,,Yes,512 GB,,,AMD Radeon,,,35.56 cm (14 inch),1366 X 768$$Pixels pixel,,,Windows 11 Home,,,UPTO 6 HRS
"ASUS Vivobook 14 Pentium Quad Core - (8 GB/256 GB SSD/Windows 11 Home) E410KA-EK101WS Thin and Light Laptop  (14.1 inch, Peacock Blue, With MS Office)",4.6,36490,Intel,Pentium Quad Core,,Pentium Silver N6000,1.1 Ghz With Turbo Upto 3.0,4.0,8,DDR4,,Yes,256 GB,,,Intel Integrated UHD,,,35.81 cm (14.1 inch),1920 x 1080$$Pixels pixel,"14.0-inch, FHD (1920 x 1080) 16:9 aspect ratio, LED Backlit, 200nits, 45% NTSC color gamut for non-OLED, Anti-glare display, Screen-to-body ratio: 78 ?",,Windows 11 Home,64 bit,,Upto 6 Hrs.
"ASUS Vivobook 14 Pentium Quad Core - (8 GB/256 GB SSD/Windows 11 Home) E410KA-EK103WS Thin and Light Laptop  (14 inch, Star Black, 1.3 kg, With MS Office)",4.3,33990,Intel,Pentium Quad Core,,Pentium Silver N6000,1.1 Ghz With Turbo Upto 3.0,4.0,8,DDR4,,Yes,256 GB,,,Intel Integrated UHD,,,35.56 cm (14 inch),1920 x 1080$$Pixels pixel,"14.0-inch, FHD (1920 x 1080) 16:9 aspect ratio, LED Backlit, 250nits, 45% NTSC color gamut for non-OLED, Anti-glare display, Screen-to-body ratio: 78%",,Windows 11 Home,64 bit,1.3 kg,Upto 6 Hrs.
"ASUS Vivo Book Core i3 10th Gen - (4 GB/1 TB HDD/Windows 10 Home) X515FA-BR301T Laptop  (15.6 inch, Slate Grey, 1.80 kg)",4.7,38000,Intel,Core i3,10th Gen,10110U,"(2.1GHz up to 4.1GHz, 4MB Intel Smart Cache)",,4,DDR4,,No,,1 TB,,Intel Integrated DDR4,,,39.62 cm (15.6 inch),1366x768$$Pixels pixel,,,Windows 10 Home,64 bit,1.80 kg,upto 6 hrs
"Lenovo Ryzen 7 Octa Core 5800H - (16 GB/512 GB SSD/Windows 11 Home/4 GB Graphics) 15ACH6 Laptop  (15.6 inch, Shadow_black, 2.4 Kg)",3.7,74590,AMD,Ryzen 7 Octa Core,,5800H,3.2 GHz with Turbo Boost Upto 4.4 GHz,8.0,16,DDR4,,Yes,512 GB,,,NVIDIA GeForce GTX NVIDIA GeForce GTX 1650 4GB GDDR6,4 GB,GDDR6,39.62 cm (15.6 inch),1920 x 1080$$Pixels pixel,"Full HD IPS 300nits Anti-glare, 165Hz, 100% sRGB, Dolby Vision, Free-Sync, G-Sync, DC Dimmer Display",,Windows 11 Home,64 bit,2.4 Kg,Upto 9.29 Hours
"acer Core i3 11th Gen - (4 GB/1 TB HDD/Windows 10 Home) EX215-54 Notebook  (15.6 inch, Black)",3.3,36999,Intel,Core i3,11th Gen,,,,4,DDR4,,No,,1 TB,,,,,39.62 cm (15.6 inch),1920 X 1080$$Pixels pixel,,,Windows 10 Home,,,upto 4 hours
"Lenovo IdeaPad 5 Pro Ryzen 7 Hexa Core - (16 GB/512 GB SSD/Windows 11 Home/4 GB Graphics/NVIDIA GeForce NVIDIA GeForce GTX 1650 4GB GDDR6) 16ACH6 Gaming Laptop  (16 Inch, Storm Grey, 1.41 kg, With MS Office)",,79620,Intel,Ryzen 7 Hexa Core,,1135G7,Max Frequency Up to 4.2 GHz,,16,DDR4,,Yes,512 GB,,,NVIDIA GeForce NVIDIA GeForce GTX 1650 4GB GDDR6,4 GB,GDDR6,40.64 cm (16 Inch),2240 x 1400$$Pixels pixel,"2.2K IPS 300nits Anti-glare, 60Hz, 100%",,Windows 11 Home,,1.41 kg,Upto 10 Hours
"HP Core i7 11th Gen - (8 GB/512 GB SSD/Windows 10 Pro) PROBOOK 440 G8 Business Laptop  (14 inch, Grey)",,119599,Intel,Core i7,11th Gen,,,,8,DDR4,,Yes,512 GB,,,Intel Integrated INTEL,,,35.56 cm (14 inch),1366x768$$pixels pixel,,,Windows 10 Pro,,,UPTO 4 HOURS
"Lenovo Yoga 6 Ryzen 5 Hexa Core 5500U - (16 GB/1 TB SSD/Windows 11 Home) Yoga 6 Thin and Light Laptop  (13.3 inch, Abyss Blue, 1.31 kg, With MS Office)",,79978,AMD,Ryzen 5 Hexa Core,,5500U,2.10 GHz with Turbo Boost Upto 4.0 GHz,4.0,16,LPDDR4X,3200 MHz,Yes,1 TB,,,Intel Integrated Integrated AMD Radeon Graphics,,GDDR5,33.78 cm (13.3 inch),1920 x 1080$$Pixels pixel,"Full HD LED Backlit Glossy IPS Display (300 nits Brightness, 16:9 Aspect Ratio, 100% sRGB)",,Windows 11 Home,64 bit,1.31 kg,Upto 14 hours
"Lenovo Ideapad Slim 5i Core i5 11th Gen - (16 GB/512 GB SSD/Windows 11 Home) 15 ITL 05 Thin and Light Laptop  (15.6 Inch, Graphite Grey, 1.66 KG, With MS Office)",5.0,68498,Intel,Core i5,11th Gen,1135G7,2.4 GHz with Turbo Boost upto 4.2 GHz,4.0,16,DDR4,3200 MHz,Yes,512 GB,,,Intel Integrated Iris Xe,,,39.62 cm (15.6 Inch),1920 x 1080 Pixel,"Full HD LED Backlit, Anti-Glare IPS Display (300 nits Brightness, 45% NTSC Color Gamut)",,Windows 11 Home,64 bit,1.66 KG,Upto 11 Hours
"Lenovo Ideapad Slim 3i (2021) Core i3 10th Gen - (8 GB/512 GB SSD/Windows 11 Home) Ideapad Slim 3i Thin and Light Laptop  (15.6 Inch, Platinum Grey, 1.65 KG, With MS Office)",4.4,36599,Intel,Core i3,10th Gen,1135G7,2.1 GHz with Turbo Boost upto 4.0 GHz,4.0,8,DDR4,3200 MHz,Yes,512 GB,,,Intel Integrated,,,39.62 cm (15.6 Inch),1920x1080$$Pixels pixel,"Full HD LED Backlit, Anti-Glare Display (250 nits Brightness)",,Windows 11 Home,64 bit,1.65 KG,Upto 7.5 Hours
"Lenovo Core i7 11th Gen - (16 GB/512 GB SSD/Windows 11 Home) 14ITL6 Laptop  (14.22 inch, Storm Grey, With MS Office)",,85999,Intel,Core i7,11th Gen,,,,16,DDR4,,Yes,512 GB,,,Intel Integrated,,,36.12 cm (14.22 inch),2240x1400 pixel,,,Windows 11 Home,,,UPTO 10 HRS
"Lenovo Core i3 11th Gen - (8 GB/512 GB SSD/Windows 11 Home) 14ITL05 Laptop  (14 inch, Platinum Grey, With MS Office)",1.8,40490,Intel,Core i3,11th Gen,,,,8,DDR4,,Yes,512 GB,,,Intel Integrated,,DDR4,35.56 cm (14 inch),1920x1080 pixel,,,Windows 11 Home,,,UPTO 6 HRS
"HP Omen Core i7 11th Gen - (16 GB/1 TB SSD/Windows 11 Home/6 GB Graphics/NVIDIA GeForce RTX RTX 3060) 16-b0360TX Gaming Laptop  (16.1 Inch, Shadow Black, 2.32 Kg, With MS Office)",,133990,Intel,Core i7,11th Gen,11800H,4.6,8.0,16,DDR4,,Yes,1 TB,,,NVIDIA GeForce RTX RTX 3060,6 GB,GDDR6,40.89 cm (16.1 Inch),1920 x 1080 Pixel,"FHD, IPS , micro-edge, anti-glare, Low Blue Light, (300 nits Brightness, 100% sRGB Color Gamut, 137 ppi)",,Windows 11 Home,64 bit,2.32 Kg,Upto 9 hours
"ASUS Vivobook 15 Core i3 11th Gen - (8 GB/512 GB SSD/Windows 11 Home) X515EA-EJ322WS Laptop  (15.6 inch, Transparent Silver, 1.80 kg, With MS Office)",3.7,41690,Intel,Core i3,11th Gen,1115G4,3.0 GHz with Turbo Frequency Upto 4.1 GHz,2.0,8,DDR4,,Yes,512 GB,,,Intel Integrated UHD,,,39.62 cm (15.6 inch),1920 x 1080 pixel,"Full HD LED Backlit Anti-Glare Display (250 nits Brightness, 45% NTSC Color Gamut, 85% Screen-to-Body Ratio)",60 Hz,Windows 11 Home,64 bit,1.80 kg,3-5 hours
"Lenovo IdeaPad 3 Core i3 11th Gen - (8 GB/256 GB SSD/Windows 11 Home) 15ITL6 Laptop  (15 inch, Arctic Grey, With MS Office)",,41490,Intel,Core i3,11th Gen,,,,8,DDR4,,Yes,256 GB,,,Intel Integrated UHD Graphics,,,38.1 cm (15 inch),1920 x 1080 pixel,,,Windows 11 Home,,,UPTO 6 HRS
"DELL Core i5 11th Gen - (8 GB/1 TB HDD/256 GB SSD/Windows 11 Home) 3000 Laptop  (15.6 inch, Carbon Black, With MS Office)",,59990,Intel,Core i5,11th Gen,,,,8,DDR4,,Yes,256 GB,1 TB,,,,,39.62 cm (15.6 inch),1920 x 1080 pixel,,,Windows 11 Home,,,UPTO 6 HRS
"LG Gram Core i5 11th Gen - (8 GB/256 GB SSD/Windows 11 Home) Gram 14Z90P-G.AJ61A2 Thin and Light Laptop  (14 inch, Snow White, 0.99 kg)",,76990,Intel,Core i5,11th Gen,1135G7,2.4 GHz with Turbo Boost Upto 4.2 GHz,,8,DDR4,,Yes,256 GB,,,Intel Integrated Iris Xe,,,35.56 cm (14 inch),1920 x 1080 Pixel,WUXGA 16:10 Aspect Ratio IPS Display with DCI-P3 99%,,Windows 11 Home,64 bit,0.99 kg,
"LG Gram Core i5 11th Gen - (8 GB/256 GB SSD/Windows 11 Home) Gram 14Z90P-G.AJ63A2 Thin and Light Laptop  (14 inch, Quarts Silver, 0.99 kg)",,76990,Intel,Core i5,11th Gen,1135G7,2.4 GHz with Turbo Boost Upto 4.2 GHz,,8,DDR4,,Yes,256 GB,,,Intel Integrated Iris Xe,,,35.56 cm (14 inch),1920 x 1080 Pixel,WUXGA 16:10 Aspect Ratio IPS Display with DCI-P3 99%,,Windows 11 Home,64 bit,0.99 kg,
"Lenovo Ideapad Slim 3i (2021) Core i3 11th Gen - (8 GB/256 GB SSD/Windows 11 Home) Ideapad Slim 3i Thin and Light Laptop  (15.6 Inch, Arctic Grey, 1.65 KG, With MS Office)",4.2,39988,Intel,Core i3,11th Gen,1135G7,2.1 GHz with Turbo Boost upto 4.0 GHz,4.0,8,DDR4,3200 MHz,Yes,256 GB,,,Intel Integrated,,,39.62 cm (15.6 Inch),1920x1080 pixel,"Full HD LED Backlit, Anti-Glare Display (250 nits Brightness)",,Windows 11 Home,64 bit,1.65 KG,Upto 7.5 Hours
"LG Gram Core i5 11th Gen - (8 GB/512 GB SSD/Windows 11 Home) Gram 16Z90P-G.AJ64A2 Thin and Light Laptop  (16 inch, Snow White, 1.19 kg)",,86990,Intel,Core i5,11th Gen,1135G7,2.4 GHz with Turbo Boost Upto 4.2 GHz,,8,DDR4,,Yes,512 GB,,,Intel Integrated Iris Xe,,,40.64 cm (16 inch),2560 x 1600 Pixel,WQXGA 16:10 Aspect Ratio IPS Display with DCI-P3 99%,,Windows 11 Home,64 bit,1.19 kg,
"acer Aspire 3 Ryzen 5 Quad Core 3500U - (8 GB/512 GB SSD/Windows 11 Home) A315-23 Laptop  (15.6 inch, Pure Silver, 1.9 kg)",4.5,42990,AMD,Ryzen 5 Quad Core,,3500U,"Base Frequency 2.10 GHz, Max Turbo Boost Frequency Up to 3.7 GHz",4.0,8,DDR4,,Yes,512 GB,,,AMD Radeon AMD,,,39.62 cm (15.6 inch),1920 x 1080 Pixel,Full HD high-brightness Acer ComfyView LED-backlit TFT LCD,,Windows 11 Home,64 bit,1.9 kg,Upto 11 hours
"ASUS ROG Strix G15 Ryzen 9 Octa Core 5900HX - (16 GB/512 GB SSD/Windows 10 Home/4 GB Graphics/NVIDIA GeForce RTX 3050 Ti) G513QE-HN166TS Gaming Laptop  (15.6 inch, Eclipse Gray, 2.10 kg)",4.7,97990,AMD,Ryzen 9 Octa Core,,5900HX,Max Boost Frequency Upto 4.6 GHz,8.0,16,DDR4,3200 MHz,Yes,512 GB,,,NVIDIA GeForce RTX 3050 Ti,4 GB,GDDR6,39.62 cm (15.6 inch),1920 x 1080 Pixel,"FHD, Brightness: 250nits, Contrast: 1:1000, 45% NTSC, 62.5% SRGB, Anti-glare Display, Refresh Rate: 144 Hz, Adobe: 47.34%",,Windows 10 Home,,2.10 kg,
"acer Aspire 3 Core i3 11th Gen - (4 GB/256 GB SSD/Windows 11 Home) A315-58 Thin and Light Laptop  (15.6 inch, Pure Silver, 1.7 kg)",4.2,34999,Intel,Core i3,11th Gen,1115G4,"Base Frequency 3.00 GHz, Max Turbo Boost Frequency Up to 4.10 GHz",2.0,4,DDR4,,Yes,256 GB,,,Intel Integrated UHD,,,39.62 cm (15.6 inch),1920 x 1080 Pixel,"Full HD Acer ComfyView LED-backlit TFT LCD, 16:9 aspect ratio",,Windows 11 Home,64 bit,1.7 kg,Upto 9 hours
"ASUS ROG Strix G15 Ryzen 9 Octa Core 5900HX - (16 GB/1 TB SSD/Windows 10 Home/6 GB Graphics/NVIDIA GeForce RTX 3060) G513QM-HQ403TS Gaming Laptop  (15.6 inch, Eclipse Gray, 2.30 kg, With MS Office)",4.1,135990,AMD,Ryzen 9 Octa Core,,5900HX,3.3GHz with Max Turbo Boost Frequency Up to 4.6 GHz,8.0,16,DDR4,,Yes,1 TB,,,NVIDIA GeForce RTX 3060,6 GB,GDDR6,39.62 cm (15.6 inch),2560 x 1440 Pixel,"WQHD (Refresh Rate165Hz, Response Time 3ms, View angle 170, IPS-level, 300nits)",,Windows 10 Home,64 bit,2.30 kg,
"ASUS Pentium Quad Core - (4 GB/1 TB HDD/Windows 10 Home) X543MA-DM101T Laptop  (15.6 inch, Transparent Silver, 1.90 kg)",,27990,Intel,Pentium Quad Core,,N5000,1.10 GHz upto max turbo frequency at 2.70 Ghz,4.0,4,LPDDR4,,No,,1 TB,,Intel Integrated UHD,,,39.62 cm (15.6 inch),1920 x 1080 Pixel,"Full HD (Brightness: 200 nits, Color Gamut: 45% NTSC)",,Windows 10 Home,64 bit,1.90 kg,
"acer Aspire Vero(Green PC ) Core i5 11th Gen - (8 GB/512 GB SSD/Windows 11 Home) AV15-51 Thin and Light Laptop  (15.6 inch, Volcano Gray, 1.8 kg, With MS Office)",5.0,57990,Intel,Core i5,11th Gen,1155G7,"Base Frequency 2.50 GHz, Max Turbo Boost Frequency Up to 4.50 GHz",4.0,8,DDR4,,Yes,512 GB,,,Intel Integrated Iris Xe,,,39.62 cm (15.6 inch),1920 x 1080 pixel,"Full HD IPS (In-Plane Switching) technology, Acer ComfyView LED-backlit TFT LCD, 16:9 aspect ratio, 45% NTSC color gamut",,Windows 11 Home,64 bit,1.8 kg,Upto 10 hours
"ASUS Vivobook 14 Core i3 11th Gen - (8 GB/512 GB SSD/Windows 11 Home) X415EA-EB322WS Thin and Light Laptop  (14.1 inch, Transparent Silver, 1.6 kg, With MS Office)",,39990,Intel,Core i3,11th Gen,i3-1115G4,3.0 Ghz With Turbo Upto 4.10,2.0,8,DDR4,3200 MHz,Yes,512 GB,,,Intel Integrated UHD,,,35.81 cm (14.1 inch),1920 x 1080$$pixels pixel,"14.0-inch, FHD (1920 x 1080) 16:9, IPS-level Panel, Anti-glare display, LED Backlit, 250nits, NTSC: 45%, Screen-to-body ratio: 84 %",60 Hz,Windows 11 Home,64 bit,1.6 kg,Upto 6 Hrs.
"ASUS Vivobook 17 Core i5 11th Gen - (16 GB/512 GB SSD/Windows 11 Home) X712EA-AU521WS Laptop  (17.3 inch, Transparent Silver, 2.3 kg, With MS Office)",4.0,57710,Intel,Core i5,11th Gen,i5-1135G7,2.4 Ghz With Turbo Upto 4.2,4.0,16,DDR4,3200 MHz,Yes,512 GB,,,Intel Integrated Iris Xe,,,43.94 cm (17.3 inch),1920 x 1080$$pixels pixel,"17.3-inch, FHD (1920 x 1080) 16:9, IPS-level Panel, Anti-glare display, LED Backlit, 250nits, NTSC: 45%, Screen-to-body ratio: 85%",60 Hz,Windows 11 Home,64 bit,2.3 kg,Upto 6 Hrs.
"ASUS Ryzen 9 Octa Core 11th Gen - (16 GB/1 TB SSD/Windows 10 Home/6 GB Graphics/NVIDIA GeForce RTX RTX 3060 6GB Graphics) GA401QM-K2330TS Gaming Laptop  (14 inch, White, With MS Office)",,131990,AMD,Ryzen 9 Octa Core,11th Gen,,,,16,DDR4,,Yes,1 TB,,,NVIDIA GeForce RTX RTX 3060 6GB Graphics,6 GB,GDDR6,35.56 cm (14 inch),2560 x 1440 pixel,,,Windows 10 Home,,,4 hours
"HP Core i3 11th Gen - (8 GB/1 TB HDD/Windows 10) 240 G8 Laptop  (15.6 inch, Black, With MS Office)",,43990,Intel,Core i3,11th Gen,,,,8,DDR4,,No,,1 TB,,,,,39.62 cm (15.6 inch),1920x1080 pixel,,,Windows 10,,,UPTO 6 HRS
"ASUS Vivobook Core i5 11th Gen - (8 GB/256 GB SSD/Windows 10 Home) X415EA-EB502TS Thin and Light Laptop  (14 inch, Transparent Silver, 1.55 kg, With MS Office)",,46990,Intel,Core i5,11th Gen,i5-1135G7,2.4 GHz with Turbo Frequency upto 4.2 GHz,2.0,8,DDR4,,Yes,256 GB,,,Intel Integrated UHD,,,35.56 cm (14 inch),1920 x 1080 Pixels,"14"" Full HD LED vIPS Backlit Anti-Glare Display (200 nits Brightness, 45% NTSC Color Gamut, 83% Screen-to-Body Ratio)",60 Hz,Windows 10 Home,64 bit,1.55 kg,3-5 hours
"DELL Inspiron Ryzen 3 Dual Core 3250U - (8 GB/512 GB SSD/Windows 11 Home) Inspiron 3515 Thin and Light Laptop  (15.6 Inch, Platinum Silver, 1.8 Kgs, With MS Office)",4.2,43490,AMD,Ryzen 3 Dual Core,,3250U,3.5,2.0,8,DDR4,2400 MHz,Yes,512 GB,,,AMD Radeon Radeon Graphics,,,39.62 cm (15.6 Inch),1920 x 1080 Pixel,FHD WVA AG Narrow Border,,Windows 11 Home,64 bit,1.8 Kgs,Upto 7 hours
"DELL Inspiron Core i3 11th Gen - (8 GB/512 GB SSD/Windows 11 Home) INSPIRON 3511 Thin and Light Laptop  (14.96 Inch, Platinum Silver, 1.8 Kgs, With MS Office)",4.3,45490,Intel,Core i3,11th Gen,1115G4,4.1,2.0,8,DDR4,2666 MHz,Yes,512 GB,,,Intel Integrated Intel UHD Graphics,,,38.0 cm (14.96 Inch),1920x 1080 Pixel,FHD WVA AG Narrow Border,,Windows 11 Home,64 bit,1.8 Kgs,Upto 7 hours
"DELL Inspiron Core i3 11th Gen - (8 GB/1 TB HDD/256 GB SSD/Windows 11 Home) Inspiron 3511 Thin and Light Laptop  (15.6 Inch, Carbon Black, 1.8 Kgs, With MS Office)",4.3,48990,Intel,Core i3,11th Gen,1115G4,4.1,2.0,8,DDR4,2666 MHz,Yes,256 GB,1 TB,,Intel Integrated UHD Graphics,,,39.62 cm (15.6 Inch),1920 x 1080 Pixels,FHD WVA AG Narrow Border,,Windows 11 Home,64 bit,1.8 Kgs,Upto 7 hours
"DELL Vostro Core i5 11th Gen - (8 GB/1 TB HDD/256 GB SSD/Windows 11 Home) Vostro 3400 Thin and Light Laptop  (14 inch, Dune, 1.59 kg, With MS Office)",3.8,58590,Intel,Core i5,11th Gen,1135G7,2.4 GHz Upto Max Turbo Frequency at 4.2 GHz,4.0,8,DDR4,2666 MHz,Yes,256 GB,1 TB,,Intel Integrated Iris Xe,,,35.56 cm (14 inch),1920 x 1080 Pixel,Full HD WVA AG Narrow Border,,Windows 11 Home,64 bit,1.59 kg,Upto 10 hours
"DELL Inspiron Ryzen 5 Hexa Core R5-5500U - (8 GB/512 GB SSD/Windows 11 Home) Inspiron 7415 2 in 1 Laptop  (14 inch, Pebble Green, 1.56 Kg, With MS Office)",4.4,70490,AMD,Ryzen 5 Hexa Core,,R5-5500U,2.1 GHz Upto Max Turbo Frequency at 4 GHz,6.0,8,DDR4,3200 MHz,Yes,512 GB,,,AMD Radeon,,,35.56 cm (14 inch),1920 x 1080 Pixels,"FHD WVA Truelife Touch 60Hz Narrow Border, Dell Active Pen",,Windows 11 Home,64 bit,1.56 Kg,Upto 12 Hours
"DELL Vostro Core i3 10th Gen - (8 GB/512 GB SSD/Windows 11 Home) Vostro 3401 Thin and Light Laptop  (14 inch, Dune, 1.58 Kg, With MS Office)",4.1,40990,Intel,Core i3,10th Gen,1005G1,1.2 GHz Upto Max Turbo Frequency at 3.4 GHz,2.0,8,DDR4,2666 MHz,Yes,512 GB,,,Intel Integrated HD,,,35.56 cm (14 inch),1920 x 1080 Pixels,Full HD WVA AG Narrow Border,,Windows 11 Home,64 bit,1.58 Kg,Upto 10 Hours
"DELL Core i3 10th Gen - (8 GB/1 TB HDD/Windows 11 Home) Inspiron 3511 Thin and Light Laptop  (15.6 inch, Carbon Black, 1.8 kg, With MS Office)",3.7,39490,Intel,Core i3,10th Gen,1005G1,1.2 GHz upto max turbo frequency at 3.4 Ghz,2.0,8,DDR4,2666 MHz,No,,1 TB,,Intel Integrated UHD,,,39.62 cm (15.6 inch),1920 x 1080 pixel,Full HD WVA AG Narrow Border,,Windows 11 Home,64 bit,1.8 kg,Upto 7 hours
"DELL Vostro Ryzen 5 Hexa Core 5500U - (8 GB/512 GB SSD/Windows 11 Home) Vostro 5415 Thin and Light Laptop  (14 inch, Titan Grey, 1.5 kg, With MS Office)",,59490,AMD,Ryzen 5 Hexa Core,,5500U,2.4 GHz Upto Max Turbo Frequency at 4 GHz,6.0,8,DDR4,3200 MHz,Yes,512 GB,,,AMD Radeon AMD,,,35.56 cm (14 inch),1920 x 1080 Pixel,Full HD WVA AG 250 nits Narrow Border,,Windows 11 Home,64 bit,1.5 kg,Upto 8 hours
"DELL Inspiron Core i3 11th Gen - (8 GB/1 TB HDD/Windows 11 Home) Inspiron 3511 Thin and Light Laptop  (14.96 inch, Carbon Black, 1.8 kg, With MS Office)",3.6,33990,Intel,Core i3,11th Gen,1115G4,1.7 GHz Upto Max Turbo Frequency at 4.1 GHz,2.0,8,DDR4,2666 MHz,No,,1 TB,,Intel Integrated UHD,,,38.0 cm (14.96 inch),1920 x 1080 Pixel,"Full HD, WVA AG Narrow Border",,Windows 11 Home,64 bit,1.8 kg,Upto 7 Hours
"DELL Vostro Ryzen 3 Dual Core 3250U - (8 GB/512 GB SSD/Windows 11 Home) Vostro 3405 Thin and Light Laptop  (14 Inch, Accent Black, 1.59 Kgs, With MS Office)",4.3,38990,AMD,Ryzen 3 Dual Core,,3250U,3.5,2.0,8,DDR4,2400 Mhz,Yes,512 GB,,,AMD Radeon Radeon Graphics,,,35.56 cm (14 Inch),1920 x 1080 Pixels,FHD WVA AG Narrow Border,,Windows 11 Home,64 bit,1.59 Kgs,Upto 10 Hours
"DELL Inspiron Core i5 11th Gen - (8 GB/1 TB HDD/256 GB SSD/Windows 11 Home/2 GB Graphics) Inspiron 3511 Thin and Light Laptop  (15.6 Inch, Platinum Silver, 1.8 Kgs, With MS Office)",3.9,66490,Intel,Core i5,11th Gen,1135G7,4.2,4.0,8,DDR4,2666 MHz,Yes,256 GB,1 TB,,Intel Integrated UHD Graphics,2 GB,GDDR5,39.62 cm (15.6 Inch),1920 x 1080 Pixel,FHD WVA AG Narrow Border,,Windows 11 Home,64 bit,1.8 Kgs,Upto 7 hours
"DELL Inspiron Ryzen 3 Dual Core 3250U - (8 GB/1 TB HDD/Windows 11 Home) INSPIRON 3515 Thin and Light Laptop  (15.6 Inch, Carbon Black, 1.8 Kgs, With MS Office)",4.2,37390,AMD,Ryzen 3 Dual Core,,3250U,3.5,2.0,8,DDR4,2400 MHz,No,,1 TB,,AMD Radeon Radeon Graphics,,,39.62 cm (15.6 Inch),1920 x 1080 Pixel,FHD WVA AG Narrow Border,,Windows 11 Home,64 bit,1.8 Kgs,Upto 7 hours
"DELL Inspiron Core i5 11th Gen - (8 GB/512 GB SSD/Windows 11 Home/2 GB Graphics) Inspiron 3511 Thin and Light Laptop  (15.6 inch, Platinum Silver, 1.8 kg, With MS Office)",4.3,65990,Intel,Core i5,11th Gen,1135G7,2.4 GHz upto max turbo frequency at 4.2 Ghz,4.0,8,DDR4,2666 MHz,Yes,512 GB,,,Intel Integrated UHD,2 GB,GDDR5,39.62 cm (15.6 inch),1920 x 1080 pixel,Full HD WVA AG Narrow Border,,Windows 11 Home,64 bit,1.8 kg,Upto 7 hours
"DELL Inspiron Ryzen 3 Dual Core 3250U - (8 GB/256 GB SSD/Windows 11 Home) INSPIRON 3515 Thin and Light Laptop  (14.96 Inch, Carbon Black, 1.8 Kgs, With MS Office)",4.2,34990,AMD,Ryzen 3 Dual Core,,3250U,3.5,2.0,8,DDR4,2400 MHz,Yes,256 GB,,,AMD Radeon Radeon Graphics,,,38.0 cm (14.96 Inch),1920 x 1080 Pixel,FHD WVA AG Narrow Border,,Windows 11 Home,64 bit,1.8 Kgs,Upto 7 hours
"DELL Inspiron Core i3 11th Gen - (8 GB/1 TB HDD/256 GB SSD/Windows 11 Home) Inspiron 3511,Inspiron 3000 Thin and Light Laptop  (15.6 Inch, Carbon Black, 1.8 Kgs, With MS Office)",4.3,44490,Intel,Core i3,11th Gen,1115G4,4.1,2.0,8,DDR4,2666 MHz,Yes,256 GB,1 TB,,Intel Integrated UHD Graphics,,,39.62 cm (15.6 Inch),1920 x 1080 Pixels,"FHD, WVA AG Narrow Border",,Windows 11 Home,64 bit,1.8 Kgs,Upto 7 hours
"DELL Inspiron Core i5 11th Gen - (8 GB/512 GB SSD/Windows 11 Home) Inspiron 5410 2 in 1 Laptop  (14 Inch, Platinum Silver, 1.5 Kgs, With MS Office)",4.1,74990,Intel,Core i5,11th Gen,1155G7,4.5,4.0,8,DDR4,3200 MHz,Yes,512 GB,,,Intel Integrated Iris Xe Graphics,,,35.56 cm (14 Inch),1920 x 1080 Pixels,FHD WVA Truelife Touch 60Hz Narrow Border,,Windows 11 Home,64 bit,1.5 Kgs,Upto 6 hours
"DELL Inspiron Core i5 11th Gen - (16 GB/512 GB SSD/Windows 11 Home/2 GB Graphics) INSPIRON 5518 Thin and Light Laptop  (15.6 inch, Platinum Silver, 1.64 kg, With MS Office)",3.8,74690,Intel,Core i5,11th Gen,11300H,2.6 GHz Upto Max Turbo Frequency at 4.4 GHz,4.0,16,DDR4,3200 MHz,Yes,512 GB,,,NVIDIA GeForce MX450,2 GB,GDDR5,39.62 cm (15.6 inch),1920 x 1080 Pixel,Full HD WVA AG Narrow Border 250 nits,,Windows 11 Home,64 bit,1.64 kg,Upto 6 hours
"HP Ryzen 5 Octa Core 3500u - (8 GB/1 TB HDD/Windows 10 Home) 245 G8 Laptop  (15.6 inch, Dark Ash Silver, With MS Office)",,39980,AMD,Ryzen 5 Octa Core,,3500u,,,8,DDR4,,No,,1 TB,,Intel Integrated,,,39.62 cm (15.6 inch),1366 x 768$$pixels pixel,,,Windows 10 Home,,,UPTO 6 HRS
"Lenovo Ideapad AMD Ryzen 5 Hexa Core 5500U - (8 GB/512 GB SSD/Windows 11 Home) 15ALC6 Laptop  (15.6 inch, Platinum Grey, With MS Office)",4.8,48990,AMD,Ryzen 5 Hexa Core,,5500U,2.1 GHz,,8,DDR4,,Yes,512 GB,,,AMD Radeon,,,39.62 cm (15.6 inch),1920 X 1080$$Pixels pixel,,,Windows 11 Home,,,UPTO 6 HRS
"ASUS Vivobook 14 Core i3 10th Gen - (8 GB/1 TB HDD/Windows 10 Home) X415FA-BV311T Laptop  (14.1 inch, Slate Grey, 1.6 kg)",4.0,30999,Intel,Core i3,10th Gen,i3-10110U,2.1 Ghz With Turbo Upto 4.10,2.0,8,DDR4,2666 MHz,No,,1 TB,,Intel Integrated UHD,,,35.81 cm (14.1 inch),1366 X 768$$Pixels pixel,"14-Inch (35.56 cms) LED, HD (1366 x 768) 16:9, 220nits, NanoEdge bezel, Anti-Glare Plane with 45% NTSC, 82% Screen-To-Body Ratio",,Windows 10 Home,64 bit,1.6 kg,Upto 6 Hrs.
"Lenovo Ideapad Slim 3i (2021) Core i3 10th Gen - (4 GB/256 GB SSD/Windows 11 Home) Ideapad 3 Thin and Light Laptop  (15.6 Inch, Platinum Grey, 1.65 KG, With MS Office)",,39999,Intel,Core i3,10th Gen,10110U,2.1 GHz with Turbo Boost upto 4.0 GHz,4.0,4,DDR4,3200 MHz,Yes,256 GB,,,Intel Integrated,,,39.62 cm (15.6 Inch),1920x1080 pixel,"Full HD LED Backlit, Anti-Glare Display (250 nits Brightness)",,Windows 11 Home,64 bit,1.65 KG,Upto 7.5 Hours
"MSI Modern 14 Core i5 11th Gen - (8 GB/512 GB SSD/Windows 10 Home) Modern 14 B11MOU Thin and Light Laptop  (14 inch, Carbon Gray, 1.3 kg)",4.5,54990,Intel,Core i5,11th Gen,Intel® Core i5-1155G7 Processor,2.5 GHz up to 4.50 GHz,4.0,8,DDR4,,Yes,512 GB,,,Intel Integrated Intel UHD Graphics,,,35.56 cm (14 inch),1920 x 1080$$Pixels pixel,"14 Inch Full HD, 60Hz 45%NTSC IPS-Level",60 Hz,Windows 10 Home,64 bit,1.3 kg,Upto 10 Hrs
"HP Core i3 11th Gen - (8 GB/512 GB SSD/Windows 11 Home) 15s-dy3501TU Thin and Light Laptop  (15.6 inch, Natural Silver, 1.75 kg, With MS Office)",4.3,41990,Intel,Core i3,11th Gen,1125G4,Max Turbo Frequency Up to 3.7 GHz,4.0,8,DDR4,,Yes,512 GB,,,Intel Integrated UHD,,,39.62 cm (15.6 inch),1366 x 768 Pixel,"HD, micro-edge, anti-glare, Brightness: 250 nits, 101 ppi, Color Gamut: 45% NTSC",,Windows 11 Home,64 bit,1.75 kg,
"HP Pavilion x360 Core i3 11th Gen - (8 GB/512 GB SSD/Windows 11 Home) 14-dy0186TU 2 in 1 Laptop  (14 inch, Natural Silver, 1.52 kg, With MS Office)",4.4,55990,Intel,Core i3,11th Gen,1125G4,Max Turbo Frequency Up to 3.7 GHz,4.0,8,DDR4,,Yes,512 GB,,,Intel Integrated UHD,,,35.56 cm (14 inch),1920 x 1080 Pixel,"Full HD, IPS, multitouch-enabled edge-to-edge glass, micro-edge, brightness: 250 nits, 157 ppi, color gamut: 45% NTSC",,Windows 11 Home,64 bit,1.52 kg,
"HP Core i5 11th Gen - (8 GB/512 GB SSD/Windows 11 Home) 15s-du3517TU Thin and Light Laptop  (15.6 inch, Natural Silver, 1.75 Kg, With MS Office)",4.3,53990,Intel,Core i5,11th Gen,1135G7,2.4 GHz upto max turbo frequency at 4.2 Ghz,4.0,8,DDR4,,Yes,512 GB,,,Intel Integrated Iris Xe,,,39.62 cm (15.6 inch),1920 x 1080 pixel,"Full HD, IPS, micro-edge, anti-glare, Brightness: 250 nits, 141 ppi, Color Gamut: 45%NTSC",,Windows 11 Home,64 bit,1.75 Kg,Up to 12 hours
"Lenovo IdeaPad 3 Core i3 11th Gen - (8 GB/512 GB SSD/Windows 11 Home) 15ITL6 Thin and Light Laptop  (15.6 inch, Arctic Grey, 1.65 kg, With MS Office)",4.3,41990,Intel,Core i3,11th Gen,1115G4,1.7 GHz upto max turbo frequency at 4.1 Ghz,2.0,8,DDR4,,Yes,512 GB,,,Intel Integrated UHD,,,39.62 cm (15.6 inch),1920 x 1080 pixel,Full HD TN 250nits Anti-glare,,Windows 11 Home,64 bit,1.65 kg,Upto 12 hours
"HP Core i3 11th Gen - (8 GB/512 GB SSD/Windows 11 Home) 15s-dy3501TU Thin and Light Laptop  (15.6 inch, Natural Silver, 1.75 kg, With MS Office)",4.3,41990,Intel,Core i3,11th Gen,1125G4,Max Turbo Frequency Up to 3.7 GHz,4.0,8,DDR4,,Yes,512 GB,,,Intel Integrated UHD,,,39.62 cm (15.6 inch),1366 x 768 Pixel,"HD, micro-edge, anti-glare, Brightness: 250 nits, 101 ppi, Color Gamut: 45% NTSC",,Windows 11 Home,64 bit,1.75 kg,
"HP Spectre x360 14 Series Intel EVO Core i5 11th Gen - (16 GB/512 GB SSD/Windows 10 Home) 14-ea0538TU Thin and Light Laptop  (13.5 inch, Poseidon Blue, 1.34 kg, With MS Office)",,111999,Intel,Core i5,11th Gen,1135G7,2.4 GHz with Turbo Boost Upto 4.2 GHz,,16,LPDDR4X,,Yes,512 GB,,,Intel Integrated Iris Xe,,,34.29 cm (13.5 inch),1920 x 1280 Pixel,"Full HD (multitouch-enabled IPS, edge-to-edge glass, micro-edge, anti-reflection Corning Gorilla Glass NBT HP Sure View integrated privacy screen Brightness: 400nits , 171 ppi Color Gamut: 100% sRGB color gamut)",,Windows 10 Home,64 bit,1.34 kg,
"Lenovo IdeaPad 3 Ryzen 5 Hexa Core 5500U - (8 GB/512 GB SSD/Windows 11 Home) 15ALC6 Thin and Light Laptop  (15.6 inch, Arctic Grey, 1.65 kg, With MS Office)",4.3,47490,AMD,Ryzen 5 Hexa Core,,5500U,2.1 GHz with Max Turbo Boost Frequency Up to 4.0 GHz,6.0,8,DDR4,,Yes,512 GB,,,AMD Radeon AMD,,,39.62 cm (15.6 inch),1920 x 1080 pixel,"Full HD TN 250nits Anti-glare, 45% NTSC",,Windows 11 Home,64 bit,1.65 kg,Upto 11 hours
"Lenovo IdeaPad 3 Core i3 11th Gen - (8 GB/256 GB SSD/Windows 11 Home) 14ITL05 Thin and Light Laptop  (14 inch, Platinum Grey, 1.5 kg, With MS Office)",4.2,39990,Intel,Core i3,11th Gen,1115G4,1.7 GHz upto max turbo frequency at 4.1 Ghz,2.0,8,DDR4,,Yes,256 GB,,,Intel Integrated UHD,,,35.56 cm (14 inch),1920 x 1080 pixel,Full HD TN 220nits Anti-glare,,Windows 11 Home,64 bit,1.5 kg,Upto 8.5 hours
"MSI Prestige 14 Evo Intel EVO Core i7 11th Gen - (16 GB/512 GB SSD/Windows 10 Home) Prestige 14Evo A11M-625IN Thin and Light Laptop  (14 inch, Carbon Gray, 1.29 kg)",,84990,Intel,Core i7,11th Gen,1185G7,4.8 GHz,,16,LPDDR4X,,Yes,512 GB,,,Intel Integrated Intel Iris Xe Graphics,,,35.56 cm (14 inch),1920 x 1080 Pixel,"Full HD, sRGB100% 300nits 1W panel",,Windows 10 Home,64 bit,1.29 kg,
"MSI Core i3 11th Gen - (8 GB/512 GB SSD/Windows 10 Home) Modern 14 B11MOU-862IN Thin and Light Laptop  (14 inch, Carbon Gray, 1.3 kg)",4.2,37990,Intel,Core i3,11th Gen,1115G4,"3.00 GHz, Max Turbo Boost Frequency Up to 4.10 GHz",,8,DDR4,,Yes,512 GB,,,Intel Integrated UHD,,,35.56 cm (14 inch),1920 x 1080 Pixel,"Full HD , 60Hz 45%NTSC IPS-Level",,Windows 10 Home,64 bit,1.3 kg,
"DELL Core i5 11th Gen - (8 GB/512 GB SSD/Windows 10) Vostro 5402 Thin and Light Laptop  (14 Inch, Vintage Gray, 1.4 kg, With MS Office)",3.0,61490,Intel,Core i5,11th Gen,1135G7,2.4 GHz upto max turbo frequency at 4.2 Ghz,4.0,8,DDR4,3200 MHz,Yes,512 GB,,,Intel Integrated UHD,,,35.56 cm (14 Inch),1920 x 1080 pixel,Full HD WVA AG 220 nits Narrow Border,,Windows 10,64 bit,1.4 kg,Upto 7 hours
"DELL Core i5 11th Gen - (8 GB/512 GB SSD/Windows 11 Home/2 GB Graphics) Inspiron 5410 2 in 1 Laptop  (14 inch, Platinum Silver, 1.5 kg, With MS Office)",,78490,Intel,Core i5,11th Gen,1155G7,2.5 GHz upto max turbo frequency at 4.5 Ghz,4.0,8,DDR4,3200 MHz,Yes,512 GB,,,NVIDIA GeForce MX350,2 GB,GDDR5,35.56 cm (14 inch),1920 x 1080 pixel,Full HD WVA Truelife Touch Narrow Border 60Hz,,Windows 11 Home,64 bit,1.5 kg,Upto 6 hours
"DELL Inspiron Core i5 11th Gen - (8 GB/512 GB SSD/Windows 11 Home) Inspiron 3511 Thin and Light Laptop  (15.6 inch, Platinum Silver, 1.8 kg, With MS Office)",3.9,61490,Intel,Core i5,11th Gen,1135G7,2.4 GHz Upto Max Turbo Frequency at 4.2 GHz,4.0,8,DDR4,2666 MHz,Yes,512 GB,,,Intel Integrated UHD,,,39.62 cm (15.6 inch),1920 x 1080 Pixel,Full HD WVA AG Narrow Border,,Windows 11 Home,64 bit,1.8 kg,Upto 7 hours
"DELL Inspiron Ryzen 7 Octa Core 5700U - (16 GB/512 GB SSD/Windows 11 Home) Inspiron 7415 2 in 1 Laptop  (14 inch, Pebble Green, 1.56 Kg, With MS Office)",4.7,84990,AMD,Ryzen 7 Octa Core,,5700U,1.8 GHz Upto Max Turbo Frequency at 4.3 GHz,8.0,16,DDR4,3200 MHz,Yes,512 GB,,,AMD Radeon,,,35.56 cm (14 inch),1920 x 1080 Pixels,Full HD WVA Truelife Touch 60Hz Narrow Border Display with Dell Active Pen,,Windows 11 Home,64 bit,1.56 Kg,Upto 12 Hours
"DELL Inspiron Ryzen 3 Dual Core 3250U - (8 GB/1 TB HDD/Windows 11 Home) Inspiron 3515 Thin and Light Laptop  (14.96 Inch, Platinum Silver, 1.8 Kgs, With MS Office)",3.4,39490,AMD,Ryzen 3 Dual Core,,3250U,3.5,2.0,8,DDR4,2400 MHz,No,,1 TB,,AMD Radeon Radeon Graphics,,,38.0 cm (14.96 Inch),1920 x 1080 Pixel,FHD WVA AG Narrow Border,,Windows 11 Home,64 bit,1.8 Kgs,Upto 7 hours
"DELL Inspiron Core i3 10th Gen - (8 GB/512 GB SSD/Windows 11 Home) Inspiron 3511 Thin and Light Laptop  (15.6 inch, Platinum Silver, 1.8 kg, With MS Office)",4.3,47990,Intel,Core i3,10th Gen,1005G1,1.2 GHz upto max turbo frequency at 3.4 Ghz,2.0,8,DDR4,2666 MHz,Yes,512 GB,,,Intel Integrated UHD,,,39.62 cm (15.6 inch),1920 x 1080 pixel,Full HD WVA AG Narrow Border,,Windows 11 Home,64 bit,1.8 kg,Upto 7 hours
"DELL Inspiron Ryzen 5 Quad Core 3450U - (8 GB/1 TB HDD/256 GB SSD/Windows 11 Home) Inspiron 3515 Thin and Light Laptop  (15.6 Inch, Platinum Silver, 1.8 Kgs, With MS Office)",3.9,58000,AMD,Ryzen 5 Quad Core,,3450U,3.5,4.0,8,DDR4,2666 MHz,Yes,256 GB,1 TB,,AMD Radeon VEGA GRAPHICS,,,39.62 cm (15.6 Inch),1920 x 1080 Pixel,FHD WVA AG Narrow Border,,Windows 11 Home,64 bit,1.8 Kgs,Upto 7 hours
"DELL Core i3 11th Gen - (8 GB/512 GB SSD/Windows 11 Home) Inspiron 5410 2 in 1 Laptop  (14 inch, Platinum Silver, 1.5 kg, With MS Office)",4.2,60490,Intel,Core i3,11th Gen,1125G4,2.0 GHz upto max turbo frequency at 3.7 Ghz,2.0,8,DDR4,3200 MHz,Yes,512 GB,,,Intel Integrated UHD,,,35.56 cm (14 inch),1920 x 1080 pixel,Full HD WVA Truelife Touch Narrow Border 60Hz,,Windows 11 Home,64 bit,1.5 kg,Upto 6 hours
"DELL Inspiron Core i5 11th Gen - (8 GB/1 TB HDD/256 GB SSD/Windows 11 Home) INSPIRON 3511 Thin and Light Laptop  (15.6 inch, Platinum Silver, 1.8 kg, With MS Office)",4.2,61970,Intel,Core i5,11th Gen,1135G7,2.4 GHz upto max turbo frequency at 4.2 Ghz,4.0,8,DDR4,2666 MHz,Yes,256 GB,1 TB,,Intel Integrated UHD,,,39.62 cm (15.6 inch),1920 x 1080 pixel,Full HD WVA AG Narrow Border,,Windows 11 Home,64 bit,1.8 kg,Upto 7 hours
"DELL Ryzen 3 Dual Core 3250U - (8 GB/256 GB SSD/Windows 10) Inspiron 3515 Thin and Light Laptop  (15.6 inch, Platinum Silver, 1.8 kg, With MS Office)",3.7,39390,AMD,Ryzen 3 Dual Core,,3250U,2.6 GHz to max turbo frequency at 3.5 Ghz,2.0,8,DDR4,2400 MHz,Yes,256 GB,,,AMD Radeon AMD,,,39.62 cm (15.6 inch),1920 x 1080 pixel,Full HD Anti Glare,,Windows 10,64 bit,1.8 kg,Upto 7 hours
"DELL Inspiron Core i5 11th Gen - (8 GB/512 GB SSD/Windows 11 Home) Inspiron 5410 2 in 1 Laptop  (14 Inch, Platinum Silver, 1.50 Kgs, With MS Office)",4.4,71990,Intel,Core i5,11th Gen,1155G7,4.5,4.0,8,DDR4,3200 MHz,Yes,512 GB,,,Intel Integrated Iris Xe Graphics,,,35.56 cm (14 Inch),1920 x 1080 Pixel,"FHD WVA Truelife Touch Narrow Border 60Hz, Dell Active Pen",,Windows 11 Home,64 bit,1.50 Kgs,Upto 6 hours
"DELL Inspiron Pentium Quad Core - (4 GB/256 GB SSD/Windows 11 Home) Inspiron 3000 Thin and Light Laptop  (15.6 inch, Carbon Black, 1.8 kg, With MS Office)",4.3,36000,Intel,Pentium Quad Core,,N5030,1.1 GHz upto max turbo frequency at 3.1 Ghz,4.0,4,DDR4,2666 MHz,Yes,256 GB,,,Intel Integrated UHD,,,39.62 cm (15.6 inch),1920 x 1080 pixel,HD AG Narrow Border,,Windows 11 Home,64 bit,1.8 kg,Upto 7 hours
"DELL Vostro Core i3 11th Gen - (4 GB/1 TB HDD/256 GB SSD/Windows 11 Home) Vostro 3400 Thin and Light Laptop  (14 inch, Accent Black, 1.59 Kg, With MS Office)",3.0,35999,Intel,Core i3,11th Gen,1115G4,1.7 GHz Upto Max Turbo Frequency at 4.1 GHz,2.0,4,DDR4,2666 MHz,Yes,256 GB,1 TB,,Intel Integrated UHD,,,35.56 cm (14 inch),1920 x 1080 Pixels,Full HD WVA AG Narrow Border,,Windows 11 Home,64 bit,1.59 Kg,Upto 10 Hours
"DELL Inspiron Core i5 11th Gen - (8 GB/256 GB SSD/Windows 11 Home) INSPIRON 3511 Thin and Light Laptop  (15.6 Inch, Carbon Black, 1.8 Kgs, With MS Office)",3.8,55990,Intel,Core i5,11th Gen,1135G7,4.2,4.0,8,DDR4,2666 MHz,Yes,256 GB,,,Intel Integrated UHD Graphics,,,39.62 cm (15.6 Inch),1920 x 1080 Pixel,FHD WVA AG Narrow Border,,Windows 11 Home,64 bit,1.8 Kgs,Upto 7 hours
"DELL Inspiron Core i3 11th Gen - (8 GB/256 GB SSD/Windows 11 Home) INSPIRON 5410 2 in 1 Laptop  (14 inch, Platinum Silver, 1.5 kg, With MS Office)",4.4,47990,Intel,Core i3,11th Gen,1125G4,1.7 GHz upto max turbo frequency at 3.7 Ghz,2.0,8,DDR4,3200 MHz,Yes,256 GB,,,Intel Integrated UHD,,,35.56 cm (14 inch),1920 x 1080 pixel,Full HD WVA Truelife Touch Narrow Border 60Hz,,Windows 11 Home,64 bit,1.5 kg,Upto 6 hours
"DELL Inspiron Core i5 11th Gen - (16 GB/512 GB SSD/Windows 11 Home) INSPIRON 5410 2 in 1 Laptop  (14 inch, Platinum Silver, 1.5 Kg, With MS Office)",4.7,89890,Intel,Core i5,11th Gen,1155G7,2.5 GHz upto MaxTurbo Frequency at 4.5 GHz,4.0,16,DDR4,3200 MHz,Yes,512 GB,,,NVIDIA GeForce MX350,,GDDR5,35.56 cm (14 inch),1920 x 1080 Pixels,Full HD WVA Truelife Touch 60Hz Narrow Border Display with Dell Active Pen,,Windows 11 Home,64 bit,1.5 Kg,Upto 6 Hours
"DELL Vostro Core i3 10th Gen - (4 GB/1 TB HDD/256 GB SSD/Windows 11 Home) Vostro 3401 Thin and Light Laptop  (14 inch, Accent Black, 1.58 Kg, With MS Office)",,34990,Intel,Core i3,10th Gen,1005G1,1.2 GHz Upto Max Turbo Frequency at 3.4 GHz,2.0,4,DDR4,2666 MHz,Yes,256 GB,1 TB,,Intel Integrated HD,,,35.56 cm (14 inch),1920 x 1080 Pixels,Full HD WVA AG Narrow Border,,Windows 11 Home,64 bit,1.58 Kg,Upto 10 Hours
"DELL Vostro Ryzen 5 Quad Core R5-3450U - (8 GB/256 GB SSD/Windows 11 Home) Vostro 3405 Thin and Light Laptop  (14 inch, Accent Black, 1.59 Kg, With MS Office)",4.4,44490,AMD,Ryzen 5 Quad Core,,R5-3450U,2.1 GHz to Max Turbo Frequency at 3.5 GHz,4.0,8,DDR4,2400 MHz,Yes,256 GB,,,AMD Radeon,,,35.56 cm (14 inch),1920 x 1080 Pixels,Full HD WVA AG Narrow Border,,Windows 11 Home,64 bit,1.59 Kg,Upto 10 Hours
"DELL Inspiron Ryzen 5 Hexa Core R5-5500U - (8 GB/512 GB SSD/Windows 11 Home) Inspiron 5515 Thin and Light Laptop  (15.6 inch, Platinum Silver, 1.64 Kg, With MS Office)",4.6,65000,AMD,Ryzen 5 Hexa Core,,R5-5500U,2.1 GHz Upto Max Turbo Frequency at 4 GHz,6.0,8,DDR4,3200 MHz,Yes,512 GB,,,AMD Radeon,,,39.62 cm (15.6 inch),1920 x 1080 Pixels,Full HD WVA AG Narrow Border 250 nits Brightness,,Windows 11 Home,64 bit,1.64 Kg,Upto 10 Hours
"DELL Inspiron Core i3 11th Gen - (8 GB/256 GB SSD/Windows 11 Home) Inspiron 3511 Thin and Light Laptop  (14.96 Inch, Platinum Silver, 1.8 kg, With MS Office)",4.2,41990,Intel,Core i3,11th Gen,1115G4,1.7 GHz Upto Max Turbo Frequency at 4.1 GHz,2.0,8,DDR4,2666 MHz,Yes,256 GB,,,Intel Integrated UHD,,,38.0 cm (14.96 Inch),1920 x 1080 Pixel,Full HD WVA AG Narrow Border,,Windows 11 Home,64 bit,1.8 kg,Upto 7 hours
"DELL Inspiron Ryzen 3 Dual Core 3250U - (8 GB/256 GB SSD/Windows 11 Home) Inspiron 3515 Thin and Light Laptop  (15.6 Inch, Platinum Silver, 1.8 Kg, With MS Office)",4.1,39490,AMD,Ryzen 3 Dual Core,,3250U,3.5,2.0,8,DDR4,2400 MHz,Yes,256 GB,,,AMD Radeon Radeon Graphics,,,39.62 cm (15.6 Inch),1920 x 1080 Pixel,FHD WVA AG Narrow Border,,Windows 11 Home,64 bit,1.8 Kg,Upto 7 hours
"DELL Inspiron Ryzen 3 Dual Core 3250U - (8 GB/1 TB HDD/256 GB SSD/Windows 11 Home) Inspiron 3515 Thin and Light Laptop  (14.96 Inch, Platinum Silver, 1.8 Kgs, With MS Office)",4.5,43990,AMD,Ryzen 3 Dual Core,,3250U,3.5,2.0,8,DDR4,2666 MHz,Yes,256 GB,1 TB,,AMD Radeon Radeon Graphics,,,38.0 cm (14.96 Inch),1920 x 1080 Pixel,FHD WVA AG Narrow Border,,Windows 11 Home,64 bit,1.8 Kgs,Upto 7 hours
"DELL Inspiron Core i5 11th Gen - (16 GB/512 GB SSD/Windows 11 Home) Inspiron 5518 Thin and Light Laptop  (15.6 Inch, Platinum Silver, 1.64 Kgs, With MS Office)",3.8,69990,Intel,Core i5,11th Gen,11320H,4.5,4.0,16,DDR4,3200 MHz,Yes,512 GB,,,Intel Integrated Iris Xe Graphics,,,39.62 cm (15.6 Inch),1920x1080 Pixel,"FHD, WVA AG Narrow Border (250nits Brightness)",,Windows 11 Home,64 bit,1.64 Kgs,Upto 6 hours
"DELL Inspiron Core i3 11th Gen - (8 GB/1 TB HDD/256 GB SSD/Windows 11 Home) Inspiron 3511 Thin and Light Laptop  (15.6 inch, Platinum Silver, 1.8 kg, With MS Office)",4.3,48990,Intel,Core i3,11th Gen,1115G4,1.7 GHz Upto Max Turbo Frequency at 4.1 GHz,2.0,8,DDR4,2666 MHz,Yes,256 GB,1 TB,,Intel Integrated UHD,,,39.62 cm (15.6 inch),1920 x 1080 Pixel,Full HD WVA AG Narrow Border,,Windows 11 Home,64 bit,1.8 kg,Upto 7 hours
"DELL Inspiron Ryzen 5 Quad Core 3450U - (8 GB/512 GB SSD/Windows 11 Home) Inspiron 3515 Thin and Light Laptop  (15.6 inch, Platinum Silver, 1.8 Kg, With MS Office)",4.1,49990,AMD,Ryzen 5 Quad Core,,3450U,2.1 GHz to Max Turbo Frequency at 3.5 GHz,4.0,8,DDR4,2666 MHz,Yes,512 GB,,,AMD Radeon,,,39.62 cm (15.6 inch),1920 x 1080 Pixels,Full HD WVA AG Narrow Border Display,,Windows 11 Home,64 bit,1.8 Kg,Upto 7 Hours
"ASUS Core i5 11th Gen - (16 GB/512 GB SSD/Windows 10 Home) X712EA-AU521TS Thin and Light Laptop  (17.3 Inch, Transparent Silver, 2.30 KG, With MS Office)",3.5,56850,Intel,Core i5,11th Gen,1135G7,4.2,4.0,16,DDR4,,Yes,512 GB,,,Intel Integrated Intel Iris Xe Graphics,,,43.94 cm (17.3 Inch),1920 x 1080 Pixel,"FHD, (250nits Brightness, 45% NTSC color gamut)",,Windows 10 Home,64 bit,2.30 KG,
"DELL Core i5 11th Gen - (16 GB/512 GB SSD/Windows 10 Home/2 GB Graphics) 3511 Laptop  (15.6 inch, Platinum Silver, With MS Office)",,73519,Intel,Core i5,11th Gen,,,,16,DDR4,,Yes,512 GB,,,NVIDIA GeForce DDR5,2 GB,DDR5,39.62 cm (15.6 inch),1920 x 1080$$pixels pixel,,,Windows 10 Home,,,Upto 6 hours
"ASUS Vivobook Ultra K15 Core i3 11th Gen - (8 GB/512 GB SSD/Windows 11 Home) K513EA-L313WS Laptop  (15.6 inch, Transparent Silver, 1.8 kg, With MS Office)",5.0,50940,Intel,Core i3,11th Gen,i3-1115G4,3.0 Ghz With Turbo Upto 4.10,2.0,8,DDR4,3200 MHz,Yes,512 GB,,,Intel Integrated Intel UHD,,,39.62 cm (15.6 inch),1920 x 1080$$pixels pixel,"15.6-inch (39.62 cms) FHD (1920 x 1080) 16:9, LED Backlit OLED 400nits, Glossy IPS-level Panel, 100% DCI-P3 Color Gamut, Pantone Validated, 85% Screen-to-body ratio",60 Hz,Windows 11 Home,64 bit,1.8 kg,Upto 6 Hrs.
"DELL Inpiron 7501 Core i5 10th Gen - (8 GB/512 GB SSD/Windows 10/4 GB Graphics) 7501 Laptop  (15.6 inch, Silver Premium, 1.8 kg, With MS Office)",,75990,Intel,Core i5,10th Gen,"10th Generation Intel(R)Core(T M) i5-10300H (8MB Cache, up to 4.5 GHz, 4 cores)",Upto 4.5 GHz,4.0,8,DDR4,2933 MHz,Yes,512 GB,,,NVIDIA GeForce GTX NVIDIA(R) GeForce GTX(R) 1650 Ti 4GB GDDR6,4 GB,GDDR6,39.62 cm (15.6 inch),1080 pixel,15.6-inch FHD (1920 x 1080) An ti-glare LED Backlight Non-tou ch Wide Viewing Angle Display,,Windows 10,64 bit,1.8 kg,upto 6 Hours
"DELL Ryzen 5 Quad Core - (8 GB/1 TB HDD/256 GB SSD/Windows 10) 3515 Laptop  (15.6 inch, Blue Mist Sparkle, With MS Office)",4.3,51990,AMD,Ryzen 5 Quad Core,,,,,8,DDR4,,Yes,256 GB,1 TB,,AMD Radeon Vega 8,,,39.62 cm (15.6 inch),1080p pixel,,,Windows 10,,,Upto 6 hours
"DELL Inspiron Core i5 11th Gen - (8 GB/1 TB HDD/256 GB SSD/Windows 10) 3511 Laptop  (15.6 inches, Platinum Silver, 1.85 kg, With MS Office)",,59990,Intel,Core i5,11th Gen,,2.4 GHz upto Max Turbo Frequency at 4.2 GHz,4.0,8,DDR4,2666 MHz,Yes,256 GB,1 TB,,Intel Integrated,,,39.62 cm (15.6 inches),1920 x 1080$$pixels pixel,Full HD Anti Glare Display,,Windows 10,64 bit,1.85 kg,Upto 7 hours
"HP Notebook PC Core i3 11th Gen - (8 GB/1 TB HDD/Windows 10) G8 240 Thin and Light Laptop  (14 inch, Ash Gray, 1.47 kg)",4.0,35990,Intel,Core i3,11th Gen,1115G4,1.7 GHz upto max turbo frequency at 4.1 Ghz,2.0,8,DDR4,,No,,1 TB,,Intel Integrated UHD,,,35.56 cm (14 inch),1366 x 768 1366 x 768 pixel,"HD Narrowbezel, Anti-glare, 250 nits, 45%NTSC Display bezel",,Windows 10,64 bit,1.47 kg,
"ASUS VivoBook 15 (2021) Core i5 11th Gen - (8 GB/1 TB HDD/256 GB SSD/Windows 11 Home) X515EA-EJ502WS Thin and Light Laptop  (15.6 inch, Transparent Silver, 1.80 kg, With MS Office)",4.3,51990,Intel,Core i5,11th Gen,1135G7,2.4 GHz with Turbo Boost Upto 4.2 GHz,,8,DDR4,,Yes,256 GB,1 TB,,Intel Integrated Iris Xe,,,39.62 cm (15.6 inch),1920 x 1080 pixel,"Full HD (200nits, 45% NTSC color gamut, non-OLED, Anti-glare display)",,Windows 11 Home,64 bit,1.80 kg,
"ASUS VivoBook Ultra 14 (2021) Core i5 11th Gen - (16 GB/512 GB SSD/Windows 11 Home) X413EA-EB533WS Thin and Light Laptop  (14 inch, Dreamy White, 1.40 kg, With MS Office)",4.6,55990,Intel,Core i5,11th Gen,1135G7,2.4 GHz with Turbo Boost Upto 4.2 GHz,,16,DDR4,,Yes,512 GB,,,Intel Integrated Iris Xe,,,35.56 cm (14 inch),1920 x 1080 Pixel,"Full HD (IPS-level Panel, 250nits, 45% NTSC color gamut, non-OLED, Anti-glare display)",,Windows 11 Home,64 bit,1.40 kg,
"ASUS VivoBook Ultra 14 (2021) Core i5 11th Gen - (16 GB/512 GB SSD/Windows 11 Home) X413EA-EB531WS Thin and Light Laptop  (14 inch, Cobalt Blue, 1.40 kg, With MS Office)",4.6,55990,Intel,Core i5,11th Gen,1135G7,2.4 GHz with Turbo Boost Upto 4.2 GHz,,16,DDR4,,Yes,512 GB,,,Intel Integrated Iris Xe,,,35.56 cm (14 inch),1920 x 1080 Pixel,"Full HD (IPS-level Panel, 250nits, 45% NTSC color gamut, non-OLED, Anti-glare display)",,Windows 11 Home,64 bit,1.40 kg,
"ASUS VivoBook K15 OLED (2022) Core i3 11th Gen - (8 GB/256 GB SSD/Windows 11 Home) K513EA-L302WS Thin and Light Laptop  (15.6 inch, Indie Black, 1.80 kg, With MS Office)",4.5,47990,Intel,Core i3,11th Gen,1115G4,"3.00 GHz, Max Turbo Boost Frequency Up to 4.10 GHz",,8,DDR4,,Yes,256 GB,,,Intel Integrated UHD,,,39.62 cm (15.6 inch),1920 x 1080 Pixel,"Full HD, OLED (0.2ms response time, 600nits peak brightness, 100% DCI-P3 color gamut 1,000,000:1 VESA CERTIFIED Display HDR True Black 600 1.07 billion colors PANTONE Validated, Glossy display 70% less harmful blue light)",,Windows 11 Home,64 bit,1.80 kg,
"ASUS VivoBook Ultra 14 (2022) Core i5 11th Gen - (16 GB/512 GB SSD/Windows 11 Home) X413EA-EB532WS Thin and Light Laptop  (14 inch, Bespoke Black, 1.40 kg, With MS Office)",4.6,55990,Intel,Core i5,11th Gen,1135G7,2.4 GHz with Turbo Boost Upto 4.2 GHz,,16,DDR4,,Yes,512 GB,,,Intel Integrated Iris Xe,,,35.56 cm (14 inch),1920 x 1080 Pixel,"Full HD (IPS-level Panel, 250nits, 45% NTSC color gamut, non-OLED, Anti-glare display)",,Windows 11 Home,64 bit,1.40 kg,
"ASUS VivoBook K15 OLED (2022) Ryzen 5 Hexa Core 5500U - (8 GB/1 TB HDD/256 GB SSD/Windows 11 Home) KM513UA-L503WS Thin and Light Laptop  (15.6 inch, Transparent Silver, 1.80 kg, With MS Office)",4.4,58990,AMD,Ryzen 5 Hexa Core,,5500U,Max Turbo Boost Frequency Up to 4.0 GHz,,8,DDR4,,Yes,256 GB,1 TB,,AMD Radeon AMD,,,39.62 cm (15.6 inch),1920 x 1080 pixel,"Full HD (0.2ms response time, 600nits peak brightness, 100% DCI-P3 color gamut 1,000,000:1 VESA CERTIFIED Display HDR True Black 600 1.07 billion colors PANTONE Validated, Glossy display 70% less harmful blue light)",,Windows 11 Home,64 bit,1.80 kg,
"ASUS VivoBook K15 OLED (2022) Ryzen 5 Hexa Core 5500U - (8 GB/1 TB HDD/256 GB SSD/Windows 11 Home) KM513UA-L502WS Thin and Light Laptop  (15.6 inch, Indie Black, 1.80 kg, With MS Office)",4.4,58990,AMD,Ryzen 5 Hexa Core,,5500U,Max Turbo Boost Frequency Up to 4.0 GHz,,8,DDR4,,Yes,256 GB,1 TB,,AMD Radeon AMD,,,39.62 cm (15.6 inch),1920 x 1080 pixel,"Full HD (0.2ms response time, 600nits peak brightness, 100% DCI-P3 color gamut 1,000,000:1 VESA CERTIFIED Display HDR True Black 600 1.07 billion colors PANTONE Validated, Glossy display 70% less harmful blue light)",,Windows 11 Home,64 bit,1.80 kg,
"DELL Core i3 11th Gen - (8 GB/1 TB HDD/Windows 11 Home) 3511 Laptop  (15.6 inch, Carbon Black, With MS Office)",4.0,42490,Intel,Core i3,11th Gen,,,,8,DDR4,,No,,1 TB,,Intel Integrated,,,39.62 cm (15.6 inch),1920 X 1080$$Pixels pixel,,,Windows 11 Home,,,UPTO 6 HRS
"ASUS VivoBook K15 OLED (2022) Core i3 11th Gen - (8 GB/512 GB SSD/Windows 11 Home) K513EA-L312WS Thin and Light Laptop  (15.6 inch, Indie Black, 1.80 kg, With MS Office)",4.5,50990,Intel,Core i3,11th Gen,1115G4,"3.00 GHz, Max Turbo Boost Frequency Up to 4.10 GHz",,8,DDR4,,Yes,512 GB,,,Intel Integrated UHD,,,39.62 cm (15.6 inch),1920 x 1080 Pixel,"Full HD OLED (0.2ms response time, 600nits peak brightness, 100% DCI-P3 color gamut 1,000,000:1 VESA CERTIFIED Display HDR True Black 600 1.07 billion colors PANTONE Validated, Glossy display 70% less harmful blue light)",,Windows 11 Home,64 bit,1.80 kg,
"ASUS VivoBook K15 OLED (2022) Core i5 11th Gen - (16 GB/1 TB HDD/256 GB SSD/Windows 11 Home) K513EA-L523WS Thin and Light Laptop  (15.6 inch, Transparent Silver, 1.80 kg, With MS Office)",4.7,69990,Intel,Core i5,11th Gen,1135G7,2.4 GHz with Turbo Boost Upto 4.2 GHz,,16,DDR4,,Yes,256 GB,1 TB,,Intel Integrated Iris Xe,,,39.62 cm (15.6 inch),1920 x 1080 Pixel,"Full HD (0.2ms response time, 600nits peak brightness, 100% DCI-P3 color gamut 1,000,000:1 VESA CERTIFIED Display HDR True Black 600 1.07 billion colors PANTONE Validated, Glossy display 70% less harmful blue light)",,Windows 11 Home,64 bit,1.80 kg,
"ASUS Core i3 11th Gen - (8 GB/256 GB SSD/Windows 11 Home) X515EA-EJ312WS Thin and Light Laptop  (15.6 inch, Transparent Silver, 1.80 kg, With MS Office)",4.4,37990,Intel,Core i3,11th Gen,1115G4,1.7 GHz upto max turbo frequency at 4.1 Ghz,2.0,8,DDR4,,Yes,256 GB,,,Intel Integrated UHD,,,39.62 cm (15.6 inch),1920 x 1080 Pixel,"Full HD anti-glare, Brightness: 200 nits, Color Gamut: 45% NTSC",,Windows 11 Home,64 bit,1.80 kg,
"Lenovo Core i7 11th Gen - (16 GB/512 GB SSD/Windows 11 Home) 14ITL05 Laptop  (14 inch, Graphite Grey, With MS Office)",,86648,Intel,Core i7,11th Gen,,,,16,DDR4,,Yes,512 GB,,,Intel Integrated Iris Xe Graphics,,,35.56 cm (14 inch),1920 x 1080 pixel,,,Windows 11 Home,,,Upto 4 Hours
"HP Ryzen 7 Quad Core 3rd Gen - (16 GB/512 GB SSD/Windows 10 Home) 13-ay0046AU 2 in 1 Laptop  (13.3 inch, Black)",,109000,AMD,Ryzen 7 Quad Core,3rd Gen,,,,16,DDR4,,Yes,512 GB,,,AMD Radeon AMD,,,33.78 cm (13.3 inch),1920*1080 pixel,,,Windows 10 Home,,,UPTO 4 HOURS
"ASUS Vivobook 14 Core i3 10th Gen - (8 GB/256 GB SSD/Windows 10 Home) X415FA-BV341T Laptop  (14 inch, Slate Grey, 1.6 kg)",5.0,32890,Intel,Core i3,10th Gen,i3-10110U,2.1 Ghz With Turbo Upto 4.1,2.0,8,DDR4,,Yes,256 GB,,,Intel Integrated UHD,,DDR4,35.56 cm (14 inch),1366 x 768 pixel,"14-Inch (35.56 cms) LED-Backlit, HD (1366 x 768) 16:9, 220nits, NanoEdge bezel, Anti-Glare Plane with 45% NTSC, 82% Screen-To-Body Ratio",,Windows 10 Home,64 bit,1.6 kg,Upto 6 Hrs.
"ASUS ExpertBook Core i3 10th Gen - (4 GB/1 TB HDD/DOS) P1545FA-BR281 Business Laptop  (15.6 inch, Slate Grey, 1.80 kg)",2.3,34649,Intel,Core i3,10th Gen,Intel i3 10110U,2.1 GHz with Turbo Boost Upto 4.1 GHz,2.0,4,DDR4,,No,,1 TB,,Intel Integrated HD,,,39.62 cm (15.6 inch),1366 x 768$$Pixels pixel,HD LED Backlit Anti-glare Display,,DOS,64 bit,1.80 kg,4-5 Hrs
"ASUS VivoBook 14 Core i3 10th Gen - (8 GB/256 GB SSD/Windows 10 Home) X415FA-BV341T Thin and Light Laptop  (14 inch, Slate Grey, 1.80 kg)",4.3,32489,Intel,Core i3,10th Gen,Core i3-10110U,2.1 GHz with Turbo Boost Upto 4.1 GHz,2.0,8,DDR4,,Yes,256 GB,,,Intel Integrated UHD,,,35.56 cm (14 inch),1280 x 720$$Pixels pixel,HD LED Backlit Anti Glare,60 Hz,Windows 10 Home,64 bit,1.80 kg,3-5 Hrs
"ASUS Vivobook 14 Core i3 11th Gen - (8 GB/256 GB SSD/Windows 10 Home) X415EA-EB342WS Notebook  (14 inch, Transparent Silver, 1.6 kg, With MS Office)",4.3,34979,Intel,Core i3,11th Gen,i3-1115G4,3.0 Ghz With Turbo Upto 4.10,2.0,8,DDR4,3200 MHz,Yes,256 GB,,,Intel Integrated Intel UHD,,,35.56 cm (14 inch),1920x1080$$Pixels pixel,"14.0-inch, FHD (1920 x 1080) 16:9, IPS-level Panel, Anti-glare display, LED Backlit, 250nits, NTSC: 45%, Screen-to-body ratio: 84 %",60 Hz,Windows 10 Home,64 bit,1.6 kg,Upto 6 Hrs.
"ASUS Vivobook Pro 15 OLED Ryzen 7 Octa Core AMD Ryzen 7 5800H 5th Gen - (16 GB/1 TB SSD/Windows 10 Home/4 GB Graphics) M3500QC-L1262TS Laptop  (15.6 inch, Quiet Blue, 1.65 kg, With MS Office)",,89990,AMD,Ryzen 7 Octa Core,5th Gen,AMD Ryzen 7 5800H,3.2 up to 4.4 GHz max boost,8.0,16,DDR4,,Yes,1 TB,,,NVIDIA GeForce RTX RTX 3050,4 GB,GDDR5,39.62 cm (15.6 inch),1920x1080$$Pixels pixel,"15.6-inch FHD (1920 x 1080) OLED, 600nits peak brightness, 100% DCI-P3 color gamut, VESA CERTIFIED Display HDR True Black 600, PANTONE Validated",,Windows 10 Home,64 bit,1.65 kg,Upto 5-6 Hrs
"ASUS ASUS TUF Gaming F15 Core i9 11th Gen - (16 GB/1 TB SSD/Windows 10/6 GB Graphics/NVIDIA GeForce RTX 3060) FX566HM-AZ096TS Gaming Laptop  (15.6 inch, Eclipse Gray, 2.30 kg, With MS Office)",,139990,Intel,Core i9,11th Gen,11900H,2.5 GHz with Max Turbo Boost Frequency Up to 4.9 GHz,8.0,16,DDR4,,Yes,1 TB,,,NVIDIA GeForce RTX 3060,6 GB,GDDR6,39.62 cm (15.6 inch),1920 x 1080 pixel,"Full HD (IPS-level, 300nits, NTSC 72.00%, anti-glare display)",,Windows 10,64 bit,2.30 kg,
"HP Pavilion Gaming Ryzen 5 Hexa Core 5600H - (8 GB/512 GB SSD/Windows 11 Home/4 GB Graphics/NVIDIA GeForce GTX 1650) 15-EC2150AX Gaming Laptop  (15.6 inch, Shadow Black & Ultra Violet, 1.98 kg)",4.0,58990,AMD,Ryzen 5 Hexa Core,,5600H,"Base Frequency 2.40 GHz, Max Turbo Boost Frequency Up to 4.20 GHz",6.0,8,DDR4,,Yes,512 GB,,,NVIDIA GeForce GTX 1650,4 GB,GDDR6,39.62 cm (15.6 inch),1920 x 1080 Pixel,"""Full HD, IPS, micro-edge, anti-glare, Brightness: 300 nits, 141 ppi, Color Gamut: 72% NTSC """,,Windows 11 Home,64 bit,1.98 kg,
"HP x360 Core i3 11th Gen - (8 GB/256 GB SSD/Chrome OS) 14c-cc0009TU 2 in 1 Laptop  (14 inch, Mineral Silver, 1.49 Kg)",3.5,50390,Intel,Core i3,11th Gen,1125G4,3.7,4.0,8,DDR4,3200 MHz,Yes,256 GB,,,Intel Integrated UHD,,,35.56 cm (14 inch),1920 x 1080 Pixels,"Full HD Multitouch-enabled, IPS, Edge-to-edge Glass Micro-edge, Corning Gorilla Glass 5 Display (Brightness: 250 nits, 157 ppi, Color Gamut: 45% NTSC)",,Chrome,64 bit,1.49 Kg,
"DELL DELL INSPIRON 3515 2021 SERIES Ryzen 3 Dual Core AMD RYZEN 3 3250U - (8 GB/1 TB HDD/Windows 10) Inspiron 3515 Laptop  (15.6 inch, Carbon Silver, With MS Office)",,43990,AMD,Ryzen 3 Dual Core,,AMD RYZEN 3 3250U,UP TP 3.5 GHZ,2.0,8,DDR4,,No,,1 TB,,AMD Radeon Vega 8,,,39.62 cm (15.6 inch),1080 pixel,FULL HD,,Windows 10,64 bit,,Upto 6 hours
"HP Spectre x360 14 Intel EVO Core i7 11th Gen - (16 GB/1 TB SSD/Windows 10 Pro) 14-ea0077TU 2 in 1 Laptop  (13.5 inch, Poseidon Blue, 1.34 Kg)",,152999,Intel,Core i7,11th Gen,1165G7,4.7 GHz Max Turbo Frequency,4.0,16,LPDDR4X,3733 MHz,Yes,1 TB,,,,,,34.29 cm (13.5 inch),3000 x 2000 Pixels,"OLED Multitouch-enabled UWVA Edge-to-edge Glass Micro-edge Anti-reflection Corning Gorilla Glass NBT Display (Brightness: 400 nits, 267 ppi, Color Gamut: 100% NTSC, Screen to Body Ratio: 90.33%)",,Windows 10 Pro,64 bit,1.34 Kg,
"HP Pavilion Ryzen 7 Octa Core 5800U - (16 GB/1 TB SSD/Windows 11 Home) 13-BE0208AU Thin and Light Laptop  (13.3 Inch, Pale Rose Gold, 0.97 Kg, With MS Office)",,79790,AMD,Ryzen 7 Octa Core,,5800U,4.4,8.0,16,DDR4,,Yes,1 TB,,,AMD Radeon AMD Radeon,,DDR4,33.78 cm (13.3 Inch),1920 x 1200 Pixel,"WUXGA, IPS, micro-edge, anti-glare (400 nits Brightness, 100% sRGB Color Gamut, 170 ppi)",,Windows 11 Home,64 bit,0.97 Kg,Upto 10 Hours
"HP Pavilion Aero Laptop Ryzen 5 Hexa Core 5600U - (16 GB/512 GB SSD/Windows 11 Home) 13-BE0206AU Thin and Light Laptop  (13.3 inch, Natural Silver, 0.97 kg, With MS Office)",4.2,64790,AMD,Ryzen 5 Hexa Core,,5600U,Max Turbo Boost Frequency Up to 4.2 GHz,6.0,16,DDR4,,Yes,512 GB,,,Intel Integrated UHD,,,33.78 cm (13.3 inch),1920 x 1200 Pixel,"WUXGA, IPS, micro-edge, anti-glare, Brightness: 400 nits, 170 ppi, Color Gamut: 100% sRGB",,Windows 11 Home,64 bit,0.97 kg,
"HP Pavilion Gaming Ryzen 7 Octa Core 5800H - (16 GB/512 GB SSD/Windows 11 Home/4 GB Graphics/NVIDIA GeForce RTX 3050) 15-EC2146AX Gaming Laptop  (15.6 inch, Shadow Black & Ultra Violet, 1.98 kg)",3.4,79990,AMD,Ryzen 7 Octa Core,,5800H,"Base Clock 3.10 GHz, Max Turbo Boost Frequency Up to 4.40 GHz",8.0,16,DDR4,,Yes,512 GB,,,NVIDIA GeForce RTX 3050,4 GB,GDDR6,39.62 cm (15.6 inch),1920 x 1080 Pixel,"Full HD, 144 Hz, 7 ms response time, IPS, micro-edge, anti-glare, Brightness: 300 nits, 141 ppi, Color Gamut: 72% NTSC",,Windows 11 Home,64 bit,1.98 kg,
"HP Core i5 11th Gen - (8 GB/512 GB SSD/Windows 11 Home) 14s-ef1001tu Thin and Light Laptop  (14 Inch, Natural Silver, 1.49 Kg, With MS Office)",4.3,56690,Intel,Core i5,11th Gen,1135G7,4.2,4.0,8,DDR4,,Yes,512 GB,,,Intel Integrated Intel UHD Graphics,,,35.56 cm (14 Inch),1920 x 1080 Pixel,"FHD, IPS, micro-edge, BrightView (250 nits Brightness, 45% NTSC Color Gamut, 157 ppi)",,Windows 11 Home,,1.49 Kg,65 W Smart AC power adapter
"HP Pavilion Core i7 11th Gen - (16 GB/512 GB SSD/Windows 11 Home/4 GB Graphics/NVIDIA GeForce RTX RTX 3050) 15-DK2096TX Gaming Laptop  (15.6 Inch, Shadow Black & Ultra Violet, 2.23 Kg, With MS Office)",4.7,87990,Intel,Core i7,11th Gen,11370H,4.8,4.0,16,DDR4,,Yes,512 GB,,,NVIDIA GeForce RTX RTX 3050,4 GB,GDDR6,39.62 cm (15.6 Inch),1920 x 1080 Pixel,"FHD, 144 Hz, 7 ms response time, IPS, micro-edge, , anti-glare (300 nits Brightness, 72% NTSC Color Gamut, 141 ppi)",,Windows 11 Home,64 bit,2.23 Kg,Up to 7 hours
"HP x360 Core i5 11th Gen - (8 GB/256 GB SSD/Chrome OS) 14c-cc0010TU Chromebook  (14 inch, Mineral Silver, 1.49 kg)",,60390,Intel,Core i5,11th Gen,1135G7,"Base Frequency 2.40 GHz, Max Turbo Boost Frequency Upto 4.2 GHz",4.0,8,DDR4,,Yes,256 GB,,,Intel Integrated Iris Xe,,,35.56 cm (14 inch),1920 x 1080 Pixel,"Full HD, multitouch-enabled, IPS, edge-to-edge glass, micro-edge, Corning Gorilla Glass 5, Brightness: 250 nits, 157 ppi, Color Gamut: 45% NTSC",,Chrome,64 bit,1.49 kg,
"HP OMEN Core i7 11th Gen - (16 GB/1 TB SSD/Windows 10 Home/8 GB Graphics/NVIDIA GeForce RTX 3070) 16-b0370TX Gaming Laptop  (16.1 inch, Shadow Black, 2.32 kg, With MS Office)",,171990,Intel,Core i7,11th Gen,11800H,1.9 GHz to max turbo frequency at 4.6 Ghz,,16,DDR4,,Yes,1 TB,,,NVIDIA GeForce RTX 3070,8 GB,GDDR6,40.89 cm (16.1 inch),2560 x 1440 Pixel,"QHD (165 Hz, 3 ms response time IPS, micro-edge, anti-glare, Low Blue Light, Brightness: 300 nits, 182 ppi)",,Windows 10 Home,64 bit,2.32 kg,
"HP Pavilion Ryzen 5 Hexa Core 5600H - (8 GB/512 GB SSD/Windows 11 Home/4 GB Graphics/NVIDIA GeForce GTX 3050) 15-EC2145AX Gaming Laptop  (15.6 inch, Shadow Black & Ultra Violet, 1.98 kg)",4.5,69990,AMD,Ryzen 5 Hexa Core,,5600H,Base Frequency 2.40 GHz Max Turbo Boost Frequency Up to 4.20 GHz,6.0,8,DDR4,,Yes,512 GB,,,NVIDIA GeForce GTX 3050,4 GB,GDDR6,39.62 cm (15.6 inch),1920 x 1080 Pixel,"Full HD, IPS, micro-edge,anti-glare, Brightness: 300 nits, 141 ppi, Color Gamut: 72% NTSC",,Windows 11 Home,64 bit,1.98 kg,
"HP Pavilion Core i5 11th Gen - (8 GB/512 GB SSD/Windows 11 Home) 14-dv1000TU Thin and Light Laptop  (14 inch, Natural Silver, 1.41 Kg, With MS Office)",4.2,58450,Intel,Core i5,11th Gen,1155G7,4.0 GHz,4.0,8,DDR4,,Yes,512 GB,,,Intel Integrated Intel Iris Xe Graphics,,DDR4,35.56 cm (14 inch),1920 x 1080 Pixel,"Full HD, IPS, micro-edge, BrightView (250 nits Brightness, 45% NTSC Color Gamut, 157 ppi)",,Windows 11 Home,64 bit,1.41 Kg,Upto 8 Hours
"HP Pavilion Core i5 11th Gen - (16 GB/512 GB SSD/Windows 11 Home) 14-dv1001TU Thin and Light Laptop  (14 inch, Natural Silver, 1.41 kg, With MS Office)",4.5,65970,Intel,Core i5,11th Gen,1155G7,2.5 GHz Upto Max Turbo Frequency at 4.5 Ghz,4.0,16,DDR4,,Yes,512 GB,,,Intel Integrated Iris Xe,,,35.56 cm (14 inch),1920 x 1080 Pixel,"Full HD, IPS, micro-edge,Brightview, Brightness: 250nits, 157 pppi, Color Gamut: 45%NTSC",,Windows 11 Home,64 bit,1.41 kg,
"DELL Ryzen 5 Hexa Core 5600H - (8 GB/512 GB SSD/Windows 10/4 GB Graphics/NVIDIA GeForce RTX 3050) G15-5515 Gaming Laptop  (14.96 Inch, Specter Green, 2.5 kg, With MS Office)",,97468,AMD,Ryzen 5 Hexa Core,,5600H,3.3 GHz upto max turbo frequency at 4.2 Ghz,6.0,8,DDR4,3200 MHz,Yes,512 GB,,,NVIDIA GeForce RTX 3050,4 GB,GDDR6,38.0 cm (14.96 Inch),1920 x 1080 pixel,Full HD WVA AG 250 nits 120Hz Narrow Border,,Windows 10,64 bit,2.5 kg,Upto 10 Hours
"HP Pavilion Core i5 11th Gen - (8 GB/512 GB SSD/Windows 11 Home) 15-eg1000TU Thin and Light Laptop  (15.6 Inch, Natural Silver, 1.75 Kg, With MS Office)",4.2,61990,Intel,Core i5,11th Gen,1155G7,4.5,4.0,8,DDR4,,Yes,512 GB,,,NA Intel Iris Xe Graphics,,DDR4,39.62 cm (15.6 Inch),1920 x 1080 Pixel,"Full HD, IPS, micro-edge, BrightView (250 nits Brightness, 45% NTSC Color Gamut, 141 ppi)",,Windows 11 Home,64 bit,1.75 Kg,Up to 7 hours and 45 minutes
"ASUS Vivobook Pro 14X OLED (2021) Ryzen 9 Octa Core 5900HX - (16 GB/1 TB SSD/Windows 10 Home/4 GB Graphics/NVIDIA GeForce RTX RTX 3050/90 Hz) M7400QC-KM053TS Creator Laptop  (14 Inch, Black, 1.45 kg, With MS Office)",4.5,109990,AMD,Ryzen 9 Octa Core,,5900HX,3.3 GHz with Max Boost Up to 4.6 GHz,8.0,16,DDR4,,Yes,1 TB,,,NVIDIA GeForce RTX RTX 3050,4 GB,GDDR6,35.56 cm (14 Inch),2880 x 1800 Pixel,"OLED 2.8K (2880 x 1800), 16:10 aspect ratio, 90Hz refresh rate, 0.2ms response time, 600nits peak brightness, 100% DCI-P3 color gamut, PANTONE?Validated, VESA CERTIFIED Display HDR True Black 600",90 Hz,Windows 10 Home,64 bit,1.45 kg,
"ASUS Core i7 11th Gen - (8 GB/1 TB HDD/256 GB SSD/Windows 10 Home) K513EA-L703TS Thin and Light Laptop  (15.6 inch, Silver, With MS Office)",,82500,Intel,Core i7,11th Gen,,,,8,DDR4,,Yes,256 GB,1 TB,,Intel Integrated intel,,DDR4,39.62 cm (15.6 inch),1920 x 1080 pixel,,,Windows 10 Home,,,4 hrs
"ASUS Vivobook 15 Core i3 10th Gen - (4 GB/1 TB HDD/Windows 10 Home) X509FA-EJ311TS Laptop  (15.6 inch, Transparent Silver, 1.90 kg, With MS Office)",3.9,34990,Intel,Core i3,10th Gen,Intel® Core i3-10110U,2.1 GHz with Turbo Boost Upto 4.1 Ghz,2.0,4,DDR4,,No,,1 TB,,Intel Integrated Intel UHD,,,39.62 cm (15.6 inch),1920 x 1080$$Pixels pixel,"Full HD LED Backlit Anti-glare Display (200 nits Brightness, 45% NTSC Color Gamut, 83% Screen-to-body Ratio)",60 Hz,Windows 10 Home,64 bit,1.90 kg,3-5 Hrs
"ASUS Vivobook 15 K513 Core i5 11th Gen - (8 GB/1 TB HDD/256 GB SSD/Windows 10 Home) K513EA-L503TS Laptop  (15.6 inch, Silver, 1.8 kg, With MS Office)",,59990,Intel,Core i5,11th Gen,"Intel® Core i5-1135G7 Processor 8MB Cache, 2.4 GHz up to 4.20 GHz","2.4 GHz (8MB Cache, up to 4.2 GHz, 4 cores)",4.0,8,DDR4,3200 MHz,Yes,256 GB,1 TB,,Intel Integrated Intel HD Graphics,,,39.62 cm (15.6 inch),1920x1080 pixel,"15.6-inch, FHD (1920 x 1080) OLED 16:9 aspect ratio, LED Backlit, 0.2ms response time, 400nits, 600nits peak brightness, 100% DCI-P3 color gamut, PANTONE Validated, Glossy display, Screen-to-body ratio: 85 ?",60 Hz,Windows 10 Home,64 bit,1.8 kg,4 Hrs
"MSI Creator Z16 Core i9 11th Gen - (16 GB/1 TB SSD/Windows 10 Home/6 GB Graphics/NVIDIA GeForce RTX 3060) Creator Z16 A11UET-272IN Gaming Laptop  (16 inch, Lunar Gray, 2.2 kg)",,179990,Intel,Core i9,11th Gen,11900H,2.1 GHz to max turbo frequency at 4.9 Ghz,,16,DDR4,,Yes,1 TB,,,NVIDIA GeForce RTX 3060,6 GB,GDDR6,40.64 cm (16 inch),2560 x 1600 Pixel,"QHD+ (120Hz DCI-P3 100% typical, Finger Touch panel)",,Windows 10 Home,64 bit,2.2 kg,
"ASUS Vivobook X515EA Core i3 11th Gen - (8 GB/256 GB SSD/Windows 10 Home) X515EA Laptop  (15.6 inch, Transparent Silver, 1.8 kg, With MS Office)",3.9,37490,Intel,Core i3,11th Gen,Core i3 1115G4,3.0 GHz with Turbo Frequency Upto 4.1 GHz,2.0,8,DDR4,,Yes,256 GB,,,Intel Integrated Intel HD Graphics,,,39.62 cm (15.6 inch),1920 x 1080$$Pixels pixel,"Full HD LED Backlit Anti-Glare Display (250 nits Brightness, 45% NTSC Color Gamut, 85% Screen-to-Body Ratio)",60 Hz,Windows 10 Home,64 bit,1.8 kg,3-5 hours
"Lenovo Ideapad 3 Core i5 10th Gen - (8 GB/512 GB SSD/Windows 11 Home/2 GB Graphics) 15IML05 Laptop  (15.6 inch, Platinum Grey, 1.85 kg, With MS Office)",,54999,Intel,Core i5,10th Gen,10210U,1.6 GHZ TO 4.2 GHZ,4.0,8,DDR4,2666 MHz,Yes,512 GB,,,Intel Integrated UHD,2 GB,GDDR5,39.62 cm (15.6 inch),1920 x 1080$$Pixels pixel,"Full HD LED Backlit Anti-glare TN Display (16:9 Aspect Ratio, 220 nits Brightness)",,Windows 11 Home,64 bit,1.85 kg,Upto 7.3 hours
"HP Core i3 10th Gen - (8 GB/512 GB SSD/Windows 10) 240 G8 Laptop  (14.1 inch, Black)",4.4,42740,Intel,Core i3,10th Gen,,,,8,DDR4,,Yes,512 GB,,,Intel Integrated Intel HD,,,35.81 cm (14.1 inch),1080 pixel,,,Windows 10,,,Upto 8 Hours
"DELL Ryzen 5 Quad Core - (8 GB/1 TB SSD/Windows 10) Inspiron3515 Laptop  (15.6 inch, Carbon Silver, With MS Office)",4.0,57900,AMD,Ryzen 5 Quad Core,,,,,8,DDR4,,Yes,1 TB,,,AMD Radeon Vega 8,,,39.62 cm (15.6 inch),1080 pixel,,,Windows 10,,,Upto 6 hours
"Infinix INBook X1 Pro Core i7 10th Gen - (16 GB/512 GB SSD/Windows 11 Home) XL12 Thin and Light Laptop  (14 Inch, Starfall Grey, 1.48 kg)",4.2,50990,Intel,Core i7,10th Gen,1065G7,1.3 GHz upto max turbo frequency at 3.9 GHz,4.0,16,LPDDR4X,,Yes,512 GB,,,Intel Integrated Iris Plus,,DDR4,35.56 cm (14 Inch),1920 x 1080 Pixel,"Full HD IPS Display ( 300nits peak brightness, 100% sRGB, NTSC 72%)",,Windows 11 Home,64 bit,1.48 kg,Up to 13 hours
"HP Core i3 11th Gen - (8 GB/256 GB SSD/Windows 11 Home) 14s- dy2506TU Thin and Light Laptop  (14 inch, Natural Silver, 1.46 kg, With MS Office)",4.3,38990,Intel,Core i3,11th Gen,1125G4,1.7 GHz Upto Max Turbo Frequency at 4.1 GHz,4.0,8,DDR4,,Yes,256 GB,,,Intel Integrated UHD,,,35.56 cm (14 inch),1920 x 1080 Pixel,"Full HD, IPS Brightview,micro-edge,WLED- Backlit, Brightness: 250 nits, 157 ppi, Color Gamut: 45%NTSC",,Windows 11 Home,64 bit,1.46 kg,
"Infinix INBook X1 Core i3 10th Gen - (8 GB/256 GB SSD/Windows 11 Home) XL11 Thin and Light Laptop  (14 inch, Starfall Grey, 1.48 kg)",4.3,29990,Intel,Core i3,10th Gen,1005G1,1.2 GHz Max Frequency Upto 3.4GHz,2.0,8,LPDDR4X,,Yes,256 GB,,,Intel Integrated UHD,,DDR4,35.56 cm (14 inch),1920 x 1080 Pixel,"Full HD IPS Display ( 300nits peak brightness, 100% sRGB, NTSC 72%)",,Windows 11 Home,64 bit,1.48 kg,Up to 13 hours
"Infinix INBook X1 Core i5 10th Gen - (8 GB/512 GB SSD/Windows 11 Home) XL11 Thin and Light Laptop  (14 inch, Starfall Grey, 1.48 kg)",4.1,39990,Intel,Core i5,10th Gen,1035G1,1.0 GHz Max Frequency Upto 3.6 GHz,4.0,8,LPDDR4X,,Yes,512 GB,,,Intel Integrated UHD,,DDR4,35.56 cm (14 inch),1920 x 1080 Pixel,"Full HD IPS Display ( 300nits peak brightness, 100% sRGB, NTSC 72%)",,Windows 11 Home,64 bit,1.48 kg,Up to 13 hours
"Infinix INBook X1 Core i3 10th Gen - (8 GB/256 GB SSD/Windows 11 Home) XL11 Thin and Light Laptop  (14 inch, Aurora Green, 1.48 kg)",4.3,29990,Intel,Core i3,10th Gen,1005G1,1.2 GHz Max Frequency Upto 3.4GHz,2.0,8,LPDDR4X,,Yes,256 GB,,,Intel Integrated UHD,,DDR4,35.56 cm (14 inch),1920 x 1080 Pixel,"Full HD IPS Display ( 300nits peak brightness, 100% sRGB, NTSC 72%)",,Windows 11 Home,64 bit,1.48 kg,Up to 13 hours
"Infinix INBook X1 Core i5 10th Gen - (8 GB/512 GB SSD/Windows 11 Home) XL11 Thin and Light Laptop  (14 inch, Noble Red, 1.48 kg)",4.1,39990,Intel,Core i5,10th Gen,1035G1,1.0 GHz upto max turbo frequency at 3.6 GHz,4.0,8,LPDDR4X,,Yes,512 GB,,,Intel Integrated UHD,,DDR4,35.56 cm (14 inch),1920 x 1080 Pixel,"Full HD IPS Display ( 300nits peak brightness, 100% sRGB, NTSC 72%)",,Windows 11 Home,64 bit,1.48 kg,Up to 13 hours
"Infinix INBook X1 Core i3 10th Gen - (8 GB/256 GB SSD/Windows 11 Home) XL11 Thin and Light Laptop  (14 inch, Noble Red, 1.48 kg)",4.3,29990,Intel,Core i3,10th Gen,1005G1,1.2 GHz Max Frequency Upto 3.4GHz,2.0,8,LPDDR4X,,Yes,256 GB,,,Intel Integrated UHD,,DDR4,35.56 cm (14 inch),1920 x 1080 Pixel,"Full HD IPS Display ( 300nits peak brightness, 100% sRGB, NTSC 72%)",,Windows 11 Home,64 bit,1.48 kg,Up to 13 hours
"ASUS AMD Rhyzen 5 5600U Ryzen 5 Octa Core 1115G4 11th Gen - (16 GB/512 GB SSD/Windows 10 Home) UM325SA-KG512S Laptop  (13.3 inch, Pine Grey, 1.80 kg, With MS Office)",,75990,AMD,Ryzen 5 Octa Core,11th Gen,1115G4,3.0 GHz with Turbo Frequency Upto 4.1 GHz,2.0,16,DDR4,,Yes,512 GB,,,AMD Radeon WEGA 8,,,33.78 cm (13.3 inch),1920 x 1080 pixel,"Full HD LED Backlit Anti-Glare Display (250 nits Brightness, 45% NTSC Color Gamut, 85% Screen-to-Body Ratio)",60 Hz,Windows 10 Home,64 bit,1.80 kg,3-5 hours
"Lenovo Core i3 11th Gen - (8 GB/512 GB SSD/Windows 11 Home) IdeaPad 3 15ITL6 Laptop  (15.6 inch, Arctic Grey, With MS Office)",,45980,Intel,Core i3,11th Gen,,,,8,DDR4,,Yes,512 GB,,,Intel Integrated,,,39.62 cm (15.6 inch),1920x1080 pixel,,,Windows 11 Home,,,6 HRS
"HP Core i3 11th Gen - (8 GB/1 TB HDD/Windows 10 Home) 15s-du3055TU Thin and Light Laptop  (15.6 Inch, Jet Black, 1.77 Kg, With MS Office)",3.9,41490,Intel,Core i3,11th Gen,1115G4,4.1,2.0,8,DDR4,,No,,1 TB,,Intel Integrated Intel UHD Graphics,,,39.62 cm (15.6 Inch),1920 x 1080 Pixel,"FHD, IPS, micro-edge, BrightView (250 nits Brightness, 45% NTSC Color Gamut, 141 ppi)",,Windows 10 Home,64 bit,1.77 Kg,Up to 7 hours and 15 minutes
"Lenovo IdeaPad Ryzen 5 Hexa Core 5500U - (8 GB/512 GB SSD/Windows 11 Home) ideapad 3 14ALC6UB Thin and Light Laptop  (14 inch, Abyss Blue, 1.66 kg, With MS Office)",,48490,AMD,Ryzen 5 Hexa Core,,5500U,2.1 GHz with Turbo Boost Upto 4 GHz,,8,DDR4,3202 MHz,Yes,512 GB,,,AMD Radeon Radeon,,,35.56 cm (14 inch),1920 x 1080 Pixel,"Full HD (IPS 300nits Anti-glare, 45% NTSC)",,Windows 11 Home,64 bit,1.66 kg,Upto 14 hours
"ASUS Core i5 11th Gen - (16 GB/1 TB HDD/256 GB SSD/Windows 10 Home) X712EA-AU511TS Thin and Light Laptop  (17.3 Inch, Transparent Silver, 2.30 KG, With MS Office)",4.2,62990,Intel,Core i5,11th Gen,1135G7,4.2 GHz,4.0,16,DDR4,,Yes,256 GB,1 TB,,Intel Integrated Intel Iris Xe Graphics,,DDR4,43.94 cm (17.3 Inch),1920 x 1080 Pixel,"FHD, (250nits Brightness, 45% NTSC color gamut)",,Windows 10 Home,64 bit,2.30 KG,
"ASUS Vivobook Pro 14 OLED (2021) Ryzen 7 Octa Core 5800H - (16 GB/512 GB SSD/Windows 10 Home/4 GB Graphics/NVIDIA GeForce RTX RTX 3050/90 Hz) M3401QC-KM045TS Creator Laptop  (14 Inch, Quiet Blue, 1.40 kg, With MS Office)",4.8,89990,AMD,Ryzen 7 Octa Core,,5800H,3.2 GHz with Max Boost Up to 4.4 GHz,8.0,16,DDR4,,Yes,512 GB,,,NVIDIA GeForce RTX RTX 3050,4 GB,GDDR6,35.56 cm (14 Inch),2880 x 1800 Pixel,"OLED 2.8K (2880 x 1800), 16:10 aspect ratio, 90Hz refresh rate, 0.2ms response time, 600nits peak brightness, 100% DCI-P3 color gamut, PANTONE?Validated, VESA CERTIFIED Display HDR True Black 600",90 Hz,Windows 10 Home,64 bit,1.40 kg,
"ASUS Vivobook 14 Core i3 11th Gen - (8 GB/1 TB HDD/256 GB SSD/Windows 11 Home) X415EA-EB372WS Thin and Light Laptop  (14.1 inch, Transparent Silver, 1.6 kg, With MS Office)",4.1,38890,Intel,Core i3,11th Gen,i3-1115G4,3.0 Ghz With Turbo Upto 4.10,2.0,8,DDR4,3200 MHz,Yes,256 GB,1 TB,,Intel Integrated Intel UHD Graphics,,,35.81 cm (14.1 inch),1920 x 1080 pixel,"14.0-inch, FHD (1920 x 1080) 16:9 aspect ratio, IPS-level Panel, LED Backlit, 250nits, 45% NTSC color gamut, Anti-glare display",60 Hz,Windows 11 Home,64 bit,1.6 kg,Upto 6 Hrs.
"Lenovo Ideapad 5 Pro Ryzen 7 Octa Core 5800U - (16 GB/512 GB SSD/Windows 11 Home) 14ACN6 Thin and Light Laptop  (14 inch, Storm Grey, 1.38 kg, With MS Office)",,67990,AMD,Ryzen 7 Octa Core,,5800U,Base 1.9 GHz with Max Frequency Upto 4.4 GHz,8.0,16,DDR4,,Yes,512 GB,,,AMD Radeon AMD,,,35.56 cm (14 inch),2240 x 1400 Pixel,"2.2K, IPS Display, 300nits, Anti-glare, 60 Hz, 100% sRGB",,Windows 11 Home,64 bit,1.38 kg,Upto 10 hours
"ASUS VivoBook 15 Celeron Dual Core - (4 GB/256 GB SSD/Windows 10 Home) X543MA-GQ1358T Laptop  (15.6 inch, Transparent Silver, 1.9 kg)",4.0,27990,Intel,Celeron Dual Core,,N4020,1.1 Ghz With Turbo Upto 2.8,1.0,4,DDR4,2400 MHz,Yes,256 GB,,,Intel Integrated UHD Graphics 600,,,39.62 cm (15.6 inch),1366 x 768 pixel,"15.6-inch, HD (1366 x 768) 16:9 aspect ratio, LED Backlit, 200nits, 45% NTSC color gamut, Glossy display, Touch screen",,Windows 10 Home,64 bit,1.9 kg,Upto 6 Hrs.
"HP Pavilion Core i5 11th Gen - (16 GB/512 GB SSD/Windows 11 Home) 14-dv1002TU Thin and Light Laptop  (14 inch, Tranquil Pink, 1.41 kg)",4.5,65990,Intel,Core i5,11th Gen,1155G7,4.5,4.0,16,DDR4,,Yes,512 GB,,,NA Intel Iris Xe Graphics,,DDR4,35.56 cm (14 inch),1920 x 1080 Pixel,"Full HD, IPS, micro-edge, BrightView (250 nits Brightness, 45% NTSC Color Gamut, 157 ppi)",,Windows 11 Home,64 bit,1.41 kg,Upto 8 hours
"ASUS Chromebook Celeron Dual Core - (4 GB/64 GB EMMC Storage/Chrome OS) CX1101CMA-GJ0007 Chromebook  (11.6 Inch, Transparent Silver, 1.24 Kg)",3.6,18990,Intel,Celeron Dual Core,,N4020,2.8,2.0,4,LPDDR4,,No,,,64 GB,Intel Integrated UHD Graphics 600,,,29.46 cm (11.6 Inch),1366 x 768 Pixel,"HD, LCD (Anti-glare display, LED Backlit, Brightness : 200nits, NTSC: 45%)",,Chrome,64 bit,1.24 Kg,Upto 13 hours
"Lenovo Ideapad Gaming 3 Ryzen 5 Hexa Core 5600H - (8 GB/512 GB SSD/Windows 11 Home/4 GB Graphics/NVIDIA GeForce GTX 1650/120 Hz) 15ACH6| 15ACH6D1| IdeaPad Gaming3 15ACH6D1 Gaming Laptop  (15.6 inch, Shadow Black, 2.25$$kg kg)",4.5,60990,AMD,Ryzen 5 Hexa Core,,5600H,Base 3.3 GHz with Max Frequency Upto 4.2 GHz,6.0,8,DDR4,,Yes,512 GB,,,NVIDIA GeForce GTX 1650,4 GB,GDDR6,39.62 cm (15.6 inch),1920x1080 Pixel,"Full HD, IPS Display, 250nits, Anti-glare, 120 Hz, 45% NTSC",120 Hz,Windows 11 Home,64 bit,2.25$$kg kg,Upto 5 hours
"Lenovo IdeaPad 3 Core i3 11th Gen - (8 GB/256 GB SSD/Windows 11 Home) IdeaPad 3 15ITL6 Ub Thin and Light Laptop  (15.6 inch, Arctic Grey, 1.65 kg, With MS Office)",4.3,38990,Intel,Core i3,11th Gen,1115G4,"Base Frequency 3.00 GHz, Max Turbo Boost Frequency Up to 4.10 GHz",2.0,8,DDR4,,Yes,256 GB,,,Intel Integrated UHD,,,39.62 cm (15.6 inch),1920 x 1080 Pixel,Full HD TN 250nits Anti-glare,,Windows 11 Home,64 bit,1.65 kg,Upto 12 hours
"ASUS Core i3 11th Gen - (4 GB/256 GB SSD/Windows 11 Home) X415EA-EK302WS Thin and Light Laptop  (14 Inch, Transparent Silver, 1.60 kg, With MS Office)",4.1,33990,Intel,Core i3,11th Gen,1115G4,4.1,2.0,4,DDR4,,Yes,256 GB,,,Intel Integrated Intel UHD Graphics,,,35.56 cm (14 Inch),1920 x 1080 Pixel,"FHD, (220 nits Brightness, 45% NTSC color gamut)",,Windows 11 Home,64 bit,1.60 kg,
"Avita Liber V14 Core i5 10th Gen - (8 GB/512 GB SSD/Windows 10 Home) NS14A8INF561-MB Thin and Light Laptop  (14 inch, Matt Black, 1.25 kg)",3.7,46990,Intel,Core i5,10th Gen,10210U,1.80 GHz with Turbo Boost Upto 4.90 GHz,4.0,8,DDR4,2400 MHz,Yes,512 GB,,,Intel Integrated Intel Intergrated UHD,,DDR4,35.56 cm (14 inch),1920X1080 pixel,Full HD LED Backlit TFT IPS Display,,Windows 10 Home,64 bit,1.25 kg,Upto 10 hours
"DELL Inspiron Core i3 11th Gen - (8 GB/256 GB SSD/Windows 10) Inspiron 3511 Thin and Light Laptop  (15.6 inch, Carbon, 1.85 kg, With MS Office)",4.2,42490,Intel,Core i3,11th Gen,115G4,1.7 GHz upto max turbo frequency at 4.1 Ghz,2.0,8,DDR4,2666 MHz,Yes,256 GB,,,Intel Integrated UHD,,,39.62 cm (15.6 inch),1920 x 1080 Pixel,Full HD Anti Glare,,Windows 10,64 bit,1.85 kg,Upto 7 hours
"DELL Vostro Core i3 11th Gen - (4 GB/1 TB HDD/256 GB SSD/Windows 10) Vostro 3400 Thin and Light Laptop  (14 inch, Dune, 1.58 Kg, With MS Office)",3.7,44090,Intel,Core i3,11th Gen,1115G4,1.7 GHz Upto Max Turbo Frequency at 4.1 GHz,2.0,4,DDR4,2666 MHz,Yes,256 GB,1 TB,,Intel Integrated UHD,,,35.56 cm (14 inch),1920 x 1080 Pixels,Full HD WVA AG Narrow Border Display,,Windows 10,64 bit,1.58 Kg,Upto 10 Hours
"DELL Core i5 11th Gen - (16 GB/512 GB SSD/Windows 10) Inspiron 5418 Thin and Light Laptop  (14 Inch, Silver, 1.5 kg, With MS Office)",4.0,70090,Intel,Core i5,11th Gen,11320H,2.5 GHz upto max turbo frequency at 4.5 Ghz,,16,DDR4,3200 MHz,Yes,512 GB,,,Intel Integrated Iris Xe,,,35.56 cm (14 Inch),1920 x 1080 Pixel,Full HD WVA AG 250 nits Narrow Border,,Windows 10,64 bit,1.5 kg,Upto 6 hours
"DELL Vostro Ryzen 5 Quad Core 3500U - (8 GB/512 GB SSD/Windows 10) Vostro 3405 Thin and Light Laptop  (14 inches, Dune, 1.58 kg, With MS Office)",4.1,48990,AMD,Ryzen 5 Quad Core,,3500U,2.1 GHz to Max Turbo Frequency at 3.7 GHz,4.0,8,DDR4,2400 MHz,Yes,512 GB,,,AMD Radeon Vega Graphics,,,35.56 cm (14 inches),1920 x 1080 Pixels,Full HD WVA AG Narrow Border Display,,Windows 10,64 bit,1.58 kg,Upto 10 Hours
"MSI Core i3 10th Gen - (8 GB/256 GB SSD/Windows 10 Home) Modern 14 B10MW-658IN Thin and Light Laptop  (14 inch, Carbon Gray, 1.3 kg)",4.5,31990,Intel,Core i3,10th Gen,10110U,2.1 GHz with Turbo Boost Upto 4.1 GHz,,8,DDR4,,Yes,256 GB,,,Intel Integrated UHD,,,35.56 cm (14 inch),1920 x 1080 Pixel,"Full HD (60Hz, 45%NTSC, IPS-Level)",,Windows 10 Home,64 bit,1.3 kg,
"ASUS Vivobook 15 Core i3 11th Gen - (8 GB/1 TB HDD/Windows 10 Home) X515EA-BR391TS Laptop  (15.6 inch, Slate Grey, 1.8 kg, With MS Office)",4.1,35790,Intel,Core i3,11th Gen,i3-1115G4,"3.0 GHz Base Speed, Up to 4.1 GHz Max Turbo Speed",2.0,8,DDR4,3200 MHz,No,,1 TB,,Intel Integrated Intel UHD,,,39.62 cm (15.6 inch),1366 x 768 pixel,"15.6-Inch (35.56 cms) LED-Backlit LCD, HD (1366 x 768) 16:9, 220nits, NanoEdge bezel, Anti-Glare Plane with 45% NTSC, 82% Screen-To-Body Ratio",60 Hz,Windows 10 Home,64 bit,1.8 kg,Upto 6 Hrs.
"MSI Core i3 10th Gen - (8 GB/512 GB SSD/Windows 10 Home) Modern 14 B10MW-657IN Thin and Light Laptop  (14 inch, Carbon Gray, 1.3 kg)",4.4,46990,Intel,Core i3,10th Gen,10110U,2.1 GHz with Turbo Boost Upto 4.1 GHz,,8,DDR4,,Yes,512 GB,,,Intel Integrated UHD,,,35.56 cm (14 inch),1920 x 1080 Pixel,"Full HD (60Hz, 45%NTSC, IPS-Level)",,Windows 10 Home,64 bit,1.3 kg,
"MSI Core i7 10th Gen - (8 GB/512 GB SSD/Windows 10 Home) Modern 14 B10MW-659IN Thin and Light Laptop  (14 inch, Carbon Gray, 1.3 kg)",4.2,57990,Intel,Core i7,10th Gen,10510U,1.8 GHz with Turbo Boost Upto 4.9 GHz,,8,DDR4,,Yes,512 GB,,,Intel Integrated UHD,,,35.56 cm (14 inch),1920 x 1080 Pixel,"Full HD (60Hz, 45%NTSC, IPS-Level)",,Windows 10 Home,64 bit,1.3 kg,
"MSI Prestige 14 Intel EVO Core i5 11th Gen - (16 GB/512 GB SSD/Windows 10 Home) Prestige 14Evo A11M-624IN Thin and Light Laptop  (14 inch, Carbon Gray, 1.29 kg)",,74990,Intel,Core i5,11th Gen,1135G7,4.2 GHz,,16,LPDDR4X,,Yes,512 GB,,,Intel Integrated Iris Xe,,,35.56 cm (14 inch),1920 x 1080 Pixel,"Full HD, sRGB100% 300nits 1W panel",,Windows 10 Home,64 bit,1.29 kg,
"ASUS ASUS TUF Dash F15 Core i5 11th Gen - (16 GB/512 GB SSD/Windows 11 Home/6 GB Graphics/NVIDIA GeForce RTX 3060) FX516PMZ-HN186WS Gaming Laptop  (15.6 inch, Moonlight White, 2 kg, With MS Office)",4.9,84990,Intel,Core i5,11th Gen,11300H,Base 3.1 GHz Max Boost Frequency Upto 4.4 GHz,4.0,16,DDR4,1525 MHz,Yes,512 GB,,,NVIDIA GeForce RTX 3060,6 GB,GDDR6,39.62 cm (15.6 inch),1920 x 1080 Pixel,"Full HD, anti-glare display, Value IPS-level, Brightness: 250nits, Contrast: 1000:1, 45% NTSC, 62.5% SRGB, Refresh Rate: 144 Hz, Adobe: 47.34%",,Windows 11 Home,,2 kg,
"ASUS VivoBook 15 (2022) Core i3 10th Gen - (4 GB/512 GB SSD/Windows 11 Home) X515JA-EJ372WS Thin and Light Laptop  (15.6 inch, Transparent Silver, 1.80 kg, With MS Office)",4.4,34990,Intel,Core i3,10th Gen,1005G1,1.2 GHz upto max turbo frequency at 3.4 Ghz,,4,DDR4,,Yes,512 GB,,,Intel Integrated UHD,,,39.62 cm (15.6 inch),1920 x 1080 Pixel,"Full HD (200nits, 45% NTSC color gamut, non-OLED, Anti-glare display)",,Windows 11 Home,64 bit,1.80 kg,
"ASUS VivoBook 15 (2022) Core i7 10th Gen - (16 GB/512 GB SSD/Windows 11 Home/Intel Integrated Iris Plus) X515JA-EJ701WS Gaming Laptop  (15.6 inch, Transparent Silver, 1.80 kg, With MS Office)",4.0,57990,Intel,Core i7,10th Gen,1065G7,1.3 GHz upto max turbo frequency at 3.9 Ghz,,16,DDR4,,Yes,512 GB,,,Intel Integrated Iris Plus,,,39.62 cm (15.6 inch),1920 x 1080 pixel,"Full HD (200nits, 45% NTSC color gamut, non-OLED, Anti-glare display)",,Windows 11 Home,64 bit,1.80 kg,
"ASUS VivoBook 15 (2022) Core i3 10th Gen - (8 GB/512 GB SSD/Windows 11 Home) X515JA-EJ362WS Thin and Light Laptop  (15.6 inch, Transparent Silver, 1.80 kg, With MS Office)",4.3,38990,Intel,Core i3,10th Gen,1005G1,1.2 GHz upto max turbo frequency at 3.4 Ghz,,8,DDR4,,Yes,512 GB,,,Intel Integrated UHD,,,39.62 cm (15.6 inch),1920 x 1080 Pixel,"Full HD (200nits, 45% NTSC color gamut, non-OLED, Anti-glare display)",,Windows 11 Home,64 bit,1.80 kg,
"ASUS VivoBook 15 (2022) Core i7 10th Gen - (16 GB/512 GB SSD/Windows 11 Home/Intel Integrated Iris Plus) X515JA-EJ701WS Gaming Laptop  (15.6 inch, Transparent Silver, 1.80 kg, With MS Office)",4.0,57990,Intel,Core i7,10th Gen,1065G7,1.3 GHz upto max turbo frequency at 3.9 Ghz,,16,DDR4,,Yes,512 GB,,,Intel Integrated Iris Plus,,,39.62 cm (15.6 inch),1920 x 1080 pixel,"Full HD (200nits, 45% NTSC color gamut, non-OLED, Anti-glare display)",,Windows 11 Home,64 bit,1.80 kg,
"ASUS VivoBook 15 (2022) Core i3 10th Gen - (8 GB/512 GB SSD/Windows 11 Home) X515JA-EJ362WS Thin and Light Laptop  (15.6 inch, Transparent Silver, 1.80 kg, With MS Office)",4.3,38990,Intel,Core i3,10th Gen,1005G1,1.2 GHz upto max turbo frequency at 3.4 Ghz,,8,DDR4,,Yes,512 GB,,,Intel Integrated UHD,,,39.62 cm (15.6 inch),1920 x 1080 Pixel,"Full HD (200nits, 45% NTSC color gamut, non-OLED, Anti-glare display)",,Windows 11 Home,64 bit,1.80 kg,
"DELL Core i5 11th Gen - (8 GB/1 TB HDD/Windows 10) 3400 Laptop  (15 inch, Dune, With MS Office)",,58990,Intel,Core i5,11th Gen,,,,8,DDR4,,No,,1 TB,,Intel Integrated,,,38.1 cm (15 inch),1920 X 1080 pixel,,,Windows 10,,,3 HRS
"Lenovo Legion 5 Ryzen 5 Hexa Core 5600H - (8 GB/512 GB SSD/Windows 11 Home/4 GB Graphics/NVIDIA GeForce GTX NVIDIA® GEFORCE® GTX 1650 (4GB GDDR6)/60 Hz) 15ACH6 Gaming Laptop  (15.6 inch, Phantom BLUE, 2.4 kg)",,75099,AMD,Ryzen 5 Hexa Core,,5600H,3.3 GHz with Turbo Boost Upto 4.2 GHz,6.0,8,DDR4,3200 MHz,Yes,512 GB,,,NVIDIA GeForce GTX NVIDIA® GEFORCE® GTX 1650 (4GB GDDR6),4 GB,GDDR6,39.62 cm (15.6 inch),1920 x 1080$$Pixels pixel,"Full HD LED Backlit Anti-glare IPS Display (250 nits Brightness, 60 Hz Refresh Rate)",60 Hz,Windows 11 Home,64 bit,2.4 kg,Upto 6.5 hours
"HP Core i3 11th Gen - (8 GB/512 GB SSD/Windows 11 Home) 15s-du3564TU Thin and Light Laptop  (15.6 inch, Natural Silver, 1.75 kg, With MS Office)",4.3,42990,Intel,Core i3,11th Gen,1125G4,2.1 GHz with Turbo Boost Upto 3.7 GHz,,8,DDR4,,Yes,512 GB,,,Intel Integrated UHD,,,39.62 cm (15.6 inch),1366 x 768 Pixel,"HD, micro-edge, anti-glare, Brightness: 250 nits, 101 ppi , Color Gamut: 45%NTSC",,Windows 11 Home,64 bit,1.75 kg,
"ASUS Vivobook 15 Core i3 11th Gen - (8 GB/1 TB HDD/Windows 10 Home) X515EA-BR391TS Laptop  (15.6 inch, Slate Grey, 1.8 kg, With MS Office)",3.4,35990,Intel,Core i3,11th Gen,i3-1115G4,"3.0 GHz Base Speed, Up to 4.1 GHz Max Turbo Speed",2.0,8,DDR4,3200 MHz,No,,1 TB,,Intel Integrated Intel UHD,,,39.62 cm (15.6 inch),1366 x 768 pixel,"15.6-Inch (35.56 cms) LED-Backlit LCD, HD (1366 x 768) 16:9, 220nits, NanoEdge bezel, Anti-Glare Plane with 45% NTSC, 82% Screen-To-Body Ratio",60 Hz,Windows 10 Home,64 bit,1.8 kg,Upto 6 Hrs.
"DELL Core i3 11th Gen - (8 GB/256 GB SSD/Windows 10) 3511 Laptop  (15.6 inch, Mist Blue Speckle, With MS Office)",,49500,Intel,Core i3,11th Gen,I3-1115G4,,,8,DDR4,,Yes,256 GB,,,Intel Integrated,,,39.62 cm (15.6 inch),1920 X 1080 pixel,,,Windows 10,64 bit,,3HRS
"ASUS Vivobook 14 Ryzen 3 Dual Core AMD Ryzen 3 3250U - (8 GB/256 GB SSD/Windows 10 Home) M415DA-EK322TS Thin and Light Laptop  (14.1 inch, Transparent Silver, 1.5 kg, With MS Office)",4.2,33990,AMD,Ryzen 3 Dual Core,,AMD Ryzen 3 3250U,"2.6 GHz Base Speed, Up to 3.5 GHz Turbo Boost Speed",2.0,8,DDR4,,Yes,256 GB,,,AMD Radeon integrated,,,35.81 cm (14.1 inch),1920 x 1080 pixel,"14-inch (35.56 cms) LED-Backlit, FHD (1920 x 1080) 16:9, 220nits, NanoEdge bezel, Anti-Glare Plane with 45% NTSC, 82% Screen-To-Body Ratio",60 Hz,Windows 10 Home,64 bit,1.5 kg,Upto 6 Hrs.
"ASUS ROG Zephyrus G14 Ryzen 9 Octa Core AMD Ryzen 9 5900HS Processor 5th Gen - (16 GB/1 TB SSD/Windows 10 Home/4 GB Graphics/NVIDIA GeForce RTX3050Ti/120 Hz) GA401QEC-K2128TS Gaming Laptop  (14 inch, Gray, 1.7 kg, With MS Office)",,139990,AMD,Ryzen 9 Octa Core,5th Gen,AMD Ryzen 9 5900HS Processor,"3.1 GHz (16M Cache, up to 4.5 GHz)",8.0,16,DDR4,3200 MHz,Yes,1 TB,,,NVIDIA GeForce RTX3050Ti,4 GB,GDDR6,35.56 cm (14 inch),2560 x 1440 pixel,14-inch WQHD (2560 x 1440) 16:9 anti-glare display | DCI-P3:100% | Refresh Rate:120Hz | IPS-level | Pantone Validated,120 Hz,Windows 10 Home,64 bit,1.7 kg,4 Hrs
"DELL 3000 Core i3 11th Gen - (8 GB/1 TB HDD/Windows 11 Home) 3511 Laptop  (15.6 inch, Platinum Silver, With MS Office)",4.0,39997,Intel,Core i3,11th Gen,,,,8,DDR4,,No,,1 TB,,Intel Integrated Intel UHD Graphics,,,39.62 cm (15.6 inch),1080x1920 pixel,,,Windows 11 Home,,,4to5 hours
"acer Intel EVO Swift 3 Core i5 11th Gen - (8 GB/512 GB SSD/Windows 11 Home) SF314-511 Thin and Light Laptop  (14 inch, Pure Silver, 1.2 kg, With MS Office)",4.5,59990,Intel,Core i5,11th Gen,1135G7,"Base Frequnecy 2.40 GHz, Max Turbo Boost Frequency Up to 4.20 GHz",4.0,8,LPDDR4X,,Yes,512 GB,,,Intel Integrated Iris Xe,,,35.56 cm (14 inch),1920 x 1080 Pixel,"Full HD (IPS (In-Plane Switching) technology, high-brightness (300nits) Acer ComfyView LED-backlit TFT LCD, 16:9 aspect ratio, color gamut sRGB 100%)",,Windows 11 Home,64 bit,1.2 kg,Upto 18 hours
"HP Pavilion Ryzen 5 Hexa Core 5500U - (16 GB/512 GB SSD/Windows 11 Home) 14-ec0037AU Thin and Light Laptop  (14 inch, Natural Silver, 1.41 kg, With MS Office)",4.0,59999,AMD,Ryzen 5 Hexa Core,,5500U,4.5 GHz,6.0,16,DDR4,,Yes,512 GB,,,AMD Radeon AMD Radeon Graphics,,,35.56 cm (14 inch),1920 x 1080 Pixel,"Full HD, IPS, micro-edge, BrightView (250 nits Brightness, 45% NTSC Color Gamut, 157 ppi)",,Windows 11 Home,64 bit,1.41 kg,Upto 10 Hours 15 minutes
"Lenovo Core i7 10th Gen - (16 GB/512 GB SSD/Windows 10/2 GB Graphics) 20S0S1MC00 Business Laptop  (12 inch, Black)",,170000,Intel,Core i7,10th Gen,,,,16,DDR4,,Yes,512 GB,,,NVIDIA GeForce GTX 2 GB MX330,2 GB,DDR4,30.48 cm (12 inch),1920 x 1080$$Pixels pixel,,,Windows 10,,,UPTO 4 HOURS
"HP Pavilion Core i5 11th Gen - (8 GB/512 GB SSD/Windows 10 Home) 15-eg0547TU Thin and Light Laptop  (15.6 inch, Natural Silver, 1.75 kg, With MS Office)",4.3,62990,Intel,Core i5,11th Gen,1135G7,Max Turbo Boost Frequency Up to 4.20 GHz,4.0,8,DDR4,3200 MHz,Yes,512 GB,,,Intel Integrated Iris Xe,,,39.62 cm (15.6 inch),1920 x 1080 Pixel,"Full HD IPS LED Backlit Bright view Micro-edge Display (250 nits Brightness, 45% NTSC Color Gamut, 141 PPI)",,Windows 10 Home,64 bit,1.75 kg,
"HP Ryzen 7 Octa Core 5700U - (8 GB/512 GB SSD/Windows 10 Home) 14s-fq1083AU Thin and Light Laptop  (14 inch, Natural Silver, 1.46 kg, With MS Office)",4.4,55490,AMD,Ryzen 7 Octa Core,,5700U,1.8 GHz upto max turbo frequency at 4.3 Ghz,,8,DDR4,,Yes,512 GB,,,AMD Radeon AMD,,,35.56 cm (14 inch),1920 x 1080 Pixel,"Full HD, IPS, micro-edge, BrightView, Brightness: 250 nits, 157 ppi, Color Gamut: 45%NTS",,Windows 10 Home,64 bit,1.46 kg,
"ASUS ROG Zephyrus G14 Ryzen 7 Octa Core Ryzen 7-4800HS 4th Gen - (8 GB/1 TB SSD/Windows 10 Home/4 GB Graphics/NVIDIA GeForce GTX 1650/120 Hz) GA401IHR-K2067TS Gaming Laptop  (14 inch, White, 1.6 Kg, With MS Office)",5.0,81399,AMD,Ryzen 7 Octa Core,4th Gen,Ryzen 7-4800HS,2.9 GHz with Max boost up to 4.2 GHz,8.0,8,DDR4,3200 MHz,Yes,1 TB,,,NVIDIA GeForce GTX 1650,4 GB,GDDR6,35.56 cm (14 inch),2560 x 1440 pixel,14-inch FHD (1920x1080) 16:9 anti-glare display sRGB: 100% Adobe: 75.35% Refresh Rate: 120Hz IPS-level,120 Hz,Windows 10 Home,64 bit,1.6 Kg,4 Hrs
"Lenovo Legion 5 Ryzen 7 Octa Core 5800H - (16 GB/1 TB SSD/Windows 10 Home/6 GB Graphics/NVIDIA GeForce RTX 3060) 15ACH6H Gaming Laptop  (15.6 inch, Phantom Blue, Shadow Black, 2.4 kg, With MS Office)",,137990,AMD,Ryzen 7 Octa Core,,5800H,3.2 GHz with Turbo Boost Upto 4.4 GHz,8.0,16,DDR4,3200 MHz,Yes,1 TB,,,NVIDIA GeForce RTX 3060,6 GB,GDDR6,39.62 cm (15.6 inch),1920 x 1080 Pixel,"Full HD LED Backlit Anti-glare IPS Display (165Hz Refresh Rate, 300 nits Brightness, 100% sRGB, Dolby Vision, Free-Sync, G-Sync, DC Dimmer)",,Windows 10 Home,64 bit,2.4 kg,Upto 9.2 hours
"Lenovo Yoga 6 Ryzen 7 Octa Core 5700U - (16 GB/512 GB SSD/Windows 11 Home) 13ALC6 2 in 1 Laptop  (13.3 inch, Abyss Blue, 1.32 kg, With MS Office)",4.7,77990,AMD,Ryzen 7 Octa Core,,5700U,1.8 GHz upto max turbo frequency at 4.3 Ghz,,16,DDR4,,Yes,512 GB,,,AMD Radeon AMD,,,33.78 cm (13.3 inch),1920 x 1080 Pixel,"Full HD (IPS 300nits Glossy, 72% NTSC, Touch)",,Windows 11 Home,64 bit,1.32 kg,Upto 18 Hours
"ASUS ROG Zephyrus G14 Ryzen 7 Octa Core Ryzen 7-4800HS 4th Gen - (8 GB/1 TB SSD/Windows 10 Home/4 GB Graphics/NVIDIA GeForce GTX 1650/144 Hz) GA401IHR-HZ070TS Gaming Laptop  (14 inch, Grey, 1.6 Kg, With MS Office)",,76990,AMD,Ryzen 7 Octa Core,4th Gen,Ryzen 7-4800HS,2.9 GHz with Max boost up to 4.2 GHz,8.0,8,DDR4,3200 MHz,Yes,1 TB,,,NVIDIA GeForce GTX 1650,4 GB,GDDR6,35.56 cm (14 inch),1980 x 1080 pixel,14-inch FHD (1920x1080) 16:9 anti-glare display sRGB: 100% Adobe: 75.35% Refresh Rate: 120Hz IPS-level,144 Hz,Windows 10 Home,64 bit,1.6 Kg,4 Hrs
"ASUS ROG Zephyrus 14 Ryzen 7 Octa Core AMD Ryzen 7 5800H 5th Gen - (8 GB/1 TB SSD/Windows 10 Home/4 GB Graphics/NVIDIA GeForce GTX 1650/144 Hz) GA401QH-HZ077TS Gaming Laptop  (14 inch, White, 1.6 kg, With MS Office)",,86990,AMD,Ryzen 7 Octa Core,5th Gen,AMD Ryzen 7 5800H,"3.0 GHz (16M Cache, up to 4.3 GHz)",8.0,8,DDR4,3200 MHz,Yes,1 TB,,,NVIDIA GeForce GTX 1650,4 GB,GDDR6,35.56 cm (14 inch),1920 x 1080 pixel,14-inch FHD (1920x1080) 16:9 anti-glare display sRGB: 100% Adobe: 75.35% Refresh Rate: 144Hz IPS-level Adaptive-Sync Pantone Validated,144 Hz,Windows 10 Home,64 bit,1.6 kg,Upto 12 Hrs
"Lenovo IdeaPad 3 Celeron Dual Core - (4 GB/256 GB SSD/Windows 10 Home) 14IGL05 Thin and Light Laptop  (14 inch, Platinum Grey, 1.5 Kg)",,30699,Intel,Celeron Dual Core,,N4020,Upto 2.8 GHz,2.0,4,DDR4,,Yes,256 GB,,,Intel Integrated UHD,,,35.56 cm (14 inch),1366 x 768 Pixel,,,Windows 10 Home,64 bit,1.5 Kg,Upto 14 hours
"Lenovo Celeron Dual Core - (4 GB/1 TB HDD/DOS) V15-IGL Laptop  (15.6 inch, Grey, 1.85 kg)",3.1,29999,Intel,Celeron Dual Core,,,,,4,DDR4,,No,,1 TB,,Intel Integrated Intel Integrated UHD,,,39.62 cm (15.6 inch),1920 X 1080 pixel,,,DOS,,1.85 kg,4 HOURS
"MSI Pulse GL66 Core i7 11th Gen - (16 GB/1 TB SSD/Windows 10 Home/8 GB Graphics/NVIDIA GeForce RTX 3070) Pulse GL66 11UGK-431IN Gaming Laptop  (15.6 Inch, Gray, 2.25 kg)",4.3,119990,Intel,Core i7,11th Gen,11800H,Max Frequency Up to 4.6GHz,,16,DDR4,,Yes,1 TB,,,NVIDIA GeForce RTX 3070,8 GB,GDDR6,39.62 cm (15.6 Inch),2560 x 1440 Pixel,QHD 165Hz DCI-P3 100%,,Windows 10 Home,64 bit,2.25 kg,
"DELL Inspiron Core i3 10th Gen - (8 GB/1 TB HDD/Windows 10) Inspiron 3511 Thin and Light Laptop  (15.6 inch, Carbon, 1.85 kg, With MS Office)",3.7,40990,Intel,Core i3,10th Gen,1005G1,1.2 GHz upto max turbo frequency at 3.4 Ghz,2.0,8,DDR4,2666 MHz,No,,1 TB,,Intel Integrated UHD,,,39.62 cm (15.6 inch),1920 x 1080 Pixel,Full HD Anti Glare,,Windows 10,64 bit,1.85 kg,Upto 7 hours
"MSI Katana GF66 Core i5 11th Gen - (16 GB/512 GB SSD/Windows 10 Home/4 GB Graphics/NVIDIA GeForce RTX 3050Ti) Katana GF66 11UD-876IN Gaming Laptop  (15.6 Inch, Black, 2.25 kg)",4.5,72990,Intel,Core i5,11th Gen,11400H,Max Frequency Up to 4.5 GHz,,16,DDR4,,Yes,512 GB,,,NVIDIA GeForce RTX 3050Ti,4 GB,GDDR6,39.62 cm (15.6 Inch),1920 x 1080 Pixel,"Full HD, 144Hz 45%NTSC IPS-Level",,Windows 10 Home,64 bit,2.25 kg,
"Lenovo Yoga 6 Ryzen 5 Hexa Core 5500U - (16 GB/512 GB SSD/Windows 11 Home) Yoga 6 Thin and Light Laptop  (13.3 inch, Abyss_blue, 1.31 kg, With MS Office)",,74798,AMD,Ryzen 5 Hexa Core,,5500U,2.10 GHz with Turbo Boost Upto 4.0 GHz,4.0,16,LPDDR4X,3200 MHz,Yes,512 GB,,,Intel Integrated Integrated AMD Radeon Graphics,,GDDR5,33.78 cm (13.3 inch),1920 x 1080 Pixel,"Full HD LED Backlit Glossy IPS Display (300 nits Brightness, 16:9 Aspect Ratio, 100% sRGB)",,Windows 11 Home,64 bit,1.31 kg,Upto 14 hours
"Lenovo V15 Core i3 11th Gen - (4 GB/256 GB SSD/Windows 10 Home) V15 G2 ITL Thin and Light Laptop  (15.6 inch, Iron Grey)",,43990,Intel,Core i3,11th Gen,1115G4,"3.0 GHz base clock speed, up to 4.10 GHz max boost clock",,4,DDR4,,Yes,256 GB,,,Intel Integrated UHD,,,39.62 cm (15.6 inch),1920 x 1080 pixel,,,Windows 10 Home,64 bit,,Upto 5.5 Hr as per MobileMark 2014
"APPLE 2021 Macbook Pro M1 Pro - (16 GB/1 TB SSD/Mac OS Monterey) MKGQ3HN/A  (14.2 inch, Space Grey?, 1.6 kg)",4.8,225990,Apple,M1 Pro,,,,10.0,16,Unified Memory,,Yes,1 TB,,,,,,36.07 cm (14.2 inch),3024 x 1964 Pixel,"Liquid Retina XDR display, Native resolution at 254 pixels per inch, Up to 1,000 nits sustained (full-screen) brightness, 1,600 nits peak brightness, 10,00,000:1 contrast ratio",,Mac OS Monterey,,1.6 kg,Upto 17 Hrs
"Lenovo Core i5 10th Gen - (8 GB/1 TB HDD/Windows 10 Home/4 GB Graphics/NVIDIA GeForce GTX NVIDIA GeForce GTX 1650 4GB GDDR6) 81Y40183IN Gaming Laptop  (15.6 inch, Onyx Black)",,62990,Intel,Core i5,10th Gen,,,,8,DDR4,,No,,1 TB,,NVIDIA GeForce GTX NVIDIA GeForce GTX 1650 4GB GDDR6,4 GB,GDDR6,39.62 cm (15.6 inch),1920 x 1080 pixel,,,Windows 10 Home,,,UPTO 8 HOURS
"ASUS ROG Strix G15 Ryzen 7 Octa Core 4800H - (8 GB/512 GB SSD/Windows 10 Home/4 GB Graphics/NVIDIA GeForce GTX 1650) G513IH-HN081T Gaming Laptop  (15.6 inch, Electro Punk, 2.10 kg)",,75990,AMD,Ryzen 7 Octa Core,,4800H,2.9 GHz Upto Max Turbo Frequency at 4.2 GHz,8.0,8,DDR4,,Yes,512 GB,,,NVIDIA GeForce GTX 1650,4 GB,GDDR6,39.62 cm (15.6 inch),1920 x 1080 Pixel,"Full HD (144 Hz, IPS anti-glare, Brightness: 250 nits, Color Gamut: 45% NTSC, SRGB 62.5%,Adobe 47.34%)",,Windows 10 Home,64 bit,2.10 kg,
"acer Nitro 5 Ryzen 7 Octa Core 5800H - (16 GB/1 TB HDD/256 GB SSD/Windows 10 Home/4 GB Graphics/NVIDIA GeForce RTX 3050 Ti) AN515-45/ AN515-45-R3FB Gaming Laptop  (15.6 inch, Shale Black, 2.4 kg)",4.5,80990,AMD,Ryzen 7 Octa Core,,5800H,"Base Clock 3.2 GHz, Max Turbo Boost Frequency Up to 4.40 GHz",,16,DDR4,,Yes,256 GB,1 TB,,NVIDIA GeForce RTX 3050 Ti,4 GB,GDDR6,39.62 cm (15.6 inch),1920 x 1080 Pixel,"Full HD, IPS (In-Plane Switching) technology, Acer ComfyView LED-backlit TFT LCD, 16:9 aspect ratio, supporting 144 Hz refresh rate",,Windows 10 Home,64 bit,2.4 kg,
"HP Spectre x360 14 Intel EVO Core i7 11th Gen - (16 GB/1 TB SSD/Windows 10 Home) 14-ea0541TU 2 in 1 Laptop  (13.5 inch, Nightfall Black, 1.34 Kg)",,128990,Intel,Core i7,11th Gen,1165G7,4.7 GHz Max Turbo Frequency,4.0,16,LPDDR4X,3733 MHz,Yes,1 TB,,,,,,34.29 cm (13.5 inch),1920 x 1280 Pixels,"WUXGA+ Multitouch-enabled IPS Edge-to-edge Glass Micro-edge Anti-reflection Corning Gorilla Glass NBT Display (Brightness: 1000 nits, 171 ppi, Color Gamut: 100% sRGB, Screen to Body Ratio: 90.33%)",,Windows 10 Home,64 bit,1.34 Kg,
"HP Pavilion x360 Core i3 11th Gen - (8 GB/512 GB SSD/Windows 10 Home) 14-dy0002TU Thin and Light Laptop  (14 inch, Natural Silver, 1.52 kg, With MS Office)",4.4,59990,Intel,Core i3,11th Gen,1125G4,2.1 GHz with Turbo Boost Upto 3.7 GHz,,8,DDR4,,Yes,512 GB,,,Intel Integrated UHD,,,35.56 cm (14 inch),1920 x 1080 Pixel,"Full HD (IPS, multitouch-enabled edge-to-edge glass, micro-edge, anti-glare, Brightness: 250 nits, 157 ppi, Color Gamut: 45% NTSC)",,Windows 10 Home,64 bit,1.52 kg,
"HP Pavilion Ryzen 5 Hexa Core 5500U - (16 GB/512 GB SSD/Windows 10 Home) 14-ec0033AU Thin and Light Laptop  (14 inch, Natural Silver, 1.41 kg, With MS Office)",4.4,59890,AMD,Ryzen 5 Hexa Core,,5500U,Max Turbo Boost Frequency Up to 4.0 GHz,,16,DDR4,,Yes,512 GB,,,AMD Radeon AMD,,,35.56 cm (14 inch),1920 x 1080 Pixel,"Full HD (IPS, micro-edge, anti-glare Brightness: 250 nits, 157 ppi Color Gamut: 45%NTSC)",,Windows 10 Home,64 bit,1.41 kg,
"Lenovo IdeaPad 3 Core i3 10th Gen - (8 GB/256 GB SSD/Windows 10 Home) 15IIL05 Laptop  (15.6 inch, Platinum Grey, 1.85 kg, With MS Office)",,43900,Intel,Core i3,10th Gen,1005G1,1.2 GHz upto max turbo frequency at 3.4 Ghz,,8,DDR4,,Yes,256 GB,,,Intel Integrated UHD,,,39.62 cm (15.6 inch),1366 x 768 Pixel,HD TN 220nits Anti-glare,,Windows 10 Home,64 bit,1.85 kg,Upto 9.3 hours
"ASUS Ryzen 7 Octa Core 4th Gen - (8 GB/512 GB SSD/Windows 10/4 GB Graphics/NVIDIA GeForce GTX GTX1650- 4GB) G513IH-HN081T Gaming Laptop  (15.6 inch, Electro Punk)",,74990,AMD,Ryzen 7 Octa Core,4th Gen,,,,8,DDR4,,Yes,512 GB,,,NVIDIA GeForce GTX GTX1650- 4GB,4 GB,DDR5,39.62 cm (15.6 inch),720 * 1080 FHD pixel,,,Windows 10,,,4hr to 6hr
"acer Extensa 15 Core i3 11th Gen - (4 GB/256 GB SSD/Windows 10 Home) EX215-54 Thin and Light Laptop  (15.6 inch, Charcoal Black)",4.3,37490,Intel,Core i3,11th Gen,1115G4,"3.00 GHz, Max Turbo Boost Frequency Up to 4.10 GHz",,4,DDR4,,Yes,256 GB,,,Intel Integrated UHD,,,39.62 cm (15.6 inch),1920 x 1080 Pixel,Full HD High-Brightness Acer ComfyView LED-backlit TFT LCD,,Windows 10 Home,64 bit,,
"Lenovo Core i3 10th Gen - (4 GB/256 GB SSD/Windows 10 Home) 81WD010TIN Laptop  (12 inch, Blue, With MS Office)",,38700,Intel,Core i3,10th Gen,,,,4,DDR4,,Yes,256 GB,,,Intel Integrated,,,30.48 cm (12 inch),1920 X 1080$$Pixels pixel,,,Windows 10 Home,,,1 hr
"acer Aspire Athlon Dual Core 3050U - (4 GB/256 GB SSD/Windows 10 Home) A315-23 Laptop  (15.6 inch, Pure Silver, 1.9 kg)",4.2,31990,AMD,Athlon Dual Core,,3050U,"2.30 GHz, Max Turbo Boost Frequency Up to 3.20 GHz",,4,DDR4,,Yes,256 GB,,,AMD Radeon AMD,,,39.62 cm (15.6 inch),1366 x 768 Pixel,"HD, high-brightness Acer ComfyView LED-backlit TFT LCD",,Windows 10 Home,64 bit,1.9 kg,Upto 11 hours
"Lenovo Core i3 10th Gen - (4 GB/256 GB SSD/Windows 10 Home) 81WB010XIN Laptop  (15.6 inch, Platinum Grey, With MS Office)",5.0,40990,Intel,Core i3,10th Gen,,,,4,DDR4,,Yes,256 GB,,,Intel Integrated,,,39.62 cm (15.6 inch),1920 X 1080$$Pixels pixel,,,Windows 10 Home,,,3HRS
"DELL Inspiron Core i3 10th Gen - (8 GB/256 GB SSD/Windows 10) Inspiron 3511 Thin and Light Laptop  (15.6 inch, Accent Black, 1.85 kg, With MS Office)",3.9,42590,Intel,Core i3,10th Gen,1005G1,1.2 GHz upto max turbo frequency at 3.4 Ghz,2.0,8,DDR4,2666 MHz,Yes,256 GB,,,Intel Integrated UHD,,,39.62 cm (15.6 inch),1920 x 1080 Pixel,Full HD Anti Glare,,Windows 10,64 bit,1.85 kg,Upto 8 hours
"DELL Insprion 3511 Core i3 11th Gen - (8 GB/1 TB HDD/Windows 10 Home) D560567WIN9B Laptop  (15.6 inch, Carbon Black, With MS Office)",3.8,42900,Intel,Core i3,11th Gen,,,,8,DDR4,,No,,1 TB,,Intel Integrated Intel,,,39.62 cm (15.6 inch),1920X1080 pixel,,,Windows 10 Home,,,3 HRS
"Lenovo IdeaPad 3 Chromebook Celeron Dual Core 4th Gen - (4 GB/64 GB EMMC Storage/Chrome OS) 14IGL05 Chromebook  (14 inch, Platinum Grey, 1.4 kg)",2.8,24990,Intel,Celeron Dual Core,4th Gen,N4020,Max Frequency Up to 2.8 GHz,,4,LPDDR4,,No,,,64 GB,Intel Integrated UHD,,,35.56 cm (14 inch),1920 x 1080 Pixel,Full HD TN 220nits Anti-glare,,Chrome,,1.4 kg,Upto 10 Hours
"DELL G15 Ryzen 5 Hexa Core 5600H - (8 GB/512 GB SSD/Windows 10/4 GB Graphics/NVIDIA GeForce RTX 3050) G15-5515 Gaming Laptop  (15.6 Inch, Phantom Grey, 2.4 kg, With MS Office)",4.6,83990,AMD,Ryzen 5 Hexa Core,,5600H,3.3 GHz upto max turbo frequency at 4.2 Ghz,,8,DDR4,2933 MHz,Yes,512 GB,,,NVIDIA GeForce RTX 3050,4 GB,GDDR6,39.62 cm (15.6 Inch),1920 x 1080 Pixel,Full HD WVA AG 250 nits 120Hz Narrow Border,,Windows 10,64 bit,2.4 kg,Upto 10 Hours
"HP OMEN Ryzen 9 Octa Core 5900H - (16 GB/1 TB SSD/Windows 10 Home/8 GB Graphics/AMD Radeon RX 6600M) 16-C0141AX Gaming Laptop  (16.1 inch, Mica Silver, 2.23 kg, With MS Office)",,138990,AMD,Ryzen 9 Octa Core,,5900H,3.3 GHz with Turbo Boost Upto 4.6 GHz,,16,DDR4,,Yes,1 TB,,,AMD Radeon RX 6600M,8 GB,GDDR6,40.89 cm (16.1 inch),2560 x 1440 Pixel,"QHD (165 Hz, 3 ms response time IPS, micro-edge, anti-glare, Low Blue Light, Brightness: 300 nits, 182 ppi)",,Windows 10 Home,64 bit,2.23 kg,
"ASUS Vivobook 15 Core i5 11th Gen - (8 GB/1 TB HDD/256 GB SSD/Windows 10 Home/2 GB Graphics) X515EP-BQ512TS Thin and Light Laptop  (15.6 inch, Transparent Silver, With MS Office)",4.4,56449,Intel,Core i5,11th Gen,i5-1135G7,2.4 Ghz With Turbo Upto 4.2,,8,DDR4,3200 MHz,Yes,256 GB,1 TB,,NVIDIA GeForce MX 330,2 GB,DDR5,39.62 cm (15.6 inch),1920x1080 pixel,39.62cm (15.6) (16:9) LED-backlit FHD IPS (1920x1080) 60Hz Anti-Glare Panel with 45% NTSC with wide 178° viewing angles With ASUS Splendid,,Windows 10 Home,64 bit,,Upto 6 Hrs.
"DELL Core i5 11th Gen - (16 GB/512 GB SSD/Windows 10 Home) D560587WIN9S Laptop  (15.6 inch, Platinum Silver, With MS Office)",3.3,69500,Intel,Core i5,11th Gen,,,,16,DDR4,,Yes,512 GB,,,Intel Integrated DDR4,,,39.62 cm (15.6 inch),1920 x 1080 pixel,,,Windows 10 Home,,,Upto 6 hours
"DELL G15 Core i7 11th Gen - (16 GB/1 TB SSD/Windows 10/6 GB Graphics/NVIDIA GeForce RTX 3060/120 Hz) G15-5511 Gaming Laptop  (15.6 inch, Dark Shadow Grey, 2.4 Kg, With MS Office)",,134990,Intel,Core i7,11th Gen,11800H,1.9 GHz to Max Turbo Frequency at 4.6 GHz,8.0,16,DDR4,2933 MHz,Yes,1 TB,,,NVIDIA GeForce RTX 3060,6 GB,GDDR6,39.62 cm (15.6 inch),1920 x 1080 Pixels,Full HD WVA AG 250 nits 120Hz Narrow Border Display,120 Hz,Windows 10,64 bit,2.4 Kg,Upto 10 Hours
"DELL Inspiron Core i5 11th Gen - (8 GB/1 TB HDD/256 GB SSD/Windows 10/2 GB Graphics) Inspiron 3511 Thin and Light Laptop  (15.6 inch, Carbon, 1.85 kg, With MS Office)",3.8,71000,Intel,Core i5,11th Gen,1135G7,2.4 GHz upto max turbo frequency at 4.2 Ghz,4.0,8,DDR4,2666 MHz,Yes,256 GB,1 TB,,NVIDIA GeForce MX350,2 GB,GDDR6,39.62 cm (15.6 inch),1920 x 1080 Pixel,Full HD Anti Glare,,Windows 10,64 bit,1.85 kg,Upto 7 hours
"Nokia PureBook S14 Core i5 11th Gen - (8 GB/512 GB SSD/Windows 11 Home) NKi511TL85S Thin and Light Laptop  (14 inch, Black, 1.4 KG)",4.1,45990,Intel,Core i5,11th Gen,1135G7,2.4GHz with Turbo Boost up to 4.2GHz,4.0,8,DDR4,3200 MHz,Yes,512 GB,,,Intel Integrated Iris Xe,,,35.56 cm (14 inch),1920 x 1080 Pixel,FHD IPS LCD display,,Windows 11 Home,64 bit,1.4 KG,Upto 6Hrs
"Nokia PureBook S14 Core i5 11th Gen - (16 GB/512 GB SSD/Windows 11 Home) NKi511TL165S Thin and Light Laptop  (14 inch, Black, 1.4 KG)",4.0,49990,Intel,Core i5,11th Gen,1135G7,2.4GHz with Turbo Boost up to 4.2GHz,4.0,16,DDR4,3200 MHz,Yes,512 GB,,,Intel Integrated Iris Xe,,,35.56 cm (14 inch),1920 x 1080 Pixel,FHD IPS LCD display,,Windows 11 Home,64 bit,1.4 KG,Upto 6Hrs
"DELL Vostro Core i3 11th Gen - (8 GB/256 GB SSD/Windows 10) Vostro 3400 Thin and Light Laptop  (14 inch, Dune, 1.58 Kg, With MS Office)",4.3,41990,Intel,Core i3,11th Gen,1115G4,1.7 GHz Upto Max Turbo Frequency at 4.1 GHz,2.0,8,DDR4,2666 MHz,Yes,256 GB,,,Intel Integrated UHD,,,35.56 cm (14 inch),1920 x 1080 Pixels,Full HD WVA AG Narrow Border Display,,Windows 10,64 bit,1.58 Kg,Upto 10 Hours
"DELL Inspiron Core i5 11th Gen - (8 GB/512 GB SSD/Windows 10/2 GB Graphics) Inspiron 5410 2 in 1 Laptop  (14 inch, Platinum Silver, 1.5 Kg, With MS Office)",4.6,82990,Intel,Core i5,11th Gen,1155G7,2.5 GHz Upto Max Turbo Frequency at 4.5 GHz,4.0,8,DDR4,3200 MHz,Yes,512 GB,,,Intel Integrated MX350,2 GB,GDDR5,35.56 cm (14 inch),1920 x 1080 Pixels,Full HD WVA Truelife Touch Narrow Border 60Hz Display with Dell Active Pen,,Windows 10,64 bit,1.5 Kg,Upto 6 Hours
"DELL Inspiron Core i5 11th Gen - (16 GB/512 GB SSD/Windows 10) Inspiron 5418 Thin and Light Laptop  (14 inch, Platinum Silver, 1.46 Kg, With MS Office)",4.0,71090,Intel,Core i5,11th Gen,11320H,2.5 GHz Upto Max Turbo Frequency at 4.5 GHz,4.0,16,DDR4,3200 MHz,Yes,512 GB,,,Intel Integrated Iris Xe,,,35.56 cm (14 inch),1920 x 1080 Pixels,Full HD WVA AG 250 nits Narrow Border Display,,Windows 10,64 bit,1.46 Kg,Upto 6 Hours
"DELL Inspiron Core i5 11th Gen - (8 GB/512 GB SSD/Windows 10) Inspiron 5410 2 in 1 Laptop  (14 inch, Platinum Silver, 1.5 Kg, With MS Office)",4.6,73990,Intel,Core i5,11th Gen,1155G7,2.5 GHz Upto Max Turbo Frequency at 4.5 GHz,4.0,8,DDR4,3200 MHz,Yes,512 GB,,,Intel Integrated Iris Xe,,,35.56 cm (14 inch),1920 x 1080 Pixels,Full HD WVA Truelife Touch Narrow Border 60Hz Display with Dell Active Pen,,Windows 10,64 bit,1.5 Kg,Upto 6 Hours
"DELL Core i3 10th Gen - (8 GB/1 TB HDD/Windows 10) Inspiron 3511 Thin and Light Laptop  (14.96 inch, Platinum Silver, 1.85 kg, With MS Office)",3.3,41390,Intel,Core i3,10th Gen,1005G1,1.2 GHz upto max turbo frequency at 3.4 Ghz,,8,DDR4,2666 MHz,No,,1 TB,,Intel Integrated UHD,,,38.0 cm (14.96 inch),1920 x 1080 Pixel,Full HD Anti Glare,,Windows 10,64 bit,1.85 kg,Upto 7 hours
"DELL G15 Ryzen 5 Hexa Core 5600H - (16 GB/512 GB SSD/Windows 10/4 GB Graphics/NVIDIA GeForce RTX 3050) G15-5515 Gaming Laptop  (15.6 Inch, Phantom Grey, 2.4 kg, With MS Office)",4.6,83490,AMD,Ryzen 5 Hexa Core,,5600H,3.3 GHz upto max turbo frequency at 4.2 Ghz,,16,DDR4,2933 MHz,Yes,512 GB,,,NVIDIA GeForce RTX 3050,4 GB,GDDR6,39.62 cm (15.6 Inch),1920 x 1080 Pixel,Full HD WVA AG 250 nits 120Hz Narrow Border,,Windows 10,64 bit,2.4 kg,Upto 10 Hours
"DELL Core i3 10th Gen - (8 GB/1 TB HDD/256 GB SSD/Windows 10) Inspiron 3511 Thin and Light Laptop  (15.6 Inch, Platinum Silver, 1.85 kg, With MS Office)",2.9,46890,Intel,Core i3,10th Gen,1005G1,1.2 GHz upto max turbo frequency at 3.4 Ghz,,8,DDR4,2666 MHz,Yes,256 GB,1 TB,,Intel Integrated UHD,,,39.62 cm (15.6 Inch),1920 x 1080 Pixel,Full HD Anti Glare,,Windows 10,64 bit,1.85 kg,Upto 7 hours
"DELL Athlon Dual Core 3050U - (4 GB/256 GB SSD/Windows 10) Inspiron 3505 Thin and Light Laptop  (15.6 Inch, Soft Mint, 1.83 kg, With MS Office)",4.3,38499,AMD,Athlon Dual Core,,3050U,2.3 GHz to max turbo frequency at 3.2 Ghz,,4,DDR4,2400 Mhz,Yes,256 GB,,,AMD Radeon AMD,,,39.62 cm (15.6 Inch),1366 x 768 Pixel,HD AG Narrow Border,,Windows 10,64 bit,1.83 kg,Upto 7 hours
"HP Spectre x360 13 Series Intel EVO Core i5 11th Gen - (8 GB/512 GB SSD/Windows 10 Home) 13-aw2003TU Thin and Light Laptop  (13.3 inch, Poseidon Blue, 1.27 kg, With MS Office)",5.0,105000,Intel,Core i5,11th Gen,1135G7,2.4 GHz with Turbo Boost Upto 4.2 GHz,,8,LPDDR4X,,Yes,512 GB,,,Intel Integrated Iris Xe,,,33.78 cm (13.3 inch),1920 x 1280 Pixel,"Full HD (multitouch-enabled IPS, edge-to-edge glass, micro-edge, anti-reflection Corning Gorilla Glass NBT HP Sure View integrated privacy screen Brightness: 400nits , 166 ppi Color Gamut: 100% sRGB color gamut)",,Windows 10 Home,64 bit,1.27 kg,
"DELL Inspiron Core i3 10th Gen - (8 GB/1 TB HDD/256 GB SSD/Windows 10) Inspiron 3511 Thin and Light Laptop  (15.6 inch, Carbon, 1.85 kg, With MS Office)",4.1,44490,Intel,Core i3,10th Gen,1005G1,1.2 GHz upto max turbo frequency at 3.4 Ghz,2.0,8,DDR4,2666 MHz,Yes,256 GB,1 TB,,Intel Integrated UHD,,,39.62 cm (15.6 inch),1920 x 1080 Pixel,Full HD Anti Glare,,Windows 10,64 bit,1.85 kg,Upto 7 hours
"DELL Inspiron Ryzen 5 Quad Core 3450U - (8 GB/256 GB SSD/Windows 10) Inspiron 3505 Notebook  (15.6 Inch, Soft Mint, 1.83 KG, With MS Office)",4.3,42490,AMD,Ryzen 5 Quad Core,,3450U,2.1 GHz to max turbo frequency at 3.7 GHz,4.0,8,DDR4,2666 MHz,Yes,256 GB,,,AMD Radeon Vega,,,39.62 cm (15.6 Inch),1920 x 1080 Pixel,"Full HD LED Backlit, Anti-glare Display",,Windows 10,64 bit,1.83 KG,Upto 7 Hours
"Nokia PureBook S14 Core i5 10th Gen - (8 GB/512 GB SSD/Windows 10 Home) NKi510TL85S Thin and Light Laptop  (14 inch, Black, 1.4 KG)",4.3,39990,Intel,Core i5,10th Gen,10210U,2.1GHz with Turbo Boost up to 4.2GHz,4.0,8,DDR4,3200 MHz,Yes,512 GB,,,Intel Integrated UHD,,,35.56 cm (14 inch),1366 x 768 Pixel,HD,,Windows 10 Home,64 bit,1.4 KG,Upto 6Hrs
"HP HP Envy Intel EVO Core i5 11th Gen - (16 GB/512 GB SSD/Windows 10 Home/4 GB Graphics) 14-eb0019TX Thin and Light Laptop  (14 inch, Natural Silver, 1.59 Kg, With MS Office)",,79190,Intel,Core i5,11th Gen,1135G7,2.4 GHz with Turbo Boost Upto 4.2 GHz,,16,DDR4,,Yes,512 GB,,,NVIDIA GeForce GTX GTX,4 GB,GDDR6,35.56 cm (14 inch),3840 x 2160 Pixel,"WUXGA, IPS, micro-edge, anti-glare (Brightness: 400 nits, 282 ppi, Color Gamut: 100% sRGB) """,,Windows 10 Home,64 bit,1.59 Kg,
"DELL Vostro Core i5 11th Gen - (8 GB/512 GB SSD/Windows 10) Vostro 3000 Thin and Light Laptop  (14 inch, Accent Black, 1.58 Kg, With MS Office)",4.1,61900,Intel,Core i5,11th Gen,1135G7,2.4 GHz Upto Max Turbo Frequency at 4.2 GHz,2.0,8,DDR4,2666 MHz,Yes,512 GB,,,Intel Integrated Iris Xe,,DDR4,35.56 cm (14 inch),1920 x 1080 Pixels,Full HD WVA AG Narrow Border Display,,Windows 10,64 bit,1.58 Kg,Upto 10 Hours
"DELL G15 Core i7 11th Gen - (16 GB/512 GB SSD/Windows 10/4 GB Graphics/NVIDIA GeForce RTX 3050Ti/120 Hz) G15-5511 Gaming Laptop  (15.6 inch, Dark Shadow Grey, 2.4 Kg, With MS Office)",4.5,108990,Intel,Core i7,11th Gen,11800H,1.9 GHz to Max Turbo Frequency at 4.6 GHz,8.0,16,DDR4,2933 MHz,Yes,512 GB,,,NVIDIA GeForce RTX 3050Ti,4 GB,GDDR6,39.62 cm (15.6 inch),1920 x 1080 Pixels,Full HD WVA AG 250 nits 120Hz Narrow Border Display,120 Hz,Windows 10,64 bit,2.4 Kg,Upto 10 Hours
"DELL Vostro Core i5 11th Gen - (8 GB/1 TB HDD/256 GB SSD/Windows 10) Vostro 3400 Thin and Light Laptop  (14 inch, Accent Black, 1.58 Kg, With MS Office)",3.8,49990,Intel,Core i5,11th Gen,1135G7,2.4 GHz Upto Max Turbo Frequency at 4.2 GHz,4.0,8,DDR4,2666 MHz,Yes,256 GB,1 TB,,Intel Integrated Iris Xe,,,35.56 cm (14 inch),1920 x 1080 Pixels,Full HD WVA AG Narrow Border Display,,Windows 10,64 bit,1.58 Kg,Upto 10 Hours
"DELL Core i5 11th Gen - (16 GB/512 GB SSD/Windows 10/2 GB Graphics) Inspiron 5410 2 in 1 Laptop  (14 inch, Platinum Silver, 1.5 kg, With MS Office)",4.2,80990,Intel,Core i5,11th Gen,1155G7,2.5 GHz upto max turbo frequency at 4.5 Ghz,4.0,16,DDR4,3200 MHz,Yes,512 GB,,,NVIDIA GeForce MX350,2 GB,GDDR6,35.56 cm (14 inch),1920 x 1080 Pixel,"Full HD WVA Truelife Touch Narrow Border 60Hz, Dell Active Pen",,Windows 10,64 bit,1.5 kg,Upto 6 hours
"DELL Inspiron Core i3 11th Gen - (8 GB/1 TB HDD/256 GB SSD/Windows 10) Inspiron 3511 Thin and Light Laptop  (15.6 inch, Carbon, 1.85 kg, With MS Office)",4.1,49490,Intel,Core i3,11th Gen,115G4,1.7 GHz upto max turbo frequency at 4.1 Ghz,2.0,8,DDR4,2666 MHz,Yes,256 GB,1 TB,,Intel Integrated UHD,,,39.62 cm (15.6 inch),1920 x 1080 Pixel,Full HD Anti Glare,,Windows 10,64 bit,1.85 kg,Upto 7 hours
"HP Spectre x360 14 Intel EVO Core i5 11th Gen - (16 GB/512 GB SSD/Windows 10 Pro) 14-ea0542TU 2 in 1 Laptop  (13.5 inch, Nightfall Black, 1.34 Kg)",,115990,Intel,Core i5,11th Gen,1135G7,4.2 GHz Max Turbo Frequency,4.0,16,LPDDR4X,3733 MHz,Yes,512 GB,,,,,,34.29 cm (13.5 inch),1920 x 1280 Pixels,"WUXGA+ Multitouch-enabled IPS Edge-to-edge Glass Micro-edge Anti-reflection Corning Gorilla Glass NBT Display (Brightness: 1000 nits, 171 ppi, Color Gamut: 100% sRGB, Screen to Body Ratio: 90.33%)",,Windows 10 Pro,64 bit,1.34 Kg,
"ASUS Core i5 10th Gen - (8 GB/1 TB HDD/Windows 10 Home) X515JA-EJ502T Thin and Light Laptop  (15.6 inch, Transparent Silver, 1.80 Kg)",4.0,44990,Intel,Core i5,10th Gen,1035G1,1.0 GHz with Turbo Boost Upto 3.6 GHz,4.0,8,DDR4,,No,,1 TB,,Intel Integrated UHD,,,39.62 cm (15.6 inch),1920 x 1080 Pixels,"Full HD LED Backlit Anti-glare Display (16:9, 200nit Brightness, 45% NTSC Color Gamut, 83% Screen-to-body Ratio)",,Windows 10 Home,64 bit,1.80 Kg,
"ASUS ROG Flow X13 Ryzen 9 Octa Core 5900HS - (16 GB/1 TB SSD/Windows 10 Home/4 GB Graphics/NVIDIA GeForce RTX 3050/120 Hz) GV301QC-K6100TS 2 in 1 Gaming Laptop  (13.4 inch, Off&Black, 1.30 Kg, With MS Office)",4.1,132990,AMD,Ryzen 9 Octa Core,,5900HS,3.1 GHz with Turbo Boost Upto 4.5 GHz,8.0,16,LPDDR4X,4266 MHz,Yes,1 TB,,,NVIDIA GeForce RTX 3050,4 GB,GDDR6,34.04 cm (13.4 inch),1920 x 1200 Pixels,"WUXGA Glossy Display (16:9, 89/89/89/89 Viewing Angle, IPS-level Panel, 300nits Brightness, 1:1000, Adaptive-Sync)",120 Hz,Windows 10 Home,64 bit,1.30 Kg,
"ASUS VivoBook K15 OLED (2022) Ryzen 5 Hexa Core 5500U - (8 GB/1 TB HDD/256 GB SSD/Windows 10 Home) KM513UA-L503TS Thin and Light Laptop  (15.6 inch, Transparent Silver, 1.80 kg, With MS Office)",4.4,58990,AMD,Ryzen 5 Hexa Core,,5500U,2.1 GHz with Turbo Boost Upto 4 GHz,,8,DDR4,,Yes,256 GB,1 TB,,AMD Radeon AMD,,,39.62 cm (15.6 inch),1920 x 1080 Pixel,"Full HD Glossy display (400nits, DCI-P3: 100%)",,Windows 10 Home,,1.80 kg,
"ASUS VivoBook K15 OLED (2022) Core i3 11th Gen - (8 GB/256 GB SSD/Windows 10 Home) K513EA-L302TS Thin and Light Laptop  (15.6 inch, Indie Black, 1.80 kg, With MS Office)",4.5,46990,Intel,Core i3,11th Gen,1115G4,3.0 GHz Upto 4.1 GHz,2.0,8,DDR4,,Yes,256 GB,,,Intel Integrated UHD,,,39.62 cm (15.6 inch),1920 x 1080 Pixel,"Full HD LED Backlit OLED Glossy Display (16:9, 220nits Brightness, DCI-P3: 100%, Color Gamut, 85% Screen-to-body Ratio)",,Windows 10 Home,64 bit,1.80 kg,
"ASUS ROG Flow X13 Ryzen 9 Octa Core 5900HS - (32 GB/1 TB SSD/Windows 10 Home/4 GB Graphics/NVIDIA GeForce RTX 3050 Ti/120 Hz) GV301QE-K6153TS 2 in 1 Gaming Laptop  (13.4 inch, Off&Black, 1.30 Kg, With MS Office)",4.3,142990,AMD,Ryzen 9 Octa Core,,5900HS,3.1 GHz with Turbo Boost Upto 4.5 GHz,8.0,32,LPDDR4X,4266 MHz,Yes,1 TB,,,NVIDIA GeForce RTX 3050 Ti,4 GB,GDDR6,34.04 cm (13.4 inch),1920 x 1200 Pixels,"WUXGA Glossy Display (16:9, 89/89/89/89 Viewing Angle, IPS-level Panel, 300nits Brightness, 1:1000, Adaptive-Sync)",120 Hz,Windows 10 Home,64 bit,1.30 Kg,
"ASUS ROG Strix Ryzen 9 Octa Core 5900HX - (16 GB/1 TB SSD/Windows 10 Home/4 GB Graphics/NVIDIA GeForce RTX 3050 Ti/300 Hz) G513QE-HF145T Gaming Laptop  (15.6 inch, Eclipse Gray, 2.10 kg)",4.6,117990,AMD,Ryzen 9 Octa Core,,5900HX,3.3 GHz up to 4.6 GHz,8.0,16,DDR4,,Yes,1 TB,,,NVIDIA GeForce RTX 3050 Ti,4 GB,GDDR6,39.62 cm (15.6 inch),1920 x 1080 Pixel,"15.6 inch Full HD LED Backlit, 300Hz Refresh Rate, 3ms Response Time, Anti-glare Display (16:9, 300nits Brightness, sRGB: 100%, NTSC: 72% Color Gamut,Value IPS-level)",300 Hz,Windows 10 Home,64 bit,2.10 kg,
"ASUS Zephyrus M16 (2021) Core i7 11th Gen - (16 GB/1 TB SSD/Windows 10 Home/6 GB Graphics/NVIDIA GeForce RTX RTX 3060) GU603HM-K8073TS Gaming Laptop  (16 inch, Off Black, 1.90 kg, With MS Office)",4.4,154990,Intel,Core i7,11th Gen,,4.6,,16,DDR4,,Yes,1 TB,,,NVIDIA GeForce RTX RTX 3060,6 GB,GDDR6,40.64 cm (16 inch),2560 x 1600 Pixel,WQXGA 165Hz IPS-level 500nits anti-glare display,,Windows 10 Home,,1.90 kg,
"ASUS VivoBook K15 OLED (2021) Core i5 11th Gen - (16 GB/1 TB HDD/256 GB SSD/Windows 10 Home) K513EA-L523TS Thin and Light Laptop  (15.6 inch, Transparent Silver, 1.80 Kg, With MS Office)",4.4,67990,Intel,Core i5,11th Gen,1135G7,2.4 GHz with Turbo Boost Upto 4.2 GHz,4.0,16,DDR4,,Yes,256 GB,1 TB,,Intel Integrated Iris Xe,,,39.62 cm (15.6 inch),1920 x 1080 Pixels,"Full HD LED Backlit OLED Glossy Display (16:9, 400nit Brightness, DCI-P3: 100% Color Gamut, 85% Screen-to-body Ratio)",,Windows 10 Home,64 bit,1.80 Kg,
"ASUS ROG Flow X13 Ryzen 9 Octa Core 5900HS - (32 GB/1 TB SSD/Windows 10 Home/4 GB Graphics/NVIDIA GeForce RTX 3050 Ti/60 Hz) GV301QE-K5152TS 2 in 1 Gaming Laptop  (13.4 inch, Off&Black, 1.30 Kg, With MS Office)",,156990,AMD,Ryzen 9 Octa Core,,5900HS,3.1 GHz with Turbo Boost Upto 4.5 GHz,8.0,32,LPDDR4X,4266 MHz,Yes,1 TB,,,NVIDIA GeForce RTX 3050 Ti,4 GB,GDDR6,34.04 cm (13.4 inch),3840 x 2400 Pixels,"WQUXGA Glossy Display (16:9, 89/89/89/89 Viewing Angle, IPS-level Panel, 300nits Brightness, 1:1000, Adaptive-Sync)",60 Hz,Windows 10 Home,64 bit,1.30 Kg,
"ASUS Zephyrus M16 (2021) Core i7 11th Gen - (16 GB/1 TB SSD/Windows 10 Home/4 GB Graphics/NVIDIA GeForce RTX RTX 3050) GU603HE-KR051TS Gaming Laptop  (16 inch, Off Black, 1.90 Kg kg, With MS Office)",,129990,Intel,Core i7,11th Gen,,4.6,,16,DDR4,,Yes,1 TB,,,NVIDIA GeForce RTX RTX 3050,4 GB,GDDR6,40.64 cm (16 inch),1920 x 1200 Pixel,WUXGA 144Hz IPS-level 500nits anti-glare display,,Windows 10 Home,,1.90 Kg kg,
"Lenovo Legion 5 Ryzen 5 Hexa Core 5600H - (8 GB/512 GB SSD/Windows 10 Home/4 GB Graphics/NVIDIA GeForce GTX 1650) 15ACH6 Gaming Laptop  (15.6 inch, Phantom Blue, Shadow Black, 2.4 kg)",4.6,75199,AMD,Ryzen 5 Hexa Core,,5600H,3.3 GHz with Turbo Boost Upto 4.2 GHz,6.0,8,DDR4,3200 MHz,Yes,512 GB,,,NVIDIA GeForce GTX 1650,4 GB,GDDR6,39.62 cm (15.6 inch),1920 x 1080 Pixel,"Full HD LED Backlit Anti-glare IPS Display (120Hz Refresh Rate, 250 nits Brightness, 45% NTSC Color Gamut, Free-Sync, DC Dimmer)",,Windows 10 Home,64 bit,2.4 kg,Upto 7.15 hours
"Lenovo IdeaPad Gaming 3 Core i5 11th Gen - (8 GB/512 GB SSD/Windows 10 Home/4 GB Graphics/NVIDIA GeForce GTX 1650/120 Hz) 15IHU6 Gaming Laptop  (15.6 inch, Shadow Black, 2.25 kg)",3.8,65990,Intel,Core i5,11th Gen,11300H,3.1 GHz with Turbo Boost up to 4.4 GHz,,8,DDR4,,Yes,512 GB,,,NVIDIA GeForce GTX 1650,4 GB,GDDR6,39.62 cm (15.6 inch),1920 x 1080 Pixel,"Full HD IPS 250nits Anti-glare, 120Hz, 45% NTSC, DC dimmer",120 Hz,Windows 10 Home,64 bit,2.25 kg,Upto 8 hours
"Lenovo IdeaPad 3 Core i5 11th Gen - (8 GB/512 GB SSD/Windows 10 Home) 15ITL6 Thin and Light Laptop  (15.6 inch, Arctic Grey, 1.65 kg, With MS Office)",4.3,51990,Intel,Core i5,11th Gen,1135G7,2.2 GHz with Turbo Boost Upto 4.2 GHz,4.0,8,DDR4,3200 MHz,Yes,512 GB,,,Intel Integrated Iris Xe,,,39.62 cm (15.6 inch),1920 x 1080 Pixel,Full HD LED Backlit Anti-glare IPS Display (300 nits Brightness),,Windows 10 Home,64 bit,1.65 kg,Upto 6 hours
"Lenovo Legion 5 Pro Core i7 11th Gen - (16 GB/1 TB SSD/Windows 11 Home/6 GB Graphics/NVIDIA GeForce RTX 3060) 16ITH6H Gaming Laptop  (16 inch, Stingray, With MS Office)",4.5,157990,Intel,Core i7,11th Gen,11800H,1.9 GHz to max turbo frequency at 4.6 Ghz,,16,DDR4,,Yes,1 TB,,,NVIDIA GeForce RTX 3060,6 GB,GDDR6,40.64 cm (16 inch),2560 x 1440 Pixel,QHD,,Windows 11 Home,64 bit,,
"Lenovo IdeaPad 3 Celeron Dual Core 4th Gen - (4 GB/256 GB SSD/Windows 11 Home) 14IGL05 Thin and Light Laptop  (14 inch, Platinum Grey, 1.5 kg, With MS Office)",4.1,29990,Intel,Celeron Dual Core,4th Gen,N4020,Max Frequency Up to 2.8 GHz,,4,DDR4,,Yes,256 GB,,,Intel Integrated UHD,,,35.56 cm (14 inch),1366 x 768 Pixel,HD TN 220nits Anti-glare,,Windows 11 Home,64 bit,1.5 kg,Upto 14 Hrs
"Lenovo IdeaPad 5 Core i5 11th Gen - (16 GB/512 GB SSD/Windows 11 Home) 14ITL05 Thin and Light Laptop  (14 inch, Graphite Grey, With MS Office)",4.3,61990,Intel,Core i5,11th Gen,1135G7,2.4 GHz with Turbo Boost Upto 4.2 GHz,,16,DDR4,,Yes,512 GB,,,Intel Integrated UHD,,,35.56 cm (14 inch),1920 x 1080 Pixel,Full HD,,Windows 11 Home,64 bit,,
"Lenovo Yoga 6 Ryzen 5 Hexa Core 5500U - (16 GB/512 GB SSD/Windows 10 Home) 13ALC6 Thin and Light Laptop  (13.3 inch, Abyss Blue, 1.31 kg, With MS Office)",,75990,AMD,Ryzen 5 Hexa Core,,5500U,Max Turbo Boost Frequency Up to 4.0 GHz,,16,DDR4,,Yes,512 GB,,,AMD Radeon AMD,,,33.78 cm (13.3 inch),1920 x 1080 Pixel,"Full HD IPS 300nits Glossy, 72% NTSC, Touch",,Windows 10 Home,64 bit,1.31 kg,Upto 18 Hrs
"Lenovo IdeaPad 3 Core i3 10th Gen - (8 GB/256 GB SSD/Windows 11 Home) 14IML05 Thin and Light Laptop  (14 inch, Platinum Grey, With MS Office)",4.2,34990,Intel,Core i3,10th Gen,10110U,2.1 GHz with Turbo Boost Upto 4.1 GHz,,8,DDR4,,Yes,256 GB,,,Intel Integrated UHD,,,35.56 cm (14 inch),1920 x 1080 Pixel,Full HD,,Windows 11 Home,64 bit,,
"Lenovo Legion 5 Ryzen 5 Hexa Core 4600H - (8 GB/1 TB HDD/256 GB SSD/Windows 10 Home/4 GB Graphics/NVIDIA GeForce GTX 1650/120 Hz) 15ARH05 Gaming Laptop  (15.6 inch, Phantom Black, 2.3 kg)",4.6,60990,AMD,Ryzen 5 Hexa Core,,4600H,3.0 GHz with Turbo Boost Upto 4.0 GHz,6.0,8,DDR4,3200 MHz,Yes,256 GB,1 TB,,NVIDIA GeForce GTX 1650,4 GB,GDDR6,39.62 cm (15.6 inch),1920 x 1080 Pixel,"Full HD LED Backlit Anti-glare IPS Display (120Hz Refresh Rate, 45% NTSC Color Gamut, 250 nits Brightness, DC dimmer, 4 Sided Narrow Bezel (Active Area 84%))",120 Hz,Windows 10 Home,64 bit,2.3 kg,Upto 7.1 hours
"Lenovo IdeaPad 3 Core i3 10th Gen - (8 GB/256 GB SSD/Windows 10 Home) 15IIL05 Laptop  (15.6 inch, Platinum Grey, 1.85 kg, With MS Office)",4.4,38998,Intel,Core i3,10th Gen,1005G1,1.2 GHz upto max turbo frequency at 3.4 Ghz,,8,DDR4,,Yes,256 GB,,,Intel Integrated UHD,,,39.62 cm (15.6 inch),1366 x 768 Pixel,HD TN 220nits Anti-glare,,Windows 10 Home,64 bit,1.85 kg,Upto 9.3 Hours
"Lenovo IdeaPad 5 Core i5 11th Gen - (16 GB/512 GB SSD/Windows 11 Home/2 GB Graphics) 15ITL05 Thin and Light Laptop  (15.6 inch, Graphite Grey, With MS Office)",4.5,96890,Intel,Core i5,11th Gen,1135G7,2.4 GHz with Turbo Boost Upto 4.2 GHz,,16,DDR4,,Yes,512 GB,,,NVIDIA GeForce MX450,2 GB,GDDR6,39.62 cm (15.6 inch),1920 x 1080 Pixel,Full HD,,Windows 11 Home,64 bit,,
"HP Ryzen 3 Hexa Core 4th Gen - (8 GB/512 GB SSD/Windows 10/4 GB Graphics/NVIDIA GeForce GTX 1650) 15-EC2008AX Gaming Laptop  (15.6 inch, Shadow Black, With MS Office)",,65490,AMD,Ryzen 3 Hexa Core,4th Gen,,,,8,DDR4,,Yes,512 GB,,,NVIDIA GeForce GTX 1650,4 GB,GDDR6,39.62 cm (15.6 inch),1920 x 1080 pixel,,,Windows 10,,,Up to 9 hours and 15 minutes
"ASUS Vivobook 15 Core i5 11th Gen - (8 GB/512 GB SSD/Windows 10 Home) X515EA-BQ522TS Laptop  (15.6 inch, Transparent Silver, 1.75 kg, With MS Office)",4.0,53750,Intel,Core i5,11th Gen,Intel® Core i5-1135G7,2.4 Ghz With Turbo Upto 4.2,4.0,8,DDR4,3198 MHz,Yes,512 GB,,,Intel Integrated Irix Xe,,,39.62 cm (15.6 inch),1920 x 1080 pixel,"15.6-inch,FHD (1920 x 1080) 16:9,IPS-level Panel,Anti-glare display,LED Backlit,250nits,NTSC: 45%,Screen-to-body ratio: 83 %",,Windows 10 Home,64 bit,1.75 kg,Upto 6 Hrs.
"HP Pavilion Ryzen 5 Hexa Core 5500U - (8 GB/512 GB SSD/Windows 10 Home) 14-ec0035AU Thin and Light Laptop  (14 inch, Natural Silver, 1.41 Kg, With MS Office)",4.4,58990,AMD,Ryzen 5 Hexa Core,,5500U,4.0 GHz Max Turbo Frequency,6.0,8,DDR4,,Yes,512 GB,,,AMD Radeon,,,35.56 cm (14 inch),1920 x 1080 Pixels,"Full HD IPS, Micro-edge, Anti-glare Display (Brightness: 250 nits, 157 ppi, Color Gamut: 45%NTSC)",,Windows 10 Home,64 bit,1.41 Kg,
"HP Pavilion Gaming Core i5 11th Gen - (8 GB/512 GB SSD/Windows 10 Home/4 GB Graphics/NVIDIA GeForce RTX 3050) 15-DK2012TX Gaming Laptop  (15.6 inch, Shadow Black & Ultra Violet, 2.23 kg, With MS Office)",,75990,Intel,Core i5,11th Gen,11300H,3.1 GHz with Turbo Boost up to 4.4 GHz,4.0,8,DDR4,,Yes,512 GB,,,NVIDIA GeForce RTX 3050,4 GB,GDDR6,39.62 cm (15.6 inch),1920 x 1080 Pixel,"Full HD (144 Hz, IPS, micro-edge, anti-glare, Brightness: 250 nits, 141 ppi, Color Gamut: 45% NTSC)",,Windows 10 Home,64 bit,2.23 kg,
"Lenovo Thinkbook Convertible Core i7 11th Gen - (16 GB/512 GB SSD/Windows 10 Home) TB14s ITL Yoga 2 in 1 Laptop  (14 inch, Mineral Grey, 1.5 kg, With MS Office)",4.2,84990,Intel,Core i7,11th Gen,1165G7,2.8 GHz with Turbo Boost Upto 4.7 GHz,,16,DDR4,,Yes,512 GB,,,Intel Integrated Iris Xe,,,35.56 cm (14 inch),1920 x 1080 Pixel,Full HD IPS Glossy Anti-Fingerprint,,Windows 10 Home,64 bit,1.5 kg,Upto 8.4 hours
"Lenovo ThinkBook 13s Core i5 11th Gen - (8 GB/512 GB SSD/Windows 10 Home) TB13s ITL Gen 2 Thin and Light Laptop  (13 inch, Mineral Grey, 1.26 kg, With MS Office)",4.2,54990,Intel,Core i5,11th Gen,1135G7,2.4 GHz with Turbo Boost Upto 4.2 GHz,,8,DDR4,,Yes,512 GB,,,Intel Integrated Iris Xe,,,33.02 cm (13 inch),2560 x 1600 Pixel,WQXGA IPS Anti-glare Display,,Windows 10 Home,64 bit,1.26 kg,Upto 16 Hrs
"Lenovo ThinkBook 13s Core i5 11th Gen - (16 GB/512 GB SSD/Windows 10 Home) TB13s ITL Gen 2 Thin and Light Laptop  (13 inch, Mineral Grey, 1.26 kg, With MS Office)",4.3,60990,Intel,Core i5,11th Gen,1135G7,2.4 GHz with Turbo Boost Upto 4.2 GHz,,16,DDR4,,Yes,512 GB,,,Intel Integrated Iris Xe,,,33.02 cm (13 inch),2560 x 1600 Pixel,WQXGA IPS Anti-glare Display,,Windows 10 Home,64 bit,1.26 kg,Upto 16 Hrs
"Lenovo Core i3 11th Gen - (4 GB/256 GB SSD/Windows 10 Home) V15 ITL G2 Thin and Light Laptop  (15 inch, Black, 1.7 kg, With MS Office)",4.3,38990,Intel,Core i3,11th Gen,1115G4,3.0 GHz with Turbo Boost Upto 4.1 GHz,,4,DDR4,,Yes,256 GB,,,Intel Integrated UHD,,,38.1 cm (15 inch),1920 x 1080 Pixel,Full HD TN LED Anti-glare Display,,Windows 10 Home,64 bit,1.7 kg,Upto 5.5 hours
"Lenovo Thinkpad Ryzen 5 Hexa Core 5600U - (8 GB/512 GB SSD/DOS) E14 AMD Gen3 Thin and Light Laptop  (14 inch, Black, 1.69 kg)",4.3,56990,AMD,Ryzen 5 Hexa Core,,5600U,2.3 GHz with Turbo Boost Upto 4.2 GHz,,8,DDR4,,Yes,512 GB,,,AMD Radeon AMD,,,35.56 cm (14 inch),1920 x 1080 Pixel,Full HD TN LED Anti-glare Display,,DOS,64 bit,1.69 kg,Upto 12.8 Hours
"Lenovo ThinkBook 13s Core i5 11th Gen - (8 GB/1 TB SSD/Windows 10 Home) TB13s ITL Gen 2 Thin and Light Laptop  (13.3 inch, Mineral Grey, 2.023 kg, With MS Office)",3.2,58990,Intel,Core i5,11th Gen,1135G7,2.4 GHz with Turbo Boost Upto 4.2 GHz,,8,DDR4,,Yes,1 TB,,,Intel Integrated Iris Xe,,,33.78 cm (13.3 inch),2560 x 1600 Pixel,WQXGA IPS Anti-glare Display,,Windows 10 Home,64 bit,2.023 kg,Upto 16 Hrs
"Lenovo ThinkBook 13s Core i7 11th Gen - (16 GB/1 TB SSD/Windows 10 Home) TB13s ITL Gen 2 Thin and Light Laptop  (13 inch, Mineral Grey, 1.26 kg, With MS Office)",3.6,85990,Intel,Core i7,11th Gen,1165G7,2.8 GHz with Turbo Boost Upto 4.7 GHz,,16,LPDDR4,,Yes,1 TB,,,Intel Integrated Iris Xe,,,33.02 cm (13 inch),2560 x 1600 Pixel,WQXGA IPS Anti-glare Display,,Windows 10 Home,64 bit,1.26 kg,Upto 16 Hrs
"HP Pavilion Gaming Core i7 11th Gen - (16 GB/512 GB SSD/Windows 10 Home/4 GB Graphics/NVIDIA GeForce RTX 3050) 15-DK2076TX Gaming Laptop  (15.6 Inch, Shadow Black & Ultra Violet, 2.23 kg, With MS Office)",4.5,97899,Intel,Core i7,11th Gen,11370H,3.3 GHz with Turbo Boost Upto 4.8 GHz,4.0,16,DDR4,,Yes,512 GB,,,NVIDIA GeForce RTX 3050,4 GB,GDDR6,39.62 cm (15.6 Inch),1920 x 1080 Pixel,"Full HD (144 Hz, IPS, micro-edge, anti-glare, Brightness: 250 nits, 141 ppi, Color Gamut: 45% NTSC)",,Windows 10 Home,64 bit,2.23 kg,
"Lenovo Core i5 11th Gen - (8 GB/512 GB SSD/Windows 10 Home) V14 ITL G2 Thin and Light Laptop  (14 inch, Iron Grey, 1.6 kg, With MS Office)",4.4,54990,Intel,Core i5,11th Gen,1135G7,2.4 GHz with Turbo Boost Upto 4.2 GHz,,8,DDR4,,Yes,512 GB,,,Intel Integrated Iris Xe,,,35.56 cm (14 inch),1920 x 1080 Pixel,Full HD IPS LED Anti-glare Display,,Windows 10 Home,64 bit,1.6 kg,Upto 6 hours
"RedmiBook 15 Core i3 11th Gen - (8 GB/512 GB SSD/Windows 10 Home) Thin and Light Laptop  (15.6 Inch, Charcoal Gray, 1.8 kg, With MS Office)",4.2,43490,Intel,Core i3,11th Gen,1115G4,3.0 GHz with Turbo Boost up to 4.1 GHz,,8,DDR4,,Yes,512 GB,,,Intel Integrated UHD,,,39.62 cm (15.6 Inch),1920 x 1080 Pixel,Full HD LED Anti-glare Display,,Windows 10,,1.8 kg,Up to 10 hours
"Lenovo Core i3 10th Gen - (8 GB/256 GB SSD/Windows 10) 81WB011NIN Laptop  (15.6 inch, Platinum Grey, With MS Office)",4.0,41990,Intel,Core i3,10th Gen,,,,8,DDR4,,Yes,256 GB,,,Intel Integrated Integrated Intel® UHD Graphics,,,39.62 cm (15.6 inch),1920x1080 pixel,,,Windows 10,,,Upto 11 hours
"Lenovo Ryzen 3 Dual Core 3250U - (4 GB/1 TB HDD/Windows 10 Home) V15 -ADA Laptop  (15.6 inch, Iron Grey, 1.85 kg)",3.2,34490,AMD,Ryzen 3 Dual Core,,3250U,2.6 GHz with Turbo Boost Upto 3.5 GHz,,4,DDR4,,No,,1 TB,,AMD Radeon AMD,,,39.62 cm (15.6 inch),1366 x 768 Pixel,HD TN 220nits Anti-glare,,Windows 10 Home,64 bit,1.85 kg,Upto 5 hours
"acer Dual Core A3020e - (4 GB/256 GB SSD/Windows 10 Home) EX215-22 Laptop  (15.6 inch, Black, 1.9 kg)",4.0,31990,AMD,Dual Core,,A3020e,"Base Frequency 1.20 GHz, Max Turbo Boost Frequency Up to 2.60 GHz",,4,DDR4,,Yes,256 GB,,,AMD Radeon AMD,,,39.62 cm (15.6 inch),1366 x 768 Pixel,HD high-brightness Acer ComfyView LED-backlit TFT LCD,,Windows 10 Home,64 bit,1.9 kg,Upto 9 hours
"HP Ryzen 3 Dual Core 3250U - (8 GB/256 GB SSD/Windows 10 Home) 15s-GY0501AU Thin and Light Laptop  (15.6 inch, Natural Silver, 1.69 kg, With MS Office)",4.3,33990,AMD,Ryzen 3 Dual Core,,3250U,2.6 GHz to max turbo frequency at 3.5 Ghz,2.0,8,DDR4,,Yes,256 GB,,,AMD Radeon AMD,,,39.62 cm (15.6 inch),1920 x 1080 Pixels,"Full HD (Micro-edge, anti-glare, Brightness: 220 nits, 141 ppi, Color Gamut: 45% NTSC)",,Windows 10 Home,64 bit,1.69 kg,
"HP Pavilion Ryzen 7 Octa Core 5700U - (16 GB/512 GB SSD/Windows 10 Home/2 GB Graphics) 14-EC0007AX Thin and Light Laptop  (14 inch, Natural Silver, 1.41 kg, With MS Office)",3.5,80390,AMD,Ryzen 7 Octa Core,,5700U,1.8 GHz upto max turbo frequency at 4.3 Ghz,,16,DDR4,,Yes,512 GB,,,NVIDIA GeForce MX450,2 GB,GDDR5,35.56 cm (14 inch),1920 x 1080 Pixel,"Full HD IPS, micro-edge, anti-glare Dropbox Brightness: 250 nits, 157 ppi Color Gamut: 45%NTSC",,Windows 10 Home,64 bit,1.41 kg,
"HP Pavilion Ryzen 5 Hexa Core 5500U - (16 GB/512 GB SSD/Windows 10 Home/2 GB Graphics) 14-ec0000AX Thin and Light Laptop  (14 inch, Natural Silver, 1.41 kg, With MS Office)",4.2,64990,AMD,Ryzen 5 Hexa Core,,5500U,2.1 GHz with Turbo Boost Upto 4 GHz,,16,DDR4,,Yes,512 GB,,,NVIDIA GeForce MX450,2 GB,GDDR5,35.56 cm (14 inch),1920 x 1080 Pixel,"Full HD IPS, micro-edge, anti-glare Dropbox Brightness: 250 nits, 157 ppi Color Gamut: 45%NTSC",,Windows 10 Home,64 bit,1.41 kg,
"HP HP Envy Intel EVO Core i7 11th Gen - (16 GB/1 TB SSD/Windows 10 Home/2 GB Graphics) 13-ba1505TX Thin and Light Laptop  (13.3 inch, Natural Silver, 1.30 kg, With MS Office)",3.7,92940,Intel,Core i7,11th Gen,1165G7,2.8 GHz with Turbo Boost Upto 4.7 GHz,4.0,16,DDR4,,Yes,1 TB,,,NVIDIA GeForce MX450,2 GB,GDDR6,33.78 cm (13.3 inch),1920 x 1080 Pixel,"Full HD,multitouch-enabled (IPS, edge-to-edge glass, micro-edge, Brightness: 400 nits, 166 ppi, Color Gamut: 100% sRGB)",,Windows 10 Home,64 bit,1.30 kg,
"Lenovo Legion 5 Core i7 11th Gen - (16 GB/512 GB SSD/Windows 10 Home/4 GB Graphics/NVIDIA GeForce RTX 3050/120 Hz) 15ITH6 Gaming Laptop  (15.6 inch, Phantom Blue, Shadow Black, 2.4 Kg, With MS Office)",4.0,117990,Intel,Core i7,11th Gen,11800H,2.3 GHz with Turbo Boost Upto 4.6 GHz,8.0,16,DDR4,,Yes,512 GB,,,NVIDIA GeForce RTX 3050,4 GB,GDDR6,39.62 cm (15.6 inch),1920 x 1080 Pixels,"Full HD IPS Anti-glare Display (250nits, 120Hz, 45% NTSC, DC Dimmer)",120 Hz,Windows 10 Home,64 bit,2.4 Kg,Upto 8.9 Hours
"Lenovo IdeaPad Gaming 3 Core i5 11th Gen - (8 GB/512 GB SSD/Windows 10 Home/4 GB Graphics/NVIDIA GeForce GTX 1650) 15IHU6 Gaming Laptop  (15.6 inch, Shadow Black, 2.25 kg, With MS Office)",3.8,65990,Intel,Core i5,11th Gen,11300H,3.1 GHz with Turbo Boost up to 4.4 GHz,,8,DDR4,,Yes,512 GB,,,NVIDIA GeForce GTX 1650,4 GB,GDDR6,39.62 cm (15.6 inch),1920 x 1080 Pixel,"Full HD (IPS 250nits Anti-glare, 120Hz, 45% NTSC, DC dimmer)",,Windows 10 Home,64 bit,2.25 kg,Upto 8 hours
"Lenovo IdeaPad 5 Pro Core i5 11th Gen - (16 GB/512 GB SSD/Windows 10 Home/2 GB Graphics) 14ITL6 Thin and Light Laptop  (14 Inch, Storm Grey, 1.41 kg, With MS Office)",4.2,69990,Intel,Core i5,11th Gen,1135G7,Max Frequency Up to 4.2 GHz,,16,DDR4,,Yes,512 GB,,,NVIDIA GeForce MX450,2 GB,GDDR6,35.56 cm (14 Inch),2240 x 1400 Pixel,"2.2K IPS 300nits Anti-glare, 60Hz, 100%",,Windows 10 Home,,1.41 kg,Upto 10 Hours
"Lenovo IdeaPad 3 Core i5 10th Gen - (8 GB/512 GB SSD/Windows 10 Home/2 GB Graphics) 15IML05 Thin and Light Laptop  (15.6 Inch, Platinum Grey, 1.7 kg, With MS Office)",4.3,54490,Intel,Core i5,10th Gen,10210U,Max Frequency Up to 4.2 GHz,,8,DDR4,,Yes,512 GB,,,NVIDIA GeForce MX330,2 GB,GDDR5,39.62 cm (15.6 Inch),1920 x 1080 pixel,Full HD IPS 250nits Anti-glare,,Windows 10 Home,,1.7 kg,Upto 11.5 hours
"Lenovo IdeaPad Flex 3 Chromebook Celeron Dual Core - (4 GB/128 GB EMMC Storage/Chrome OS) CB 11IJL6 Chromebook  (11.6 inch, Arctic Grey, 1.25 kg)",3.5,28490,Intel,Celeron Dual Core,,N4500,1.1 GHz with Turbo Boost Upto 2.8 GHz,2.0,4,LPDDR4X,2933 MHz,No,,,128 GB,Intel Integrated UHD,,,29.46 cm (11.6 inch),1366 x 768 Pixel,"HD LED Backlit IPS Glossy 10-point Multi-touch Display (250 nits Brightness, 50% NTSC Color Gamut)",,Chrome,64 bit,1.25 kg,Upto 10 hours
"Lenovo IdeaPad 3 Core i5 10th Gen - (8 GB/512 GB SSD/Windows 10 Home) 15IML05 Thin and Light Laptop  (15.6 Inch, Platinum Grey, 1.7 kg, With MS Office)",4.1,45990,Intel,Core i5,10th Gen,10210U,Max Frequency Up to 4.2 GHz,,8,DDR4,,Yes,512 GB,,,Intel Integrated UHD,,,39.62 cm (15.6 Inch),1920 x 1080 Pixel,Full HD IPS 250nits Anti-glare,,Windows 10 Home,,1.7 kg,Upto 11.5 hours
"acer Predator Helios 300 Core i7 11th Gen - (16 GB/1 TB HDD/512 GB SSD/Windows 10 Home/4 GB Graphics/NVIDIA GeForce RTX 3050ti/165 Hz) PH315-54 Gaming Laptop  (15.6 inch, Abyssal Black, 2.3 kg)",4.5,95990,Intel,Core i7,11th Gen,11800H,2.30 GHz with Max Turbo Boost Frequency Up to 4.60 GHz,8.0,16,DDR4,3200 MHz,Yes,512 GB,1 TB,,NVIDIA GeForce RTX 3050ti,4 GB,GDDR6,39.62 cm (15.6 inch),2560 x 1440 Pixel,"QHD IPS (In-Plane Switching) Technology High-brightness (300 nits, Acer ComfyView LED-backlit TFT LCD, supporting 165 Hz, 3 ms Overdrive, 16:9 aspect ratio, DCI-P3 100%)",165 Hz,Windows 10 Home,64 bit,2.3 kg,
"ASUS VivoBook 15 (2022) Core i3 11th Gen - (4 GB/256 GB SSD/Windows 10 Home) X515EA-EJ302TS Thin and Light Laptop  (15.6 inch, Transparent Silver, 1.80 kg, With MS Office)",4.3,34990,Intel,Core i3,11th Gen,1115G4,3.0GHz with Turbo Boost Upto 4.1GHz,,4,DDR4,,Yes,256 GB,,,Intel Integrated UHD,,,39.62 cm (15.6 inch),1920 x 1080 Pixel,"Full HD Anti-glare display (200nits, NTSC: 45%)",,Windows 10 Home,,1.80 kg,
"acer Predator Helios 300 Core i7 11th Gen - (16 GB/1 TB HDD/512 GB SSD/Windows 10 Home/4 GB Graphics/NVIDIA GeForce RTX 3050ti/165 Hz) PH315-54 Gaming Laptop  (15.6 inch, Abyssal Black, 2.3 kg)",4.5,95990,Intel,Core i7,11th Gen,11800H,2.30 GHz with Max Turbo Boost Frequency Up to 4.60 GHz,8.0,16,DDR4,3200 MHz,Yes,512 GB,1 TB,,NVIDIA GeForce RTX 3050ti,4 GB,GDDR6,39.62 cm (15.6 inch),2560 x 1440 Pixel,"QHD IPS (In-Plane Switching) Technology High-brightness (300 nits, Acer ComfyView LED-backlit TFT LCD, supporting 165 Hz, 3 ms Overdrive, 16:9 aspect ratio, DCI-P3 100%)",165 Hz,Windows 10 Home,64 bit,2.3 kg,
"ASUS VivoBook 15 (2022) Core i3 11th Gen - (4 GB/256 GB SSD/Windows 10 Home) X515EA-EJ302TS Thin and Light Laptop  (15.6 inch, Transparent Silver, 1.80 kg, With MS Office)",4.3,34990,Intel,Core i3,11th Gen,1115G4,3.0GHz with Turbo Boost Upto 4.1GHz,,4,DDR4,,Yes,256 GB,,,Intel Integrated UHD,,,39.62 cm (15.6 inch),1920 x 1080 Pixel,"Full HD Anti-glare display (200nits, NTSC: 45%)",,Windows 10 Home,,1.80 kg,
"ASUS Zenbook 14 (2021) Core i5 11th Gen - (8 GB/512 GB SSD/Windows 10 Home) UX425EA-KI501TS Thin and Light Laptop  (14 inch, Pine Grey, 1.17 kg, With MS Office)",4.7,72990,Intel,Core i5,11th Gen,1135G7,2.4 GHz with Turbo Boost Upto 4.2 GHz,,8,LPDDR4X,,Yes,512 GB,,,Intel Integrated Iris Xe,,,35.56 cm (14 inch),1920 x 1080 Pixel,"Full HD Anti-glare display (400nits, sRGB: 100%)",,Windows 10 Home,,1.17 kg,
"ASUS VivoBook 15 (2022) Core i5 11th Gen - (8 GB/1 TB HDD/256 GB SSD/Windows 10 Home) X515EA-EJ502TS Thin and Light Laptop  (15.6 inch, Transparent Silver, 1.80 kg, With MS Office)",4.3,50990,Intel,Core i5,11th Gen,1135G7,2.4 GHz with Turbo Boost Upto 4.2 GHz,,8,DDR4,,Yes,256 GB,1 TB,,Intel Integrated Iris Xe,,,39.62 cm (15.6 inch),1920 x 1080 Pixel,"Full HD Anti-glare display (200nits, NTSC: 45%)",,Windows 10 Home,,1.80 kg,
"ASUS Ryzen 3 Dual Core 3250U 3rd Gen - (8 GB/256 GB SSD/Windows 10 Home) M515DA-BQ322TS Thin and Light Laptop  (15.6 inch, Transparent Silver, 1.80 kg, With MS Office)",4.3,35990,AMD,Ryzen 3 Dual Core,3rd Gen,3250U,2.6 GHz with Turbo Boost Upto 3.5 GHz,2.0,8,DDR4,,Yes,256 GB,,,AMD Radeon AMD,,,39.62 cm (15.6 inch),1920 x 1080 Pixel,"Full HD Anti-glare display (NTSC: 45%, 250nits)",,Windows 10 Home,64 bit,1.80 kg,
"acer Aspire 5 Core i5 11th Gen - (8 GB/1 TB HDD/Windows 10 Home) A514-54 Thin and Light Laptop  (14 inch, Pure Silver, 1.55 kg)",3.8,44990,Intel,Core i5,11th Gen,1135G7,"Base Frequency 2.40 GHz, Max Turbo Boost Frequency Up to 4.20 GHz",4.0,8,DDR4,,Yes,,1 TB,,Intel Integrated Iris Xe,,,35.56 cm (14 inch),1920 x 1080 Pixel,"Full HD with IPS (In-Plane Switching) technology, high-brightness Acer ComfyView LED-backlit TFT LCD, 16:9 aspect ratio, 45% NTSC color gamut",,Windows 10 Home,64 bit,1.55 kg,Upto 11.5 hours
"acer Aspire 3 Ryzen 5 Quad Core 3500U - (8 GB/512 GB SSD/Windows 10 Home) A315-23 Notebook  (15.6 inch, Pure Silver, 1.9 Kg)",4.4,44490,AMD,Ryzen 5 Quad Core,,3500U,2.1 GHz with Turbo Frequency Upto 3.7 GHz,4.0,8,DDR4,,Yes,512 GB,,,AMD Radeon Vega 8,,,39.62 cm (15.6 inch),1920 x 1080 Pixels,Full HD High-brightness Acer ComfyView LED-backlit TFT LCD Display,,Windows 10 Home,64 bit,1.9 Kg,Upto 11 Hours
"acer Aspire 5 Core i5 11th Gen - (8 GB/512 GB SSD/Windows 11 Home) A515-56-51EV Thin and Light Laptop  (15.6 inch, Pure Silver, 1.65 kg, With MS Office)",4.2,52990,Intel,Core i5,11th Gen,1135G7,"Base Frequency 2.40 GHz, Max Turbo Boost Frequency Up to 4.20 GHz",4.0,8,DDR4,,Yes,512 GB,,,Intel Integrated Iris Xe,,,39.62 cm (15.6 inch),1920 x 1080 Pixel,"Full HD, high-brightness Acer ComfyView LED-backlit TFT LCD",,Windows 11 Home,64 bit,1.65 kg,Upto 9.5 hours
"acer Aspire 5 Core i5 11th Gen - (8 GB/1 TB HDD/256 GB SSD/Windows 10 Home) A515-56 Thin and Light Laptop  (15.6 inch, Pure Silver, 1.65 kg, With MS Office)",3.9,53290,Intel,Core i5,11th Gen,1135G7,"Base Frequency 2.40 GHz, Max Turbo Boost Frequency Up to 4.20 GHz",4.0,8,DDR4,,Yes,256 GB,1 TB,,Intel Integrated Iris Xe,,,39.62 cm (15.6 inch),1920 x 1080 Pixel,"Full HD with IPS (In-Plane Switching technology, Acer Comfyiew -backlit TFT LCD , 45% NTSC color gamut",,Windows 10 Home,64 bit,1.65 kg,Upto 9.5 hours
"acer Aspire 5 Core i5 11th Gen - (8 GB/1 TB HDD/256 GB SSD/Windows 11 Home) A515-56-56LN Thin and Light Laptop  (15.6 inch, Pure Silver, 1.65 kg, With MS Office)",4.4,54990,Intel,Core i5,11th Gen,1135G7,"Base Frequency 2.40 GHz, Max Turbo Boost Frequency Up to 4.20 GHz",4.0,8,DDR4,,Yes,256 GB,1 TB,,Intel Integrated Iris Xe,,,39.62 cm (15.6 inch),1920 x 1080 Pixel,"Full HD, high-brightness Acer ComfyView LED-backlit TFT LCD",,Windows 11 Home,64 bit,1.65 kg,Upto 9.5 hours
"ASUS TUF Gaming A15 Ryzen 7 Octa Core 4800H - (8 GB/1 TB SSD/Windows 10 Home/4 GB Graphics/NVIDIA GeForce RTX 3050) FA566IC-HN008T Gaming Laptop  (15.6 inch, Eclipse Gray, 2.30 kg)",4.7,91990,AMD,Ryzen 7 Octa Core,,4800H,2.9 GHz with Turbo Boost Upto 4.2 GHz,8.0,8,DDR4,,Yes,1 TB,,,NVIDIA GeForce RTX 3050,4 GB,GDDR6,39.62 cm (15.6 inch),1920 x 1080 Pixel,"Full HD anti-glare display (IPS-level Panel, NTSC: 45%, 250nits)",,Windows 10 Home,,2.30 kg,
"ASUS Strix G15 Ryzen 7 Octa Core AMD Ryzen 7 4800H 4th Gen - (8 GB/512 GB SSD/Windows 10 Home/4 GB Graphics/NVIDIA GeForce GTX 1650/144 Hz) G513IH-HN084TS Gaming Laptop  (15.6 inch, Black, 2.30 Kg, With MS Office)",4.7,76990,AMD,Ryzen 7 Octa Core,4th Gen,AMD Ryzen 7 4800H,2.9 GHz with Turbo Boost Upto 4.2 GHz,8.0,8,DDR4,3200 MHz,Yes,512 GB,,,NVIDIA GeForce GTX 1650,4 GB,GDDR6,39.62 cm (15.6 inch),1920 x 1080 Pixels,"Full HD Anti-glare Display, IPS Level, 144 Hz",144 Hz,Windows 10 Home,64 bit,2.30 Kg,5 hours
"acer Travelmate Core i5 11th Gen - (16 GB/1 TB HDD/256 GB SSD/Windows 10 Home) TravelMate P214-53 Thin and Light Laptop  (14 inch, Black, 1.68 kg)",3.4,62490,Intel,Core i5,11th Gen,1135G7,,,16,DDR4,2666 MHz,Yes,256 GB,1 TB,,Intel Integrated Iris Xe,,,35.56 cm (14 inch),1920x1080 Pixel,Full HD IPS Display,,Windows 10 Home,64 bit,1.68 kg,Upto 8 hours
"DELL Core i3 11th Gen - (8 GB/256 GB SSD/Windows 10) Inspiron 5410 2 In1 2 in 1 Laptop  (14 Inch, Platinum Silver, 1.56 kg, With MS Office)",4.3,69990,Intel,Core i3,11th Gen,1125G4,1.7 GHz upto max turbo frequency at 4.1 Ghz,,8,DDR4,3200 MHz,Yes,256 GB,,,Intel Integrated UHD,,,35.56 cm (14 Inch),1920 x 1080 Pixel,Full HD WVA Truelife Touch Narrow Border with Dell Active Pen,,Windows 10,64 bit,1.56 kg,Upto 6 hours
"ASUS Core i3 10th Gen - (4 GB/1 TB HDD/Windows 10 Home) X409FA-BV301T Thin and Light Laptop  (14 inch, Slate Grey, 1.60 kg)",3.7,35000,Intel,Core i3,10th Gen,10110U,2.1 GHz with Turbo Boost Upto 4.1 GHz,2.0,4,DDR4,,No,,1 TB,,Intel Integrated HD 520,,,35.56 cm (14 inch),1366 x 768 Pixel,"HD LED Backlit Anti-glare Display (200 nits Brightness, 45% NTSC Color Gamut, 78% Screen-to-body Ratio)",,Windows 10 Home,64 bit,1.60 kg,
"Lenovo IdeaPad 3 Core i3 10th Gen - (8 GB/256 GB SSD/Windows 11 Home) 15IML05 Thin and Light Laptop  (15.6 Inch, Platinum Grey, 1.7 kg, With MS Office)",4.3,34990,Intel,Core i3,10th Gen,10110U,Max Frequency Up to 4.1 GHz,,8,DDR4,,Yes,256 GB,,,Intel Integrated UHD,,,39.62 cm (15.6 Inch),1920 x 1080 Pixel,Full HD TN 220nits Anti-glare,,Windows 11 Home,,1.7 kg,Upto 11.5 hours
"Lenovo IdeaPad 3 Chromebook Celeron Dual Core - (4 GB/64 GB EMMC Storage/Chrome OS) CB 11IGL05 Chromebook  (11.6 Inch, Onyx Black, 1.12 kg)",3.5,15990,Intel,Celeron Dual Core,,N4020,Max Frequency Up to 2.8 GHz,,4,LPDDR4,,No,,,64 GB,Intel Integrated UHD,,,29.46 cm (11.6 Inch),1366 x 768 Pixel,HD TN 250nits Anti-glare,,Chrome,,1.12 kg,Upto 10 Hours
"ASUS Rog Strix G15 Ryzen 9 Octa Core AMD Ryzen 9 5900H Processor 3.0 GHz (16M Cache, up to 4.6 GHz) 5th Gen - (16 GB/1 TB SSD/Windows 10 Home/4 GB Graphics/NVIDIA GeForce RTX 3050Ti/300 Hz) G513QE-HF146T Gaming Laptop  (15.6 inch, Electro Punk, 2.30 Kg)",,129990,AMD,Ryzen 9 Octa Core,5th Gen,"AMD Ryzen 9 5900H Processor 3.0 GHz (16M Cache, up to 4.6 GHz)",3.0 GHz with Turbo Boost Upto 4.6 GHz,8.0,16,DDR4,3200 MHz,Yes,1 TB,,,NVIDIA GeForce RTX 3050Ti,4 GB,GDDR6,39.62 cm (15.6 inch),1920 x 1080 Pixels,"Full HD Anti-glare Display, IPS Level, 300 Hz",300 Hz,Windows 10 Home,64 bit,2.30 Kg,5 hours
"MSI Modern 14 Core i5 10th Gen - (8 GB/512 GB SSD/Windows 10 Home) Modern 14 B10MW-639IN Notebook  (14 inch, Carbon Grey, 1.3 Kg)",4.4,45990,Intel,Core i5,10th Gen,10210U,4.2 GHz Max Turbo Frequency,4.0,8,DDR4,,Yes,512 GB,,,Intel Integrated UHD,,,35.56 cm (14 inch),1920 x 1080 Pixels,Full HD 60Hz 45%NTSC IPS-Level Display,60 HZ,Windows 10 Home,64 bit,1.3 Kg,
"MSI Modern 14 Core i3 11th Gen - (8 GB/512 GB SSD/Windows 10 Home) B11MOU-477IN Notebook  (14 inch, Carbon Grey, 1.3 Kg)",4.2,46490,Intel,Core i3,11th Gen,1115G4,4.1 GHz Max Turbo Frequency,2.0,8,DDR4,,Yes,512 GB,,,Intel Integrated UHD,,,35.56 cm (14 inch),1920 x 1080 Pixels,"Full HD Display (60Hz, 45%NTSC, IPS-Level)",,Windows 10 Home,64 bit,1.3 Kg,
"MSI Modern 14 Core i7 11th Gen - (8 GB/512 GB SSD/Windows 10 Home) Modern 14 B11MOU-473IN Notebook  (14 inch, Carbon Grey, 1.3 Kg)",4.3,59990,Intel,Core i7,11th Gen,1165G7,4.7 GHz Max Turbo Frequency,4.0,8,DDR4,,Yes,512 GB,,,Intel Integrated Iris Xe,,,35.56 cm (14 inch),1920 x 1080 Pixels,"Full HD Display (60Hz, 45%NTSC, IPS-Level)",,Windows 10 Home,64 bit,1.3 Kg,
"MSI Modern 14 Core i7 11th Gen - (8 GB/512 GB SSD/Windows 10 Home/2 GB Graphics) Modern 14 B11SBU-496IN Notebook  (14 inch, Carbon Grey, 1.3 Kg)",3.5,80590,Intel,Core i7,11th Gen,1165G7,4.7 GHz Max Turbo Frequency,4.0,8,DDR4,,Yes,512 GB,,,NVIDIA GeForce MX450,2 GB,GDDR5,35.56 cm (14 inch),1920 x 1080 Pixels,"Full HD Display (60Hz, 72% NTSC, IPS-Level, Close to 100%sRGB)",60 Hz,Windows 10 Home,64 bit,1.3 Kg,
"MSI Modern 14 Core i5 11th Gen - (8 GB/512 GB SSD/Windows 10 Home) Modern 14 B11MOU-637IN Thin and Light Laptop  (14 inch, Carbon Gray, 1.3 kg)",4.3,46990,Intel,Core i5,11th Gen,1155G7,4.5 GHz,,8,DDR4,,Yes,512 GB,,,Intel Integrated UHD,,,35.56 cm (14 inch),1920 x 1080 Pixel,"Full HD, 60Hz 45%NTSC IPS-Level",,Windows 10 Home,64 bit,1.3 kg,
"ASUS ASUS TUF Gaming Core i5 11th Gen - (8 GB/1 TB SSD/Windows 10 Home/4 GB Graphics/NVIDIA GeForce RTX 3050) FX506HCB-HN228T Gaming Laptop  (15.6 inch, Graphite Black, 2.30 kg)",4.5,75990,Intel,Core i5,11th Gen,11400H,2.7 GHz up to 4.5 GHz,6.0,8,DDR4,,Yes,1 TB,,,NVIDIA GeForce RTX 3050,4 GB,GDDR6,39.62 cm (15.6 inch),1920 x 1080 Pixel,"Full HD LED Backlit Anti-glare Display (16:9, 250nits Brightness, NTSC: 45% Color Gamut, Value IPS-level)",,Windows 10 Home,64 bit,2.30 kg,
"ASUS ASUS TUF Gaming Core i5 11th Gen - (8 GB/512 GB SSD/Windows 10 Home/4 GB Graphics/NVIDIA GeForce RTX 3050) FX706HCB-HX162T Gaming Laptop  (17.3 inch, Graphite Black, 2.60 kg)",4.5,71990,Intel,Core i5,11th Gen,11400H,2.7 GHz up to 4.5 GHz,6.0,8,DDR4,,Yes,512 GB,,,NVIDIA GeForce RTX 3050,4 GB,GDDR6,43.94 cm (17.3 inch),1920 x 1080 Pixel,"Full HD LED Backlit Anti-glare Display (16:9, 250nits Brightness, NTSC: 45% Color Gamut, Value IPS-level)",,Windows 10 Home,64 bit,2.60 kg,
"ASUS ASUS TUF Gaming Core i7 11th Gen - (16 GB/1 TB SSD/Windows 10 Home/4 GB Graphics/NVIDIA GeForce RTX 3050) FX506HCB-HN225T Gaming Laptop  (15.6 inch, Graphite Black, 2.30 kg)",4.5,103990,Intel,Core i7,11th Gen,11800H,2.3 GHz up to 4.6 GHz,8.0,16,DDR4,,Yes,1 TB,,,NVIDIA GeForce RTX 3050,4 GB,GDDR6,39.62 cm (15.6 inch),1920 x 1080 Pixel,"Full HD LED Backlit Anti-glare Display (16:9, 250nits Brightness, NTSC: 45% Color Gamut, Value IPS-level)",,Windows 10 Home,64 bit,2.30 kg,
"ASUS Vivobook Gaming Core i5 10th Gen - (8 GB/1 TB HDD/256 GB SSD/Windows 10 Home/4 GB Graphics/NVIDIA GeForce GTX 1650) F571LH-BQ429T Gaming Laptop  (15.6 inch, Star Black, 2.14 kg)",4.4,62990,Intel,Core i5,10th Gen,10300H,2.5 GHz Upto 4.5 GHz,4.0,8,DDR4,,Yes,256 GB,1 TB,,NVIDIA GeForce GTX 1650,4 GB,GDDR6,39.62 cm (15.6 inch),1920 x 1080 Pixel,"Full HD LED Backlit Anti-glare Display (16:9, 250nits Brightness, NTSC: 45% Color Gamut, 80% Screen-to-body Ratio, IPS Level Panel)",,Windows 10 Home,64 bit,2.14 kg,
"ASUS Vivobook Gaming Core i5 9th Gen - (8 GB/1 TB HDD/256 GB SSD/Windows 10 Home/4 GB Graphics/NVIDIA GeForce GTX 1650) F571GT-HN1062T Gaming Laptop  (15.6 inch, Star Black, 2.14 kg)",4.3,57990,Intel,Core i5,9th Gen,9300H,2.4 GHz Upto 4.1 GHz,4.0,8,DDR4,,Yes,256 GB,1 TB,,NVIDIA GeForce GTX 1650,4 GB,GDDR5,39.62 cm (15.6 inch),1920 x 1080 Pixel,"Full HD LED Backlit Anti-glare Display (16:9, 250nits Brightness, NTSC: 45% Color Gamut, 80% Screen-to-body Ratio, IPS Level Panel)",,Windows 10 Home,64 bit,2.14 kg,
"ASUS Vivobook Gaming Core i7 10th Gen - (8 GB/512 GB SSD/Windows 10 Home/4 GB Graphics/NVIDIA GeForce GTX 1650) F571LH-BQ436T Gaming Laptop  (15.6 inch, Star Black, 2.14 kg)",4.5,63990,Intel,Core i7,10th Gen,10870H,2.2 GHz Upto 5.0 GHz,8.0,8,DDR4,,Yes,512 GB,,,NVIDIA GeForce GTX 1650,4 GB,GDDR6,39.62 cm (15.6 inch),1920 x 1080 Pixel,"15.6 inch Full HD LCD LED Backlit Anti-glare Display (16:9, 250nits Brightness, NTSC: 45% Color Gamut, 80% Screen-to-body Ratio, IPS Level Panel)",,Windows 10 Home,64 bit,2.14 kg,
"ASUS ROG Zephyrus G14 Ryzen 7 Octa Core 4800HS - (8 GB/1 TB SSD/Windows 10 Home/4 GB Graphics/NVIDIA GeForce GTX 1650/120 Hz) GA401IHR-K2066TS Gaming Laptop  (14 inch, Eclipse Gray, 1.60 Kg)",4.6,74990,AMD,Ryzen 7 Octa Core,,4800HS,2.9 GHz with Turbo Boost Upto 4.2 GHz,8.0,8,LPDDR4X,1515 MHz,Yes,1 TB,,,NVIDIA GeForce GTX 1650,4 GB,GDDR6,35.56 cm (14 inch),2560 x 1440 Pixels,"WQHD Anti-glare Display (170/170 Viewing Angle, IPS-level Panel, 300 nits Brightness,1000:1, Adaptive-Sync)",120 Hz,Windows 10 Home,64 bit,1.60 Kg,
"ASUS Vivobook Gaming Core i7 10th Gen - (16 GB/1 TB HDD/256 GB SSD/Windows 10 Home/4 GB Graphics/NVIDIA GeForce GTX 1650/120 Hz) F571LH-AL434T Gaming Laptop  (15.6 inch, Star Black, 2.14 kg)",4.2,68990,Intel,Core i7,10th Gen,10870H,2.2 GHz Upto 5.0 GHz,8.0,16,DDR4,,Yes,256 GB,1 TB,,NVIDIA GeForce GTX 1650,4 GB,GDDR6,39.62 cm (15.6 inch),1920 x 1080 Pixel,"Full HD LED Backlit Anti-glare Display (16:9, 250nits Brightness, NTSC: 45% Color Gamut, 80% Screen-to-body Ratio, IPS Level Panel)",120 Hz,Windows 10 Home,64 bit,2.14 kg,
"ASUS ASUS TUF Gaming Core i7 11th Gen - (16 GB/512 GB SSD/Windows 10 Home/4 GB Graphics/NVIDIA GeForce RTX 3050) FX706HCB-HX191T Gaming Laptop  (17.3 inch, Graphite Black, 2.60 kg)",4.5,94990,Intel,Core i7,11th Gen,11800H,2.3 GHz up to 4.6 GHz,8.0,16,DDR4,,Yes,512 GB,,,NVIDIA GeForce RTX 3050,4 GB,GDDR6,43.94 cm (17.3 inch),1920 x 1080 Pixel,"Full HD LED Backlit Anti-glare Display (16:9, 250nits Brightness, NTSC: 45% Color Gamut, Value IPS-level)",,Windows 10 Home,64 bit,2.60 kg,
"ASUS ASUS TUF Gaming Ryzen 7 Octa Core 4800H - (16 GB/512 GB SSD/Windows 10 Home/4 GB Graphics/NVIDIA GeForce RTX 3050/144 Hz) FA766IC-HX005T Gaming Laptop  (17.3 inch, Eclipse Gray, 2.60 kg)",4.5,80990,AMD,Ryzen 7 Octa Core,,4800H,2.9 GHz up to 4.2 GHz,8.0,16,DDR4,,Yes,512 GB,,,NVIDIA GeForce RTX 3050,4 GB,GDDR6,43.94 cm (17.3 inch),1920 x 1080 Pixel,"Full HD LED Backlit Anti-glare Display (16:9, 250nits Brightness, NTSC: 45% Color Gamut, Value IPS-level)",144 Hz,Windows 10 Home,64 bit,2.60 kg,
"ASUS ROG Zephyrus G15 Ryzen 9 Octa Core 5900HS - (16 GB/1 TB SSD/Windows 10 Home/6 GB Graphics/NVIDIA GeForce RTX 3060/165 Hz) GA503QM-HQ173TS Gaming Laptop  (15.6 inch, Eclipse Gray, 1.90 Kg, With MS Office)",4.3,139990,AMD,Ryzen 9 Octa Core,,5900HS,3.1 GHz with Turbo Boost Upto 4.5 GHz,8.0,16,DDR4,3200 MHz,Yes,1 TB,,,NVIDIA GeForce RTX 3060,6 GB,GDDR6,39.62 cm (15.6 inch),2560 x 1440 Pixels,"WQHD Anti-glare Display (16:9, 85/85/85/85 Viewing Angle, IPS-level Panel, 300nits Brightness, 1:1000, FreeSync)",165 Hz,Windows 10 Home,64 bit,1.90 Kg,
"ASUS Vivobook Gaming Core i7 10th Gen - (16 GB/512 GB SSD/Windows 10 Home/4 GB Graphics/NVIDIA GeForce GTX 1650) F571LH-BQ435T Gaming Laptop  (15.6 inch, Star Black, 2.14 kg)",4.1,67990,Intel,Core i7,10th Gen,10870H,2.2 GHz Upto 5.0 GHz,8.0,16,DDR4,,Yes,512 GB,,,NVIDIA GeForce GTX 1650,4 GB,GDDR6,39.62 cm (15.6 inch),1920 x 1080 Pixel,"Full HD LED Backlit Anti-glare Display (16:9, 250nits Brightness, NTSC: 45% Color Gamut, 80% Screen-to-body Ratio, IPS Level Panel)",,Windows 10 Home,64 bit,2.14 kg,
"ASUS Ryzen 5 Hexa Core - (8 GB/512 GB HDD/512 GB SSD/Windows 10 Home) M515UA-BQ512TS Laptop  (15.6 inch, Transparent Silver, 1.6 kg, With MS Office)",,48750,AMD,Ryzen 5 Hexa Core,,,,,8,DDR4,,Yes,512 GB,512 GB,,AMD Radeon wega 8,,,39.62 cm (15.6 inch),1920 x 1080 pixel,"35.56cm(14.0-inch),FHD (1920 x 1080) 16:9,Anti-glare display,LED Backlit,200nits,NTSC: 45%,Screen-to-body ratio: 78%",,Windows 10 Home,,1.6 kg,Upto 6 Hrs.
"Lenovo IdeaPad 3 Core i3 11th Gen - (8 GB/512 GB SSD/Windows 10 Home) 15ITL6 Thin and Light Laptop  (15.6 inch, Arctic Grey, 1.65 Kg, With MS Office)",4.4,48500,Intel,Core i3,11th Gen,1115G4,3.0 GHz with Turbo Boost Upto 4.1 GHz,2.0,8,DDR4,,Yes,512 GB,,,Intel Integrated UHD,,,39.62 cm (15.6 inch),1920 x 1080 Pixels,Full HD IPS Anti-glare Display (300nits),,Windows 10 Home,64 bit,1.65 Kg,Upto 6 Hours
"Lenovo Yoga Slim 7 Core i5 11th Gen - (16 GB/512 GB SSD/Windows 10 Home) 14ITL05 Thin and Light Laptop  (14 inch, Slate Grey, 1.36 kg, With MS Office)",,82990,Intel,Core i5,11th Gen,1135G7,2.4 GHz with Turbo Boost Upto 4.2 GHz,4.0,16,DDR4,,Yes,512 GB,,,Intel Integrated Iris Xe,,,35.56 cm (14 inch),1920 x 1080 Pixel,,,Windows 10 Home,64 bit,1.36 kg,Upto 14 hours
"Lenovo IdeaPad 5 Pro Core i5 11th Gen - (16 GB/512 GB SSD/Windows 10 Home) Ideapad 5 Pro14ITL6 U Thin and Light Laptop  (14 inch, Storm Grey, 1.38 kg, With MS Office)",4.5,69990,Intel,Core i5,11th Gen,1135G7,2.4 GHz with Turbo Boost Upto 4.2 GHz,4.0,16,DDR4,,Yes,512 GB,,,Intel Integrated Iris Xe,,,35.56 cm (14 inch),2240x1400 Pixel,,,Windows 10 Home,64 bit,1.38 kg,Upto 10 hours
"ASUS Core i3 11th Gen - (8 GB/1 TB HDD/Windows 10 Home) X515EA-BQ391TS Laptop  (15.6 inch, Transparent Silver, 1.6 kg, With MS Office)",3.0,41500,Intel,Core i3,11th Gen,,,,8,DDR4,,No,,1 TB,,Intel Integrated Intel UHD Graphic,,,39.62 cm (15.6 inch),1920 x 1080 pixel,"35.56cm(14.0-inch),FHD (1920 x 1080) 16:9,Anti-glare display,LED Backlit,200nits,NTSC: 45%,Screen-to-body ratio: 78%",,Windows 10 Home,,1.6 kg,Upto 6 Hrs.
"ASUS Ryzen 5 Hexa Core 5500U - (8 GB/512 GB SSD/Windows 10 Home) M515UA-BQ512TS Thin and Light Laptop  (15.6 inch, Transparent Silver, 1.8 kg, With MS Office)",4.4,47650,AMD,Ryzen 5 Hexa Core,,5500U,2.1 GHz with Turbo Boost Upto 4 GHz,6.0,8,DDR4,,Yes,512 GB,,,AMD Radeon Radeon,,,39.62 cm (15.6 inch),1920 x 1080 Pixel,"Full HD (IPS-level Panel, NTSC: 45%, 250nits)",,Windows 10 Home,,1.8 kg,
"ASUS ROG Strix G15 Ryzen 9 Octa Core AMD Ryzen 9 5900H Processor 3.0 GHz (16M Cache, up to 4.6 GHz) 5th Gen - (16 GB/1 TB SSD/Windows 10 Home/4 GB Graphics/NVIDIA GeForce RTX 3050Ti/300 Hz) G513QE-HF144T Gaming Laptop  (15.6 inch, Black, 2.30 Kg)",,119990,AMD,Ryzen 9 Octa Core,5th Gen,"AMD Ryzen 9 5900H Processor 3.0 GHz (16M Cache, up to 4.6 GHz)",3.0 GHz with Turbo Boost Upto 4.6 GHz,8.0,16,DDR4,3200 MHz,Yes,1 TB,,,NVIDIA GeForce RTX 3050Ti,4 GB,GDDR6,39.62 cm (15.6 inch),1920 x 1080 Pixels,"Full HD Anti-glare Display, IPS Level, 300 Hz",300 Hz,Windows 10 Home,64 bit,2.30 Kg,5 hours
"MSI GF63 Thin Core i5 10th Gen - (8 GB/512 GB SSD/Windows 10 Home/4 GB Graphics/NVIDIA GeForce RTX 3050/144 Hz) GF63 Thin 10UC-607IN Gaming Laptop  (15.6 inch, Black, 1.86 kg)",4.5,69990,Intel,Core i5,10th Gen,10500H,4.5 GHz,,8,DDR4,,Yes,512 GB,,,NVIDIA GeForce RTX 3050,4 GB,GDDR6,39.62 cm (15.6 inch),1920 x 1080 Pixel,"Full HD, 144Hz 45%NTSC IPS-Level",144 Hz,Windows 10 Home,64 bit,1.86 kg,
"MSI GF65 Thin Core i7 10th Gen - (16 GB/1 TB SSD/Windows 10 Home/6 GB Graphics/NVIDIA GeForce RTX 3060/144 Hz) GF65 Thin 10UE-410IN Gaming Laptop  (15.6 inch, Black, 1.86 kg)",4.4,82990,Intel,Core i7,10th Gen,10750H,5.0 GHz,,16,DDR4,,Yes,1 TB,,,NVIDIA GeForce RTX 3060,6 GB,GDDR6,39.62 cm (15.6 inch),1920 x 1080 Pixel,"Full HD, 144Hz 45%NTSC IPS-Level",144 Hz,Windows 10 Home,64 bit,1.86 kg,
"HP Pavilion Ryzen 5 Hexa Core 5500U - (8 GB/512 GB SSD/Windows 10 Home) 15-eh1101AU Thin and Light Laptop  (15.6 Inch, Natural Silver, 1.75 Kg, With MS Office)",4.5,55990,AMD,Ryzen 5 Hexa Core,,5500U,2.1 GHz with Turbo Boost Upto 4 GHz,,8,DDR4,,Yes,512 GB,,,AMD Radeon AMD,,,39.62 cm (15.6 Inch),1920 x 1080 Pixel,"Full HD (144 Hz, IPS, micro-edge, anti-glare, Brightness: 250 nits, 141 ppi, Color Gamut: 45% NTSC)",,Windows 10 Home,64 bit,1.75 Kg,
"HP Pavilion Ryzen 5 Hexa Core 5500U - (16 GB/512 GB SSD/Windows 10 Home) 15-eh1103AU Thin and Light Laptop  (15.6 Inch, Natural Silver, 1.75 Kg, With MS Office)",4.4,68500,AMD,Ryzen 5 Hexa Core,,5500U,2.1 GHz with Turbo Boost Upto 4 GHz,,16,DDR4,,Yes,512 GB,,,AMD Radeon AMD,,,39.62 cm (15.6 Inch),1920 x 1080 Pixel,"Full HD (144 Hz, IPS, micro-edge, anti-glare, Brightness: 250 nits, 141 ppi, Color Gamut: 45% NTSC)",,Windows 10 Home,64 bit,1.75 Kg,
"MSI Katana GF66 Core i7 11th Gen - (16 GB/1 TB SSD/Windows 10 Home/4 GB Graphics/NVIDIA GeForce RTX 3050/144 Hz) Katana GF66 11UC-628IN Gaming Laptop  (15.6 inches, Black, 2.25 kg)",4.4,84990,Intel,Core i7,11th Gen,11800H,4.60 GHz with Max Turbo Frequency,,16,DDR4,,Yes,1 TB,,,NVIDIA GeForce RTX 3050,4 GB,GDDR6,39.62 cm (15.6 inches),1920 x 1080 Pixels,Full HD IPS Display (45% NTSC Color Gamut),144 Hz,Windows 10 Home,64 bit,2.25 kg,
"MSI GF63 Thin Core i7 10th Gen - (16 GB/512 GB SSD/Windows 10 Home/4 GB Graphics/NVIDIA GeForce RTX 3050/144 Hz) GF63 Thin 10UC-606IN Gaming Laptop  (15.6 inch, Black, 1.86 kg)",4.5,79990,Intel,Core i7,10th Gen,10750H,5.0 GHz,,16,DDR4,,Yes,512 GB,,,NVIDIA GeForce RTX 3050,4 GB,GDDR6,39.62 cm (15.6 inch),1920 x 1080 Pixel,"Full HD, 144Hz 45%NTSC IPS-Level",144 Hz,Windows 10 Home,64 bit,1.86 kg,
"HP HP Envy Intel EVO Core i5 11th Gen - (16 GB/1 TB SSD/Windows 10 Home/4 GB Graphics) 14-eb0020TX Thin and Light Laptop  (14 inch, Natural Silver, 1.59 Kg, With MS Office)",,99190,Intel,Core i5,11th Gen,1135G7,2.4 GHz with Turbo Boost Upto 4.2 GHz,,16,DDR4,,Yes,1 TB,,,NVIDIA GeForce GTX GTX,4 GB,GDDR6,35.56 cm (14 inch),1920 x 1200 Pixel,"WUXGA, IPS, micro-edge, anti-glare (Brightness: 400 nits, 162 ppi, Color Gamut: 100% sRGB)",,Windows 10 Home,64 bit,1.59 Kg,
"MSI Alpha 15 Ryzen 7 Octa Core 5800H - (16 GB/1 TB SSD/Windows 10 Home/8 GB Graphics/AMD Radeon RX6600M/144 Hz) Alpha 15 B5EEK-029IN Gaming Laptop  (15.6 inch, Black, 2.35 kg)",4.7,94990,AMD,Ryzen 7 Octa Core,,5800H,4.4 GHz,,16,DDR4,,Yes,1 TB,,,AMD Radeon RX6600M,8 GB,GDDR6,39.62 cm (15.6 inch),1920 x 1080 Pixel,"Full HD, 144Hz 72%NTSC IPS-Level, close to 100%sRGB",144 Hz,Windows 10 Home,64 bit,2.35 kg,
"ASUS Core i3 10th Gen - (4 GB/1 TB HDD/Windows 10 Home) X509FA-BR301T Thin and Light Laptop  (15.6 inch, Transperant Silver, 1.80 kg)",3.8,30990,Intel,Core i3,10th Gen,,,,4,DDR4,,No,,1 TB,,Intel Integrated Intel UHD,,,39.62 cm (15.6 inch),1366 x 768 Pixels,HD,,Windows 10 Home,,1.80 kg,3 to 4 Hours
"ASUS Core i3 10th Gen - (8 GB/1 TB HDD/Windows 10 Home) X409FA-EB616T Thin and Light Laptop  (14 inch, Slate Grey)",3.6,32890,Intel,Core i3,10th Gen,i3-10110U,2.1 Ghz With Turbo Upto 4.1,2.0,8,DDR4,2400 MHz,No,,1 TB,,Intel Integrated,,,35.56 cm (14 inch),1920 x 1080 pixel,,,Windows 10 Home,,,Upto 6 Hrs.
"acer Predator Helios 300 Core i7 11th Gen - (16 GB/1 TB HDD/512 GB SSD/Windows 10 Home/6 GB Graphics/NVIDIA GeForce RTX 3060/165 Hz) PH315-54 Gaming Laptop  (15.6 inch, Abyssal Black, 2.3 kg)",4.5,112990,Intel,Core i7,11th Gen,11800H,2.30 GHz with Max Turbo Boost Frequency Up to 4.60 GHz,8.0,16,DDR4,3200 MHz,Yes,512 GB,1 TB,,NVIDIA GeForce RTX 3060,6 GB,GDDR6,39.62 cm (15.6 inch),2560 x 1440 Pixel,"QHD with IPS (In-Plane Switching) technology (High-brightness (300 nits) Acer ComfyView LED-backlit TFT LCD, supporting 165 Hz, 3 ms Overdrive, 16:9 aspect ratio, DCI-P3 100%)",165 Hz,Windows 10 Home,,2.3 kg,
"ASUS F17 Core i5 11th Gen - (8 GB/1 TB SSD/Windows 10 Home/4 GB Graphics/NVIDIA GeForce RTX 3050/144 Hz) FX766HC-HX060T Gaming Laptop  (17.3 inch, Eclipse Gray, 2.6 KG)",4.3,83000,Intel,Core i5,11th Gen,i5-11400H,2.2 GHz with Turbo Boost Upto 4.5 GHz,6.0,8,DDR4,,Yes,1 TB,,,NVIDIA GeForce RTX 3050,4 GB,GDDR6,43.94 cm (17.3 inch),1920x1080 Pixel,"Full HD LED Backlit, IPS Anti-Glare Display (250 nits Brightness, 45% NTSC Color Gamut, 144 Hz Refresh Rate, 62.5% sRGB)",144 Hz,Windows 10 Home,64 bit,2.6 KG,90Wh
"HP HP Envy Ryzen 7 Octa Core 4700U - (16 GB/1 TB SSD/Windows 10 Home) 13-ay0508au Thin and Light Laptop  (13.3 inch, Nightfall Black, 1.32 Kg, With MS Office)",3.7,90940,AMD,Ryzen 7 Octa Core,,4700U,2.0 GHz with Turbo Boost Upto 4.1 GHz,,16,DDR4,,Yes,1 TB,,,AMD Radeon Radeon,,,33.78 cm (13.3 inch),1920 x 1080 Pixel,"Full HD,multitouch-enabled, (IPS, edge-to-edge glass, micro-edge, Corning Gorilla Glass NBT, Brightness: 1000 nits (150 nits in PVCY), 166 ppi, Color Gamut: 72% NTSC)",,Windows 10 Home,64 bit,1.32 Kg,
"ASUS Vivobook 15 Core i3 11th Gen - (8 GB/256 GB SSD/Windows 10 Home) X515EA-BQ312TS Laptop  (15.6 inch, Transparent Silver, 1.80 kg, With MS Office)",4.3,37990,Intel,Core i3,11th Gen,1115G4,3.0 GHz with Turbo Frequency Upto 4.1 GHz,2.0,8,DDR4,,Yes,256 GB,,,Intel Integrated UHD,,,39.62 cm (15.6 inch),1920 x 1080 pixel,"Full HD LED Backlit Anti-Glare Display (250 nits Brightness, 45% NTSC Color Gamut, 85% Screen-to-Body Ratio)",60 Hz,Windows 10 Home,64 bit,1.80 kg,3-5 hours
"ASUS Vivobook 15 Core i5 11th Gen - (8 GB + 32 GB Optane/512 GB SSD/Windows 10 Home) X515EA-BQ562TS Laptop  (15.6 inch, Transparent Silver, 1.80 kg, With MS Office)",4.5,52990,Intel,Core i5,11th Gen,Intel® Core i5-1135G7,2.4 GHz up to 4.2 GHz,4.0,8,DDR4,,Yes,512 GB,,,Intel Integrated Intel Iris X? Graphics,,,39.62 cm (15.6 inch),1920 x 1080 pixel,"Full HD LED Backlit Anti-glare Display (200 nits Brightness, 45% NTSC Color Gamut, 83? Screen-to-body Ratio)",60 Hz,Windows 10 Home,64 bit,1.80 kg,3-5 hours
"ASUS ZenBook Duo 14 (2021) Touch Panel Intel EVO Core i7 11th Gen - (16 GB/1 TB SSD/Windows 10 Home) UX482EA-HY777TS Thin and Light Laptop  (14 inch, Celestial Blue, 1.57 kg, With MS Office)",4.8,119990,Intel,Core i7,11th Gen,1165G7,2.8 GHz with Turbo Boost Upto 4.7 GHz,4.0,16,LPDDR4X,,Yes,1 TB,,,Intel Integrated Iris Xe,,,35.56 cm (14 inch),1920 x 1080 Pixels,"1W Full HD LED Backlit LCD IPS-level Anti-Glare Touch Display (400 nits Brightness, 100% sRGB Color Gamut, Pantone Validated, 93% Screen to Body Ratio)",,Windows 10 Home,64 bit,1.57 kg,
"Lenovo IdeaPad Ryzen 5 Hexa Core 5500U - (8 GB/512 GB SSD/Windows 10 Home) IdeaPad 5 15ALC05 Thin and Light Laptop  (15.6 inch, Graphite Grey, 1.66 kg, With MS Office)",4.3,52990,AMD,Ryzen 5 Hexa Core,,5500U,2.1 GHz with Turbo Boost Upto 4 GHz,,8,DDR4,,Yes,512 GB,,,AMD Radeon Radeon,,,39.62 cm (15.6 inch),1920 x 1080 Pixel,"Full HD (IPS 300nits Anti-glare, 45% NTSC)",,Windows 10 Home,64 bit,1.66 kg,Upto 14 hours
"Lenovo IdeaPad Gaming Core i5 10th Gen - (8 GB/1 TB HDD/Windows 10 Home/4 GB Graphics/NVIDIA GeForce GTX 1650/60 Hz) IdeaPad Gaming 3 15IMH05 Gaming Laptop  (15.6 Inch, Onyx Black, 2.2 KG)",4.0,65990,Intel,Core i5,10th Gen,10300H,2.5 GHz with Turbo Boost upto 4.5 GHz,4.0,8,DDR4,2933 MHz,No,,1 TB,,NVIDIA GeForce GTX 1650,4 GB,GDDR6,39.62 cm (15.6 Inch),1920 x 1080 Pixel,"Full HD LED Backlit, IPS Anti-Glare Display (250 nits Brightness, 60Hz Refresh Rate)",60 Hz,Windows 10 Home,64 bit,2.2 KG,Upto 8 Hours
"Lenovo IdeaPad Gaming 3i Core i7 11th Gen - (8 GB/512 GB SSD/Windows 10 Home/4 GB Graphics/NVIDIA GeForce RTX 3050/120 Hz) IPG3-15IHU6 Gaming Laptop  (15.6 inch, Shadow Black, 2.25 kg)",3.9,88990,Intel,Core i7,11th Gen,11370H,3.3 GHz with Turbo Boost Upto 4.8 GHz,,8,DDR4,,Yes,512 GB,,,NVIDIA GeForce RTX 3050,4 GB,GDDR6,39.62 cm (15.6 inch),1920 x 1080 Pixel,"Full HD (IPS 250nits Anti-glare, 120Hz, 45% NTSC, DC dimmer)",120 Hz,Windows 10 Home,64 bit,2.25 kg,Upto 8 hours
"MSI GS66 Core i7 11th Gen - (16 GB/1 TB SSD/Windows 10 Home/8 GB Graphics/NVIDIA GeForce RTX 3070/165 Hz) GS66 Stealth 11UG-418IN Gaming Laptop  (15.6 inch, Black, 2.1 Kg)",,207290,Intel,Core i7,11th Gen,11800H,4.6 GHz Max Turbo Frequency,8.0,16,DDR4,3200 MHz,Yes,1 TB,,,NVIDIA GeForce RTX 3070,8 GB,GDDR6,39.62 cm (15.6 inch),2560 x 1440 Pixels,QHD Display (165Hz DCI-P3 100% Typical),165 Hz,Windows 10 Home,64 bit,2.1 Kg,
"ASUS ROG Strix Ryzen 9 Octa Core 5900HX - (16 GB/1 TB SSD/Windows 10 Home/6 GB Graphics/NVIDIA GeForce RTX 3060) G513QM-HF406TS Gaming Laptop  (15.6 inch, Eclipse Gray, 2.30 kg)",4.6,147990,AMD,Ryzen 9 Octa Core,,5900HX,3.3 GHz up to 4.6 GHz,8.0,16,DDR4,,Yes,1 TB,,,NVIDIA GeForce RTX 3060,6 GB,GDDR6,39.62 cm (15.6 inch),1920 x 1080 Pixel,"Full HD LED Backlit Anti-glare Display (16:9, 300nits Brightness, NTSC: 72% Color Gamut, Value IPS-level)",,Windows 10 Home,64 bit,2.30 kg,
"ASUS ROG Strix Ryzen 7 Octa Core 4800H - (8 GB/512 GB SSD/Windows 10 Home/4 GB Graphics/NVIDIA GeForce RTX 3050/144 Hz) G513IC-HN025T Gaming Laptop  (15.6 inch, Eclipse Gray, 2.10 kg)",4.6,82990,AMD,Ryzen 7 Octa Core,,4800H,2.9 GHz up to 4.2 GHz,8.0,8,DDR4,,Yes,512 GB,,,NVIDIA GeForce RTX 3050,4 GB,GDDR6,39.62 cm (15.6 inch),1920 x 1080 Pixel,"Full HD LED Backlit Anti-glare Display (16:9, 250nits Brightness, NTSC: 45% Color Gamut, Value IPS-level)",144 Hz,Windows 10 Home,64 bit,2.10 kg,
"realme Book(Slim) Intel Evo Core i5 11th Gen - (8 GB/512 GB SSD/Windows 10 Home) RMNB1002 Thin and Light Laptop  (14 inch, Real Gray, 1.38 kg, With MS Office)",4.4,55990,Intel,Core i5,11th Gen,1135G7,2.4GHz with Turbo Boost Upto 3.8GHz,,8,DDR4,,Yes,512 GB,,,Intel Integrated Iris Xe,,,35.56 cm (14 inch),2160 x 1440 Pixel,"2K QHD, IPS LCD Display ( 400nits peak brightness, 100% sRGB,3:2 aspect ratio, Full Vision Display)",,Windows 10 Home,64 bit,1.38 kg,
"realme Book (Slim) Core i3 11th Gen - (8 GB/256 GB SSD/Windows 10 Home) RMNB1001 Thin and Light Laptop  (14 inch, Real Gray, 1.38 kg, With MS Office)",4.4,42990,Intel,Core i3,11th Gen,1115G4,3.0GHz with Turbo Boost Upto 4.1GHz,,8,DDR4,,Yes,256 GB,,,Intel Integrated UHD,,,35.56 cm (14 inch),2160 x 1440 Pixel,"2K QHD, IPS LCD Display ( 400nits peak brightness, 100% sRGB,3:2 aspect ratio, Full Vision Display)",,Windows 10 Home,64 bit,1.38 kg,Up to 11 hours
"ASUS ROG Strix G15 (2021) Ryzen 7 Octa Core 4800H - (8 GB/512 GB SSD/Windows 10 Home/4 GB Graphics/NVIDIA GeForce GTX 1650/144 Hz) G513IH-HN086T Gaming Laptop  (15.6 inch, Eclipse Gray, 2.10 Kg)",4.5,76990,AMD,Ryzen 7 Octa Core,,4800H,2.9 GHz with Turbo Boost Upto 4.2 GHz,8.0,8,DDR4,,Yes,512 GB,,,NVIDIA GeForce GTX 1650,4 GB,GDDR6,39.62 cm (15.6 inch),1920 x 1080 Pixels,"Full HD Anti-glare Display (16:9, 170 Viewing Angle, Value IPS-level Panel, 250nits Brightness, 1:1000 Contrast, 45% NTSC, 62.5% SRGB, 47.34% Adobe)",144 Hz,Windows 10 Home,64 bit,2.10 Kg,
"realme Book(Slim) Intel Evo Core i5 11th Gen - (8 GB/512 GB SSD/Windows 10 Home) RMNB1002 Thin and Light Laptop  (14 inch, Real Blue, 1.38 kg, With MS Office)",4.4,55990,Intel,Core i5,11th Gen,1135G7,2.4GHz with Turbo Boost Upto 3.8GHz,,8,DDR4,,Yes,512 GB,,,Intel Integrated Iris Xe,,,35.56 cm (14 inch),2160 x 1440 Pixel,"2K QHD, IPS LCD Display ( 400nits peak brightness, 100% sRGB,3:2 aspect ratio, Full Vision Display)",,Windows 10 Home,64 bit,1.38 kg,
"HP Pavilion Gaming Core i7 11th Gen - (16 GB/512 GB SSD/Windows 10 Home/4 GB Graphics/NVIDIA GeForce GTX 1650/144 Hz) 15-DK2075TX Gaming Laptop  (15.6 inches, Shadow Black & Ultra Violet, 2.23 kg, With MS Office)",4.4,84990,Intel,Core i7,11th Gen,11370H,4.8 GHz with Max Turbo Frequency,4.0,16,DDR4,3200 MHz,Yes,512 GB,,,NVIDIA GeForce GTX 1650,4 GB,GDDR6,39.62 cm (15.6 inches),1920 x 1080 Pixels,"Full HD IPS Micro-edge Anti-glare Display (250 nits Brightness, 141 PPI, 45% NTSC Color Gamut)",144 Hz,Windows 10 Home,64 bit,2.23 kg,
"ASUS ASUS TUF Dash Core i5 11th Gen - (16 GB/512 GB SSD/Windows 10 Home/4 GB Graphics/NVIDIA GeForce RTX RTX) FX516PC-HN077T Gaming Laptop  (15.6 inch, Moonlight White, 2.00 kg)",,85990,Intel,Core i5,11th Gen,11300H,3.1 GHz with Turbo Boost Upto 4.0 GHz,4.0,16,DDR4,,Yes,512 GB,,,NVIDIA GeForce RTX RTX,4 GB,GDDR6,39.62 cm (15.6 inch),1920 x 1080 Pixel,"Full HD Anti-glare Display (16:9, 85/85/85/85Viewing Angle, Value IPS-level Panel, 250nits Brightness, 1:1000 Contrast, 45% NTSC, 62.5% SRGB, 47.34% Adobe)",,Windows 10 Home,64 bit,2.00 kg,
"ASUS Vivobook Ultra K14 Core i5 11th Gen - (16 GB/512 GB SSD/Windows 10 Home) K413EA-EB522TS Thin and Light Laptop  (14 inch, Indie Black, 1.4 kg, With MS Office)",3.2,63900,Intel,Core i5,11th Gen,i5-1135G7,2.4 Ghz With Turbo Upto 4.2,4.0,16,DDR4,3200 MHz,Yes,512 GB,,,Intel Integrated Intel Iris Xe,,,35.56 cm (14 inch),1920 x 1080 pixel,"14.0-inch,FHD (1920 x 1080) 16:9,IPS-level Panel,Anti-glare display,LED Backlit,250nits,NTSC: 45%,Screen-to-body ratio: 84 ?",60 Hz,Windows 10 Home,64 bit,1.4 kg,Upto 8 Hrs.
"HP Pavilion Aero Ryzen 5 Hexa Core 5600U - (16 GB/512 GB SSD/Windows 10 Home) 13-BE0030AU Thin and Light Laptop  (13.3 inch, Natural Silver, 0.97 kg, With MS Office)",4.3,64489,AMD,Ryzen 5 Hexa Core,,5600U,2.3 GHz with Turbo Boost Upto 4.2 GHz,6.0,16,DDR4,,Yes,512 GB,,,AMD Radeon Radeon,,,33.78 cm (13.3 inch),1920 x 1080 Pixel,"""WUXGA, IPS, micro-edge, anti-glare (Brightness: 400 nits, 170 ppi,Color Gamut: 100% sRGB) """,,Windows 10 Home,64 bit,0.97 kg,
"HP HP Envy Intel EVO Core i5 11th Gen - (16 GB/512 GB SSD/Windows 10 Home/2 GB Graphics) 13-ba1501TX Thin and Light Laptop  (13.3 inch, Natural Silver, 1.30 kg, With MS Office)",4.5,77590,Intel,Core i5,11th Gen,1135G7,2.4 GHz with Turbo Boost Upto 4.2 GHz,4.0,16,DDR4,,Yes,512 GB,,,NVIDIA GeForce MX450,2 GB,GDDR6,33.78 cm (13.3 inch),1920 x 1080 Pixel,"Full HD,multitouch-enabled (IPS, edge-to-edge glass, micro-edge, Brightness: 400 nits, 166 ppi, Color Gamut: 100% sRGB)",,Windows 10 Home,64 bit,1.30 kg,
"DELL Insprion 3501 Core i3 11th Gen - (8 GB/1 TB HDD/Windows 10 Home) D560423WIN9S Laptop  (15.6 inch, Accent Black, With MS Office)",4.2,43490,Intel,Core i3,11th Gen,,,,8,DDR4,,No,,1 TB,,Intel Integrated Intel,,,39.62 cm (15.6 inch),1920X1080 pixel,,,Windows 10 Home,,,3 HRS
"ASUS Vivobook 14 Core i3 10th Gen - (4 GB/1 TB HDD/Windows 10 Home) X409FA-EK617T Thin and Light Laptop  (14.1 inch, Slate Grey, 1.6 kg)",3.2,33990,Intel,Core i3,10th Gen,i3-10110U,2.1 Ghz With Turbo Upto 4.1,2.0,4,DDR4,2400 MHz,No,,1 TB,,Intel Integrated UHD,,,35.81 cm (14.1 inch),1920 x 1080 pixel,"35.56cm(14.0-inch),FHD (1920 x 1080) 16:9,Anti-glare display,LED Backlit,200nits,NTSC: 45%,Screen-to-body ratio: 78%",60 Hz,Windows 10 Home,64 bit,1.6 kg,Upto 6 Hrs.
"MSI Pulse GL66 Core i7 11th Gen - (16 GB/512 GB SSD/Windows 10 Home/4 GB Graphics/NVIDIA GeForce RTX 3050 Ti/144 Hz) Pulse GL66 11UDK-627IN Gaming Laptop  (15.6 inches, Grey, 2.25 kg)",4.6,108490,Intel,Core i7,11th Gen,11800H,4.60 GHz with Max Turbo Frequency,,16,DDR4,,Yes,512 GB,,,NVIDIA GeForce RTX 3050 Ti,4 GB,GDDR6,39.62 cm (15.6 inches),1920 x 1080 Pixels,"Full HD IPS Display (72% NTSC Color Gamut, 100% sRGB)",144 Hz,Windows 10 Home,64 bit,2.25 kg,
"MSI GP76 Core i7 11th Gen - (16 GB/1 TB SSD/Windows 10 Home/8 GB Graphics/NVIDIA GeForce RTX 3070/240 Hz) GP76 Leopard 11UG-609IN Gaming Laptop  (17.3 inches, Black, 2.9 kg)",4.4,179990,Intel,Core i7,11th Gen,11800H,4.60 GHz with Max Turbo Frequency,,16,DDR4,,Yes,1 TB,,,NVIDIA GeForce RTX 3070,8 GB,GDDR6,43.94 cm (17.3 inches),1920 x 1080 Pixels,Full HD IPS Display (100% sRGB),240 Hz,Windows 10 Home,64 bit,2.9 kg,
"acer Predator Helios 300 Core i7 11th Gen - (16 GB/1 TB SSD/Windows 10 Home/6 GB Graphics/NVIDIA GeForce RTX 3060/165 Hz) ph315-54-78cp/ph315-54 Gaming Laptop  (15.6 inches, Abyssal Black, 2.3 kg)",4.5,129990,Intel,Core i7,11th Gen,11800H,Max Turbo Boost Frequency Up to 4.60 GHz,8.0,16,DDR4,,Yes,1 TB,,,NVIDIA GeForce RTX 3060,6 GB,GDDR6,39.62 cm (15.6 inches),2560 x 1440 Pixels,"Quad HD IPS LED Backlit TFT Acer ComfyView Display (300 nits Brightness, DCI-P3 100%, 3 ms Overdrive, 16:9 aspect ratio)",165 Hz,Windows 10 Home,64 bit,2.3 kg,
"ASUS ROG Strix G15 (2021) Advantage Edition Ryzen 9 Octa Core 5900HX - (16 GB/1 TB SSD/Windows 10 Home/12 GB Graphics/AMD Radeon RX 6800M) G513QY-HQ008TS Gaming Laptop  (15.6 inch, Original Black, 2.50 kg, With MS Office)",4.6,154990,AMD,Ryzen 9 Octa Core,,5900HX,3.3 GHz with Turbo Boost Upto 4.6 GHz,8.0,16,DDR4,,Yes,1 TB,,,AMD Radeon RX 6800M,12 GB,GDDR6,39.62 cm (15.6 inch),2560 x 1440 Pixel,"WQHD 16:9,165Hz,IPS-level,anti-glare display, Free Sync",,Windows 10 Home,,2.50 kg,
"HP Pavilion Ryzen 5 Hexa Core 5600H - (8 GB/512 GB SSD/Windows 10/4 GB Graphics/NVIDIA GeForce GTX 1650/144 Hz) 15-ec2004AX Gaming Laptop  (15.6 inch, Shadow Black, 1.98 kg)",4.5,57990,AMD,Ryzen 5 Hexa Core,,5600H,3.3 GHz with Turbo Boost Upto 4.2 GHz,6.0,8,DDR4,3200 MHz,Yes,512 GB,,,NVIDIA GeForce GTX 1650,4 GB,GDDR6,39.62 cm (15.6 inch),1920 x 1080 Pixel,"Full HD WLED-Backlit IPS Anti-glare Micro-edge Display (Brightness: 250 nits, 141 PPI, Color Gamut: 45% NTSC)",144 Hz,Windows 10,64 bit,1.98 kg,
"ASUS ROG Strix G15 (2021) Ryzen 7 Octa Core 4800H - (8 GB/512 GB SSD/Windows 10 Home/4 GB Graphics/NVIDIA GeForce GTX 1650/144 Hz) G513IH-HN086T Gaming Laptop  (15.6 inch, Eclipse Gray, 2.10 Kg)",4.5,70990,AMD,Ryzen 7 Octa Core,,4800H,2.9 GHz with Turbo Boost Upto 4.2 GHz,8.0,8,DDR4,,Yes,512 GB,,,NVIDIA GeForce GTX 1650,4 GB,GDDR6,39.62 cm (15.6 inch),1920 x 1080 Pixels,"Full HD Anti-glare Display (16:9, 170 Viewing Angle, Value IPS-level Panel, 250nits Brightness, 1:1000 Contrast, 45% NTSC, 62.5% SRGB, 47.34% Adobe)",144 Hz,Windows 10 Home,64 bit,2.10 Kg,
"ASUS Core i5 11th Gen - (8 GB/1 TB HDD/256 GB SSD/Windows 10 Home/2 GB Graphics) K513EP-BQ512TS Laptop  (15.6 inch, Black, With MS Office)",,62990,Intel,Core i5,11th Gen,,,,8,DDR4,,Yes,256 GB,1 TB,,NVIDIA GeForce Nvidia MX330-2GB,2 GB,GDDR5,39.62 cm (15.6 inch),1920 X 1080 pixel,,,Windows 10 Home,,,UPTO 7 HOURS
"Lenovo Core i3 10th Gen - (8 GB/256 GB SSD/Windows 10 Home) 81WA00K1IN Laptop  (14 inch, Platinum Grey, With MS Office)",5.0,40990,Intel,Core i3,10th Gen,,,,8,DDR4,,Yes,256 GB,,,Intel Integrated,,,35.56 cm (14 inch),1920 x 1080 pixel,,,Windows 10 Home,,,3hrs
"RedmiBook Pro Core i5 11th Gen - (8 GB/512 GB SSD/Windows 10 Home) Thin and Light Laptop  (15.6 inch, Charcoal Gray, 1.8 kg, With MS Office)",4.2,48990,Intel,Core i5,11th Gen,i5-11300H,3.1 GHz with Turbo Boost up to 4.4 GHz,4.0,8,DDR4,3200 MHz,Yes,512 GB,,,Intel Integrated Iris Xe,,,39.62 cm (15.6 inch),1920 x 1080 Pixel,"Full HD Anti glare display, 81.8% Screen to Body ratio and DC Dimming",,Windows 10 Home,,1.8 kg,Up to 10 hours
"RedmiBook 15 Core i3 11th Gen - (8 GB/256 GB SSD/Windows 10 Home) Thin and Light Laptop  (15.6 inch, Charcoal Gray, 1.8 kg, With MS Office)",4.2,40990,Intel,Core i3,11th Gen,i3-1115G4,3.0 GHz with Turbo Boost up to 4.1 GHz,,8,DDR4,3200 MHz,Yes,256 GB,,,Intel Integrated UHD,,,39.62 cm (15.6 inch),1920 x 1080 Pixel,"Full HD Anti glare display, 81.8% Screen to Body ratio and DC Dimming",,Windows 10 Home,,1.8 kg,Up to 10 hours
"MSI Modern 14 Ryzen 5 Hexa Core 4500U - (8 GB/512 GB SSD/Windows 10 Home) Modern 14 B4MW-423IN Thin and Light Laptop  (14 inch, Carbon Grey, 1.3 Kg)",4.5,44990,AMD,Ryzen 5 Hexa Core,,4500U,4 GHz Max Turbo Frequency,6.0,8,DDR4,,Yes,512 GB,,,AMD Radeon,,,35.56 cm (14 inch),1920 x 1080 Pixels,Full HD 60Hz 45%NTSC IPS-Level Display,60 Hz,Windows 10 Home,64 bit,1.3 Kg,
"HP Pavilion Gaming Core i5 11th Gen - (8 GB/1 TB HDD/256 GB SSD/Windows 10 Home/4 GB Graphics/NVIDIA GeForce GTX 1650/144 hz) 15-DK2100TX Gaming Laptop  (15.6 inches, Shadow Black & Ultra Violet, 2.28 kg, With MS Office)",4.3,67990,Intel,Core i5,11th Gen,11300H,4.4 GHz with Max Turbo Frequency,4.0,8,DDR4,3200 MHz,Yes,256 GB,1 TB,,NVIDIA GeForce GTX 1650,4 GB,GDDR6,39.62 cm (15.6 inches),1920 x 1080 Pixels,"Full HD IPS Micro-Edge Anti-glare Display (250 nits Brightness, 141 PPI, 45% NTSC Color Gamut)",144 hz,Windows 10 Home,64 bit,2.28 kg,
"ASUS Ryzen 7 Octa Core 5800U - (16 GB/1 TB SSD/Windows 10 Home) UM325SA-KG701TS Thin and Light Laptop  (13.3 inch, Pine Grey, 1.14 Kg, With MS Office)",3.0,84990,AMD,Ryzen 7 Octa Core,,5800U,1.9 GHz with Turbo Boost Upto 4.4 GHz,8.0,16,LPDDR4X,,Yes,1 TB,,,AMD Radeon,,,33.78 cm (13.3 inch),1920 x 1080 Pixels,"Full HD OLED Glossy Display (16:9, 400nits Brightness, DCI-P3: 100% Color Gamut, 88% Screen-to-body Ratio, IPS-level Panel)",,Windows 10 Home,64 bit,1.14 Kg,
"DELL Vostro Core i3 11th Gen - (8 GB/256 GB SSD/Windows 10) VOSTRO 3400 Thin and Light Laptop  (14.96 Inch, Accent Black, 1.58 kg, With MS Office)",4.1,38990,Intel,Core i3,11th Gen,1115G4,1.7 GHz upto Max Turbo Frequency at 4.1 GHz,2.0,8,DDR4,2666 MHz,Yes,256 GB,,,Intel Integrated UHD,,,38.0 cm (14.96 Inch),1920 x 1080 Pixels,Full HD WVA AG Narrow Border,,Windows 10,64 bit,1.58 kg,Upto 10 Hours
"acer Aspire 5 Ryzen 5 Hexa Core AMD Ryzen 5-5500U hexa-core - (8 GB/512 GB SSD/Windows 10 Home) A515-45 Thin and Light Laptop  (15.6 inch, Pure Silver, 1.76 kg, With MS Office)",4.4,51990,AMD,Ryzen 5 Hexa Core,,AMD Ryzen 5-5500U hexa-core,Max Turbo Boost Frequency Up to 4.0 GHz,6.0,8,DDR4,,Yes,512 GB,,,AMD Radeon 5500U,,,39.62 cm (15.6 inch),1920 x 1080 Pixel,"Full HD IPS Acer ComfyView LED-backlit TFT LCD, 16:9 aspect ratio, 45% NTSC color gamut",,Windows 10 Home,64 bit,1.76 kg,Upto 13.5 hours
"acer Swift 3 Ryzen 5 Hexa Core 5500U - (8 GB/512 GB SSD/Windows 10 Home) SF314-43 Thin and Light Laptop  (14 inch, Pure Silver, 1.2 kg, With MS Office)",4.6,56490,AMD,Ryzen 5 Hexa Core,,5500U,Max Turbo Boost Frequency Up to 4.0 GHz,6.0,8,LPDDR4X,,Yes,512 GB,,,AMD Radeon 5500U,,,35.56 cm (14 inch),1920 x 1080 Pixel,"Full HD IPS1 high-brightness (300nits) Acer ComfyView LED-backlit TFT LCD, 16:9 aspect ratio, 100% sRGB color gamut",,Windows 10 Home,64 bit,1.2 kg,Upto 12.5 hours
"ASUS Ryzen 5 Hexa Core 5600U - (16 GB/512 GB SSD/Windows 10 Home) UM325SA-KG502TS Thin and Light Laptop  (13.3 inch, Pine Grey, 1.14 Kg, With MS Office)",,74990,AMD,Ryzen 5 Hexa Core,,5600U,2.3 GHz with Turbo Boost Upto 4.2 GHz,6.0,16,LPDDR4X,,Yes,512 GB,,,AMD Radeon,,,33.78 cm (13.3 inch),1920 x 1080 Pixels,"Full HD OLED Glossy Display (16:9, 400nits Brightness, DCI-P3: 100% Color Gamut, 88% Screen-to-body Ratio, IPS-level Panel)",,Windows 10 Home,64 bit,1.14 Kg,
"DELL Inspiron Core i5 11th Gen - (8 GB/1 TB HDD/256 GB SSD/Windows 10/2 GB Graphics) Inspiron 3511 Laptop  (15.6 inches, Platinum Silver, 1.85 kg, With MS Office)",3.8,69099,Intel,Core i5,11th Gen,,2.4 GHz upto Max Turbo Frequency at 4.2 GHz,4.0,8,DDR4,2666 MHz,Yes,256 GB,1 TB,,NVIDIA GeForce MX350,2 GB,GDDR5,39.62 cm (15.6 inches),1920 x 1080 Pixels,Full HD Anti Glare Display,,Windows 10,64 bit,1.85 kg,Upto 7 hours
"DELL Vostro Core i3 11th Gen - (8 GB/1 TB HDD/Windows 10) Vostro 3400 Thin and Light Laptop  (14 inches, Dune, 1.58 kg, With MS Office)",3.9,41990,Intel,Core i3,11th Gen,1115G4,1.7 GHz upto Max Turbo Frequency at 4.1 GHz,2.0,8,DDR4,2666 MHz,No,,1 TB,,Intel Integrated UHD,,,35.56 cm (14 inches),1920 x 1080 Pixels,Full HD WVA AG Narrow Border Display,,Windows 10,64 bit,1.58 kg,Upto 10 Hours
"DELL Vostro Core i5 11th Gen - (8 GB/512 GB SSD/Windows 10/2 GB Graphics) Vostro 3400 Thin and Light Laptop  (14 inches, Dune, 1.58 kg, With MS Office)",3.8,54190,Intel,Core i5,11th Gen,1135G7,2.4 GHz upto Max Turbo Frequency at 4.2 GHz,4.0,8,DDR4,2666 MHz,Yes,512 GB,,,NVIDIA GeForce MX330,2 GB,GDDR5,35.56 cm (14 inches),1920 x 1080 Pixels,Full HD Anti Glare Display,,Windows 10,64 bit,1.58 kg,Upto 10 Hours
"Lenovo Ideapad Slim 3i Core i5 11th Gen - (8 GB/512 GB SSD/Windows 10 Home) Ideapad Slim 3 Thin and Light Laptop  (15.6 inch, Arctic Grey, 1.39 kg, With MS Office)",3.3,58990,Intel,Core i5,11th Gen,1135G7,2.4 GHz with Turbo Boost Upto 4.2 Ghz,4.0,8,DDR4,3200 MHz,Yes,512 GB,,,Intel Integrated INTEGRATED INTEL IRIS XE GRAPHICS,,,39.62 cm (15.6 inch),1920 x 1080$$Pixels pixel,"Full HD LED Backlit, IPS Anti-Glare Display (300 nits Brightness, 45% NTSC Color Gamut)",,Windows 10 Home,64 bit,1.39 kg,Upto 11 hours
"DELL Vostro Core i3 11th Gen - (4 GB/1 TB HDD/256 GB SSD/Windows 10 Home) Vostro 3400 Thin and Light Laptop  (14 inch, Accent Black, 1.58 kg, With MS Office)",3.9,34990,Intel,Core i3,11th Gen,1115G4,4.10 GHz Max Turbo Frequency,2.0,4,DDR4,2666 MHz,Yes,256 GB,1 TB,,Intel Integrated UHD,,,35.56 cm (14 inch),1920 x 1080 Pixel,Full HD LED Backlit Anti Glare Display,,Windows 10 Home,64 bit,1.58 kg,Upto 10 Hours
"HP Pavilion Aero Ryzen 5 Hexa Core 5600U - (16 GB/512 GB SSD/Windows 10 Home) 13-BE0190AU Thin and Light Laptop  (13.3 inches, Pale Rose Gold, 0.97 kg, With MS Office)",4.5,65900,AMD,Ryzen 5 Hexa Core,,5600U,4.2 GHz with Max Turbo Frequency,6.0,16,DDR4,3200 MHz,Yes,512 GB,,,AMD Radeon,,,33.78 cm (13.3 inches),1920 x 1200 Pixels,"Quad HD IPS Micro-edge Anti-glare Display (400 nits Brightness, 170 PPI, 100% sRGB Color Gamut)",,Windows 10 Home,64 bit,0.97 kg,
"HP 15s Ryzen 3 Quad Core 5300U - (8 GB/512 GB SSD/Windows 10 Home) 15s- EQ2042AU Thin and Light Laptop  (15.6 inch, Natural Silver, 1.69 Kg, With MS Office)",4.3,40890,AMD,Ryzen 3 Quad Core,,5300U,3.8 GHz Max Turbo Frequency,4.0,8,DDR4,3200 MHz,Yes,512 GB,,,AMD Radeon,,,39.62 cm (15.6 inch),1920 x 1080 Pixels,"Full HD SVA Anti-glare Micro-edge WLED-backlit Display (Brightness: 250 nits, 141 ppi)",,Windows 10 Home,64 bit,1.69 Kg,
"MSI Bravo Ryzen 5 Hexa Core 5600H - (8 GB/512 GB SSD/Windows 10 Home/4 GB Graphics/AMD Radeon RX5500M/144 Hz) Bravo 15 B5DD-043IN Gaming Laptop  (15.6 inch, Black, 2.35 Kg)",4.5,69490,AMD,Ryzen 5 Hexa Core,,5600H,4.2 GHz Max Turbo Frequency,6.0,8,DDR4,,Yes,512 GB,,,AMD Radeon RX5500M,4 GB,GDDR6,39.62 cm (15.6 inch),1920 x 1080 Pixels,Full HD 144Hz 45%NTSC IPS-Level Display,144 Hz,Windows 10 Home,64 bit,2.35 Kg,
"ASUS VivoBook Core i5 11th Gen - (8 GB/1 TB HDD/256 GB SSD/Windows 10 Home) K513EP-BQ513TS Thin and Light Laptop  (15.6 inch, Transparent Silver, 1.8 KG, With MS Office)",5.0,63990,Intel,Core i5,11th Gen,1135G7,2.4 GHz with Max Turbo Boost upto 4.2 GHz,4.0,8,DDR4,,Yes,256 GB,1 TB,,Intel Integrated UHD,,,39.62 cm (15.6 inch),1920x1080 Pixel,"Full HD LED Backlit, Anti-Glare, LCD IPS Display (250 nits Brightness, 45% NTSC Color Gamut, 16:9 Aspect Ratio)",,Windows 10 Home,64 bit,1.8 KG,
"Lenovo Ideapad Slim 3i Core i5 11th Gen - (8 GB/256 GB SSD/Windows 10 Home) Ideapad Slim 3 Thin and Light Laptop  (15.6 inch, Arctic Grey, 1.39 kg, With MS Office)",2.8,56199,Intel,Core i5,11th Gen,1135G7,2.4 GHz with Turbo Boost Upto 4.2 Ghz,4.0,8,DDR4,3200 MHz,Yes,256 GB,,,Intel Integrated INTEGRATED INTEL IRIS XE GRAPHICS,,,39.62 cm (15.6 inch),1920 x 1080 Pixel,"Full HD LED Backlit, IPS Anti-Glare Display (300 nits Brightness, 45% NTSC Color Gamut)",,Windows 10 Home,64 bit,1.39 kg,Upto 11 hours
"ASUS Core i3 11th Gen - (4 GB/256 GB SSD/Windows 10) K513EA- BQ302TS K513EA, Laptop  (15.6 inch, 2k- Indie Black_Amet, With MS Office)",5.0,41399,Intel,Core i3,11th Gen,,,,4,DDR4,,Yes,256 GB,,,Intel Integrated,,,39.62 cm (15.6 inch),1980 X 1080 pixel,,,Windows 10,,,3HRS
"Lenovo IdeaPad Gaming Core i7 10th Gen - (8 GB/512 GB SSD/Windows 10 Home/4 GB Graphics/NVIDIA GeForce GTX 1650/120 Hz) IdeaPad Gaming 3 15IMH05 Gaming Laptop  (15.6 Inch, Onyx Black, 2.2 KG)",4.5,76527,Intel,Core i7,10th Gen,10750H,2.6 GHz with Turbo Boost upto 5.0 GHz,6.0,8,DDR4,2933 MHz,Yes,512 GB,,,NVIDIA GeForce GTX 1650,4 GB,GDDR6,39.62 cm (15.6 Inch),1920 x 1080 Pixel,"Full HD LED Backlit, IPS Anti-Glare Display (250 nits Brightness, 120Hz Refresh Rate)",120 Hz,Windows 10 Home,64 bit,2.2 KG,Upto 8 Hours
"ASUS Core i3 10th Gen - (8 GB + 32 GB Optane/512 GB SSD/Windows 10 Home) X515JA-EJ362TS Thin and Light Laptop  (15.6 inch, Transparent Silver, 1.80 Kg, With MS Office)",4.4,41990,Intel,Core i3,10th Gen,1005G1,1.2 GHz with Turbo Boost Upto 3.4 GHz,2.0,8,DDR4,900 MHz,Yes,512 GB,,,Intel Integrated UHD,,,39.62 cm (15.6 inch),1920 x 1080 Pixels,"Full HD LED Backlit Anti-glare Display (16:9, 200nits Brightness, NTSC: 45% Color Gamut, 83% Screen-to-body Ratio)",,Windows 10 Home,64 bit,1.80 Kg,
"ASUS Core i3 10th Gen - (4 GB + 32 GB Optane/512 GB SSD/Windows 10 Home) X515JA-EJ372TS Thin and Light Laptop  (15.6 inch, Transparent Silver, 1.80 Kg, With MS Office)",4.3,38990,Intel,Core i3,10th Gen,1005G1,1.2 GHz with Turbo Boost Upto 3.4 GHz,2.0,4,DDR4,900 MHz,Yes,512 GB,,,Intel Integrated UHD,,,39.62 cm (15.6 inch),1920 x 1080 Pixels,"15.6 inch Full HD LCD LED Backlit Anti-glare Display (16:9, 200nits Brightness, NTSC: 45% Color Gamut, 83% Screen-to-body Ratio)",,Windows 10 Home,64 bit,1.80 Kg,
"ASUS Core i5 10th Gen - (8 GB + 32 GB Optane/512 GB SSD/Windows 10 Home) X515JA-EJ562TS Thin and Light Laptop  (15.6 inch, Transparent Silver, 1.80 Kg, With MS Office)",4.3,49990,Intel,Core i5,10th Gen,1035G1,1.0 GHz with Turbo Boost Upto 3.6 GHz,4.0,8,DDR4,,Yes,512 GB,,,Intel Integrated UHD,,,39.62 cm (15.6 inch),1920 x 1080 Pixels,"Full HD LED Backlit Anti-glare Display (16:9, 200nits Brightness, NTSC: 45% Color Gamut, 83% Screen-to-body Ratio)",,Windows 10 Home,64 bit,1.80 Kg,
"ASUS Core i5 10th Gen - (8 GB/512 GB SSD/Windows 10 Home/2 GB Graphics) X515JF-BQ521T Thin and Light Laptop  (15.6 inch, Slate Grey, 1.80 Kg)",4.3,51990,Intel,Core i5,10th Gen,1035G1,1.0 GHz with Turbo Boost Upto 3.6 GHz,4.0,8,DDR4,,Yes,512 GB,,,NVIDIA GeForce MX130,2 GB,GDDR5,39.62 cm (15.6 inch),1920 x 1080 Pixels,"Full HD LED Backlit Anti-glare Display (16:9, 250nits Brightness, NTSC: 45% Color Gamut, 83% Screen-to-body Ratio, IPS Level Panel)",,Windows 10 Home,64 bit,1.80 Kg,
"HP Ryzen 5 Quad Core 3500U - (8 GB/1 TB HDD/256 GB SSD/Windows 10 Home) 14s-dk0501AU Thin and Light Laptop  (14 inch, Natural Silver, 1.51 kg, With MS Office)",4.4,52990,AMD,Ryzen 5 Quad Core,,3500U,2.1 GHz with Turbo Boost Upto 3.7 GHz,,8,DDR4,2400 MHz,Yes,256 GB,1 TB,,AMD Radeon,,,35.56 cm (14 inch),1930x1080 pixel,Full HD,,Windows 10 Home,64 bit,1.51 kg,Up to 12 hours
"DELL Vostro Core i3 10th Gen - (8 GB/512 GB SSD/Windows 10) Vostro 3401 Thin and Light Laptop  (14 Inch, Dune, 1.58 KG, With MS Office)",3.8,40990,Intel,Core i3,10th Gen,1005G1,1.2 GHz upto max turbo frequency at 3.4 GHz,2.0,8,DDR4,2666 MHz,Yes,512 GB,,,Intel Integrated UHD,,,35.56 cm (14 Inch),1920 x 1080 Pixel,"Full HD LED Backlit, Anti-Glare Display",,Windows 10,64 bit,1.58 KG,Upto 10 Hours
"Lenovo Core i5 11th Gen - (4 GB/512 GB SSD/Windows 10) 82H700J7IN Laptop  (14 inch, Arctic Grey, With MS Office)",,58500,Intel,Core i5,11th Gen,,,,4,DDR4,,Yes,512 GB,,,,,,35.56 cm (14 inch),1920 x 1080$$pixels pixel,,,Windows 10,,,3hrs
"Lenovo IdeaPad 3 Core i3 10th Gen - (8 GB/1 TB HDD/Windows 10 Home) 15IML05 Thin and Light Laptop  (15.6 inch, Platinum Grey, 1.7 kg, With MS Office)",4.1,36990,Intel,Core i3,10th Gen,10110U,2.1 GHz with Turbo Boost Upto 4.1 GHz,2.0,8,DDR4,2666 MHz,No,,1 TB,,Intel Integrated UHD,,,39.62 cm (15.6 inch),1920 x 1080 Pixel,Full HD TN 220nits Anti-glare,,Windows 10 Home,64 bit,1.7 kg,Upto 9 hours
"MSI Pulse GL66 Core i7 11th Gen - (16 GB/1 TB SSD/Windows 10 Home/6 GB Graphics/NVIDIA GeForce RTX 3060/144 Hz) Pulse GL66 11UEK-248IN Gaming Laptop  (15.6 inches, Grey, 2.25 kg)",4.6,114990,Intel,Core i7,11th Gen,11800H,4.60 GHz with Max Turbo Frequency,,16,DDR4,,Yes,1 TB,,,NVIDIA GeForce RTX 3060,6 GB,GDDR6,39.62 cm (15.6 inches),1920 x 1080 Pixels,"Full HD IPS Display (72% NTSC Color Gamut, 100% sRGB)",144 Hz,Windows 10 Home,64 bit,2.25 kg,
"Lenovo IdeaPad 3 Core i3 10th Gen - (4 GB/256 GB SSD/Windows 10 Home) 81WB010XIN||81WB0112IN||81WB0158IN Thin and Light Laptop  (15.6 inch, Platinum Grey, 1.7 kg, With MS Office)",4.4,39990,Intel,Core i3,10th Gen,10110U,2.1 GHz with Turbo Boost Upto 4.1 GHz,2.0,4,DDR4,,Yes,256 GB,,,Intel Integrated UHD,,,39.62 cm (15.6 inch),1920 x 1080 Pixel,Full HD TN 220nits Anti-glare,,Windows 10 Home,64 bit,1.7 kg,Upto 11.5 hours
"Lenovo IdeaPad 3 Core i3 10th Gen - (8 GB/1 TB HDD/Windows 10 Home) 15IML05 Thin and Light Laptop  (15.6 inch, Platinum Grey, 1.7 kg, With MS Office)",4.0,35490,Intel,Core i3,10th Gen,10110U,2.1 GHz with Turbo Boost Upto 4.1 GHz,2.0,8,DDR4,2666 MHz,No,,1 TB,,Intel Integrated UHD,,,39.62 cm (15.6 inch),1366x768 Pixel,HD TN 220nits Anti-glare,,Windows 10 Home,64 bit,1.7 kg,Upto 9 hours
"Lenovo IdeaPad 3 Core i3 11th Gen - (8 GB/256 GB SSD/Windows 10 Home) 15ITL6 Thin and Light Laptop  (15.6 inch, Arctic Grey, 1.6 kg, With MS Office)",4.3,39990,Intel,Core i3,11th Gen,1115G4,3 GHz with Turbo Boost Upto 4.1 GHz,2.0,8,DDR4,,Yes,256 GB,,,Intel Integrated UHD,,,39.62 cm (15.6 inch),1920 x 1080 Pixel,Full HD TN 220nits Anti-glare,,Windows 10 Home,64 bit,1.6 kg,Upto 7.5 hours
"Avita PURA APU Dual Core A6 - (4 GB/128 GB SSD/Windows 10 Home) NS14A6ING431-SGC Thin and Light Laptop  (14 inches, Shadow Grey, 1.34 kg)",3.7,21490,AMD,APU Dual Core A6,,,2.4 GHz with Max Turbo Frequency,2.0,4,DDR4,,Yes,128 GB,,,AMD Radeon R4,,,35.56 cm (14 inches),1366 x 768 Pixels,HD TFT IPS Display,,Windows 10 Home,64 bit,1.34 kg,Upto 6 hours
"ASUS ROG Zephyrus G15 Ryzen 9 Octa Core 5900HS - (16 GB/1 TB SSD/Windows 10 Home/6 GB Graphics/NVIDIA GeForce RTX 3060/165 Hz) GA503QM-HQ172TS Gaming Laptop  (15.6 inches, Moonlight White, 1.90 kg, With MS Office)",4.2,141990,AMD,Ryzen 9 Octa Core,,5900HS,3.1 GHz with Max Turbo Frequency upto 4.5 GHz,8.0,16,DDR4,3200 MHz,Yes,1 TB,,,NVIDIA GeForce RTX 3060,6 GB,GDDR6,39.62 cm (15.6 inches),2560 x 1440 Pixels,,165 Hz,Windows 10 Home,64 bit,1.90 kg,
"acer Travelmate Core i3 11th Gen - (8 GB/1 TB HDD/256 GB SSD/Windows 10 Home) TravelMate P214-53 Notebook  (14 inches, Black, 1.68 Kg)",4.2,43490,Intel,Core i3,11th Gen,1115G4,,,8,DDR4,,Yes,256 GB,1 TB,,Intel Integrated UHD,,,35.56 cm (14 inches),1920 x 1080 Pixels,IPS Display,,Windows 10 Home,64 bit,1.68 Kg,8 hours
"acer Travelmate Core i5 11th Gen - (8 GB/1 TB HDD/256 GB SSD/Windows 10 Home) TravelMate P214-53 Notebook  (14 inches, Black, 1.68 kg)",3.6,52990,Intel,Core i5,11th Gen,1135G7,,,8,DDR4,,Yes,256 GB,1 TB,,Intel Integrated Iris Xe,,,35.56 cm (14 inches),1920 x 1080 Pixels,IPS Display,,Windows 10 Home,64 bit,1.68 kg,8 hours
"HP 14s Core i5 10th Gen - (8 GB/512 GB SSD/Windows 10 Home) 14s- ER0503TU Thin and Light Laptop  (14 Inch, Natural Silver, 1.49 KG, With MS Office)",4.1,53880,Intel,Core i5,10th Gen,1035G1,1.0 GHz with Turbo Boost Up to 3.6 GHz,4.0,8,DDR4,2666 MHz,Yes,512 GB,,,Intel Integrated UHD,,,35.56 cm (14 Inch),1920 x 1080 Pixel,"Full HD WLED Backlit, Micro-Edge IPS, BrightView Display (250 nits Brightness, 157ppi, 45% NTSC Color Gamut)",,Windows 10 Home,64 bit,1.49 KG,
"Lenovo Yoga Slim 7 Intel EVO Core i5 11th Gen - (16 GB/512 GB SSD/Windows 10 Home) 14ITL5 2 in 1 Laptop  (14 Inch, Slate Grey, 1.43 KG, With MS Office)",4.7,93999,Intel,Core i5,11th Gen,1135G7,2.4 GHz with Turbo Boost Up to 4.2 GHz,4.0,16,DDR4,3200 MHz,Yes,512 GB,,,Intel Integrated Iris Xe,,,35.56 cm (14 Inch),1920 x 1080 Pixel,"Full HD LED Backlit, IPS Glossy Display (300 nits Brightness, 72% NTSC Color Gamut)",,Windows 10 Home,64 bit,1.43 KG,Up to 16 Hours
"HP Chromebook MediaTek Kompanio 500 - (4 GB/64 GB EMMC Storage/Chrome OS) 11a-na0004MU Chromebook  (11.6 inch, Ash Grey, 1.07 Kg)",3.8,19990,MediaTek,MediaTek Kompanio 500,,MT8183,2 GHz Max Turbo Frequency,8.0,4,LPDDR4X,3733 MHz,No,,,64 GB,MediaTek Integrated,,,29.46 cm (11.6 inch),1366 x 768 Pixels,"HD Touch IPS Anti-glare Display (220 nits Brightness, 50% NTSC, 73% Screen-to-body Ratio)",,Chrome,,1.07 Kg,Upto 15 Hours and 45 Minutes
"Lenovo IdeaPad Core i5 11th Gen - (8 GB/512 GB SSD/Windows 10 Home) 15 ITL 6 Thin and Light Laptop  (15.6 Inch, Arctic Grey, 1.65 KG, With MS Office)",4.1,56999,Intel,Core i5,11th Gen,1135G7,2.4 GHz with Turbo Boost upto 4.2 GHz,4.0,8,DDR4,3200 MHz,Yes,512 GB,,,Intel Integrated Iris Xe,,,39.62 cm (15.6 Inch),1920 x 1080 Pixel,"Full HD LED Backlit, Anti-Glare Display (250 nits Brightness)",,Windows 10 Home,64 bit,1.65 KG,Upto 7.5 Hours
"APPLE MacBook Air M1 - (8 GB/512 GB SSD/Mac OS Big Sur) Z12A000D3  (13.3 inch, Gold, 1.29 kg)",4.7,102990,Apple,M1,,Apple M1 Chip,,8.0,8,DDR4,,Yes,512 GB,,,,,,33.78 cm (13.3 inch),2560 x 1600 Pixel,"Quad LED Backlit IPS Display (227 PPI, 400 nits Brightness, Wide Colour (P3), True Tone Technology)",,Mac OS Big Sur,,1.29 kg,Upto 15 Hours
"APPLE MacBook Pro M1 - (8 GB/1 TB SSD/Mac OS Big Sur) Z11B0008S  (13.3 inch, Space Grey, 1.4 kg)",4.7,149990,Apple,M1,,Apple M1 Chip,,8.0,8,DDR4,,Yes,1 TB,,,,,,33.78 cm (13.3 inch),2560 x 1600 Pixel,"Quad LED Backlit IPS Display (227 PPI, 500 nits Brightness, Wide Colour (P3), True Tone Technology)",,Mac OS Big Sur,,1.4 kg,Upto 17 hours
"APPLE MacBook Air M1 - (8 GB/512 GB SSD/Mac OS Big Sur) Z12400092  (13.3 inch, Space Grey, 1.29 kg)",4.7,102990,Apple,M1,,Apple M1 Chip,,8.0,8,DDR4,,Yes,512 GB,,,,,,33.78 cm (13.3 inch),2560 x 1600 Pixel,"Quad LED Backlit IPS Display (227 PPI, 400 nits Brightness, Wide Colour (P3), True Tone Technology)",,Mac OS Big Sur,,1.29 kg,Upto 15 Hours
"Lenovo APU Dual Core A9 A99425 - (4 GB/1 TB HDD/DOS) E41-45 Notebook  (14 inch, Black, 2.2 Kg)",3.8,21896,AMD,APU Dual Core A9,,A99425,3.1 GHz with Turbo Boost Upto 3.7 GHz,2.0,4,DDR4,800 MHz,No,,1 TB,,AMD Radeon,,,35.56 cm (14 inch),1366 x 768 Pixels,HD Display,,DOS,64 bit,2.2 Kg,Upto 4 Hours
"HP OMEN 15 Ryzen 7 Octa Core 5800H - (16 GB/1 TB SSD/Windows 10 Home/6 GB Graphics/NVIDIA GeForce RTX 3060/144 Hz) 15-en1036AX Gaming Laptop  (15.6 inch, Mica Silver, 2.37 Kg)",4.5,109990,AMD,Ryzen 7 Octa Core,,5800H,4.4 GHz Max Turbo Frequency,8.0,16,DDR4,,Yes,1 TB,,,NVIDIA GeForce RTX 3060,6 GB,GDDR6,39.62 cm (15.6 inch),1920 x 1080 Pixels,"Full HD IPS Micro-edge Anti-glare Display (Brightness: 300 nits, 141 ppi, Color Gamut: 72% NTSC, 144 Hz Refresh Rate)",144 Hz,Windows 10 Home,64 bit,2.37 Kg,Upto 12.5 Hours
"ASUS Chromebook Flip Celeron Dual Core - (4 GB/64 GB EMMC Storage/Chrome OS) C214MA-BU0452 Chromebook  (11.6 inch, Dark Grey, 1.20 Kg)",4.1,21990,Intel,Celeron Dual Core,,N4020,1.1 GHz with Turbo Boost Upto 2.8 GHz,2.0,4,LPDDR4,,No,,,64 GB,Intel Integrated UHD 600,,,29.46 cm (11.6 inch),1366 x 768 Pixels,"HD LED Backlit LCD Anti-glare Display (16:9, NTSC: 45% Color Gamut, 200nits Brightness, 65% Screen-to-body Ratio)",,Chrome,,1.20 Kg,
"ASUS Chromebook Celeron Dual Core - (4 GB/32 GB EMMC Storage/Chrome OS) C223NA-GJ0074 Chromebook  (11.6 inch, Grey, 1 Kg)",3.5,19990,Intel,Celeron Dual Core,,N3350,1.1 GHz with Turbo Boost Upto 2.4 GHz,2.0,4,LPDDR4,,No,,,32 GB,Intel Integrated HD 500,,,29.46 cm (11.6 inch),1366 x 768 Pixels,"HD LED Backlit LCD Anti-glare Display (16:9, NTSC: 45% Color Gamut, 200nits Brightness, 74% Screen-to-body Ratio)",,Chrome,,1 Kg,
"ASUS Chromebook Celeron Dual Core - (4 GB/64 GB EMMC Storage/Chrome OS) C523NA-BR0300| C523NA-BR0476 Chromebook  (15.6 inch, Silver, 1.43 Kg)",3.8,20499,Intel,Celeron Dual Core,,N3350,1.1 GHz with Turbo Boost Upto 2.4 GHz,2.0,4,LPDDR4,,No,,,64 GB,Intel Integrated HD 500,,,39.62 cm (15.6 inch),1366 x 768 Pixels,"HD LED Backlit LCD Anti-glare Display (16:9, NTSC: 45% Color Gamut, 200nits Brightness, 80% Screen-to-body Ratio)",,Chrome,,1.43 Kg,
"HP OMEN 15 Ryzen 7 Octa Core 5800H - (16 GB/1 TB SSD/Windows 10 Home/8 GB Graphics/NVIDIA GeForce RTX 3070/165 Hz) 15-en1037AX Gaming Laptop  (15.6 inch, Mica Silver, 2.37 Kg)",4.8,158490,AMD,Ryzen 7 Octa Core,,5800H,4.4 GHz Max Turbo Frequency,8.0,16,DDR4,,Yes,1 TB,,,NVIDIA GeForce RTX 3070,8 GB,GDDR6,39.62 cm (15.6 inch),2560 x 1440 Pixels,"Quad HD IPS Micro-edge Anti-glare Display (3 ms Response Time, Brightness: 300 nits, 188 ppi, Color Gamut: 100% DCI-P3, 165 Hz Refresh Rate)",165 Hz,Windows 10 Home,64 bit,2.37 Kg,Upto 12.5 Hours
"ASUS Chromebook Celeron Dual Core - (4 GB/64 GB EMMC Storage/Chrome OS) C423NA-BZ0522 Chromebook  (14 inch, Silver, 1.34 Kg)",4.1,22990,Intel,Celeron Dual Core,,N3350,1.1 GHz with Turbo Boost Upto 2.4 GHz,2.0,4,LPDDR4,,No,,,64 GB,Intel Integrated HD 500,,,35.56 cm (14 inch),1366 x 768 Pixels,"HD LED Backlit LCD Glossy Display (16:9, NTSC: 45% Color Gamut, 200nits Brightness, 78% Screen-to-body Ratio)",,Chrome,,1.34 Kg,
"ASUS Chromebook Celeron Dual Core - (4 GB/64 GB EMMC Storage/Chrome OS) C423NA-BV0523 Chromebook  (14 inch, Silver, 1.20 Kg)",3.9,19990,Intel,Celeron Dual Core,,N3350,1.1 GHz with Turbo Boost Upto 2.4 GHz,2.0,4,LPDDR4,,No,,,64 GB,Intel Integrated HD 500,,,35.56 cm (14 inch),1366 x 768 Pixels,"HD LED Backlit LCD Anti-glare Display (16:9, NTSC: 45% Color Gamut, 200nits Brightness, 78% Screen-to-body Ratio)",,Chrome,,1.20 Kg,
"ASUS ROG Flow X13 (2021) Ryzen 9 Octa Core 5980HS - (32 GB/1 TB SSD/Windows 10 Home/4 GB Graphics/NVIDIA GeForce GTX 1650/60 Hz) GV301QH-K5459TS 2 in 1 Gaming Laptop  (13.4 Inch, Off Black (Supernova), 1.3 KG, With MS Office)",5.0,239990,AMD,Ryzen 9 Octa Core,,5980HS,3.1 GHz with Turbo Boost up to 4.8 GHz,8.0,32,LPDDR4X,4266 MHz,Yes,1 TB,,,NVIDIA GeForce GTX 1650,4 GB,GDDR6,34.04 cm (13.4 Inch),3840 x 2400 Pixel,"WQUXGA LED Backlit Glossy IPS-Level Touch Display with Adaptive Sync (16:10 Aspect Ratio, 60 Hz Refresh Rate, 300 nits Brightness, 1000:1 Contrast Ratio, 82% NTSC Color Gamut, 116% sRGB, 86% Adobe, 85% DCI-P3, Pantone Validated)",60 Hz,Windows 10 Home,64 bit,1.3 KG,
"ASUS Chromebook Celeron Dual Core - (4 GB/64 GB EMMC Storage/Chrome OS) C523NA-A20303 Chromebook  (15.6 inch, Silver, 1.69 Kg)",4.0,23990,Intel,Celeron Dual Core,,N3350,1.1 GHz with Turbo Boost Upto 2.4 GHz,2.0,4,LPDDR4,,No,,,64 GB,Intel Integrated HD 500,,,39.62 cm (15.6 inch),1920 x 1080 Pixels,"Full HD LED Backlit LCD Glossy Display (16:9, NTSC: 45% Color Gamut, 200nits Brightness, 80% Screen-to-body Ratio)",,Chrome,,1.69 Kg,
"HP Pavilion Ryzen 7 Octa Core 5800H - (16 GB/512 GB SSD/Windows 10 Home/4 GB Graphics/NVIDIA GeForce RTX 3050/144 Hz) 15-EC2076AX Gaming Laptop  (15.6 inches, Shadow Black, 1.98 kg, With MS Office)",4.6,88900,AMD,Ryzen 7 Octa Core,,5800H,4.4 GHz with Max Turbo Frequency,8.0,16,DDR4,3200 MHz,Yes,512 GB,,,NVIDIA GeForce RTX 3050,4 GB,GDDR6,39.62 cm (15.6 inches),1920 x 1080 Pixels,Full HD Micro-Edge Anti Glare IPS Display (300 nits Brightness|| 141 PPI|| 72% NTSC Color Gamut),144 Hz,Windows 10 Home,64 bit,1.98 kg,
"ASUS EeeBook 12 Celeron Dual Core - (4 GB/64 GB EMMC Storage/Windows 10 Home) E210MA-GJ011T Thin and Light Laptop  (11.6 inch, Peacock Blue, 1.05 Kg)",3.7,20990,Intel,Celeron Dual Core,,Celeron N4020,1.1 GHz with Turbo Boost Upto 2.8 GHz,2.0,4,DDR4,,No,,,64 GB,Intel Integrated UHD 600,,,29.46 cm (11.6 inch),1366 x 768 Pixels,"HD LED Backlit Anti Glare Display (250 nits Brightness, 45% NTSC Color Gamut, 73% Screen-to-body Ratio, IPS-level Panel)",,Windows 10 Home,,1.05 Kg,
"Lenovo IdeaPad Gaming Ryzen 5 Hexa Core 4600H - (8 GB/512 GB SSD/Windows 10 Home/4 GB Graphics/NVIDIA GeForce GTX 1650/120 Hz) 15ARH05 Gaming Laptop  (15.6 inch, Onyx Black, 2.2 kg)",4.5,75999,AMD,Ryzen 5 Hexa Core,,4600H,3.0 GHz with Turbo Boost Upto 4.0 Ghz,6.0,8,DDR4,3200 MHz,Yes,512 GB,,,NVIDIA GeForce GTX 1650,4 GB,GDDR6,39.62 cm (15.6 inch),1920 x 1080 Pixel,"Full HD LED Backlit, IPS Anti-Glare Display (250 nits Brightness, 120 Hz Refresh Rate)",120 Hz,Windows 10 Home,64 bit,2.2 kg,Upto 6.7 hours
"ASUS Vivobook S14 Ryzen 5 Hexa Core Ryzen-5 5500U - (8 GB/1 TB SSD/Windows 10 Home) M433UA-EB584TS Thin and Light Laptop  (14.1 inch, Dreamy White, 1.4 kg, With MS Office)",,68990,AMD,Ryzen 5 Hexa Core,,Ryzen-5 5500U,2.1 Ghz With Turbo Upto 4.10,6.0,8,DDR4,3200 MHz,Yes,1 TB,,,AMD Radeon AMD Radeon,,,35.81 cm (14.1 inch),1920 x 1080 pixel,"14.0-inch,FHD (1920 x 1080) 16:9,IPS-level Panel,Anti-glare display,LED Backlit,250nits,NTSC: 45%,Screen-to-body ratio: 85 ?",,Windows 10 Home,64 bit,1.4 kg,Upto 8 Hrs.
"Lenovo APU Dual Core A9 A99425 - (4 GB/1 TB HDD/Windows 10) E41-45 Notebook  (14 inch, Black, 2.2 Kg)",3.7,27090,AMD,APU Dual Core A9,,A99425,3.1 GHz with Turbo Boost Upto 3.7 GHz,2.0,4,DDR4,,No,,1 TB,,AMD Radeon R5,,,35.56 cm (14 inch),1366 x 768 Pixels,HD Display,,Windows 10,64 bit,2.2 Kg,Upto 4 Hours
"Lenovo Ideapad Slim 3i (2021) Core i5 11th Gen - (8 GB/512 GB SSD/Windows 10 Home) 14 ITL 6 Thin and Light Laptop  (14 Inch, Arctic Grey, 1.41 KG, With MS Office)",4.3,50990,Intel,Core i5,11th Gen,1135G7,2.4 GHz with Turbo boost up to 4.2 GHz,4.0,8,DDR4,3200 MHz,Yes,512 GB,,,Intel Integrated Iris Xe,,,35.56 cm (14 Inch),1920 x 1080 Pixel,"Full HD LED Backlit, Anti-Glare IPS Display (300 nits Brightness, 45% NTSC Color Gamut)",,Windows 10 Home,64 bit,1.41 KG,Upto 7.5 Hours
"Lenovo Legion 5 Core i5 10th Gen - (8 GB/512 GB SSD/Windows 10 Home/4 GB Graphics/NVIDIA GeForce GTX 1650/120 Hz) 15IMH05 Gaming Laptop  (15.6 Inch, Phantom Black, 2.3 KG)",4.5,65490,Intel,Core i5,10th Gen,10300H,2.5 GHz with Turbo Boost Up to 4.5 GHz,4.0,8,DDR4,2933 MHz,Yes,512 GB,,,NVIDIA GeForce GTX 1650,4 GB,GDDR6,39.62 cm (15.6 Inch),1920 x 1080 Pixel,"Full HD LED Backlit, IPS Anti-Glare, DC Dimmer Display (120Hz Refresh Rate, 250 nits Brightness, 45% NTSC Color Gamut)",120 Hz,Windows 10 Home,64 bit,2.3 KG,Up to 6 Hours
"acer Nitro Ryzen 5 Hexa Core 5600H - (8 GB/1 TB HDD/256 GB SSD/Windows 10 Home/4 GB Graphics/NVIDIA GeForce RTX 3050/144 Hz) AN515-45/AN515-45-R7Z1 Gaming Laptop  (15.6 Inch, Black, 2.4 KG)",4.5,72990,AMD,Ryzen 5 Hexa Core,,5600H,3.3 GHz with Turbo Boost up to 4.2 GHz,6.0,8,DDR4,,Yes,256 GB,1 TB,,NVIDIA GeForce RTX 3050,4 GB,GDDR6,39.62 cm (15.6 Inch),1920 x 1080 Pixel,"Full HD LED Backlit, TFT LCD, IPS Display (16:9 Aspect Ratio, 144Hz Refresh Rate, Wide Viewing Angle up to 170 Degrees)",144 Hz,Windows 10 Home,64 bit,2.4 KG,
"DELL Inspiron Core i5 11th Gen - (16 GB/512 GB SSD/Windows 10) Inspiron 5418 Thin and Light Laptop  (14 inches, Platinum Silver, 1.5 kg, With MS Office)",4.4,72748,Intel,Core i5,11th Gen,11300H,2.6 GHz upto Max Turbo Frequency at 4.4 GHz,4.0,16,DDR4,3200 MHz,Yes,512 GB,,,Intel Integrated Iris Xe,,,35.56 cm (14 inches),1920 x 1080 Pixels,Full HD WVA AG Narrow Border Display (250 nits Brightness),,Windows 10,64 bit,1.5 kg,Upto 6 hours
"DELL Vostro Ryzen 5 Hexa Core 5500U - (8 GB/512 GB SSD/Windows 10) Vostro 5415 Thin and Light Laptop  (14 inch, Titan Grey, 1.5 Kg, With MS Office)",4.5,59490,AMD,Ryzen 5 Hexa Core,,5500U,2.4 GHz with Turbo Boost Upto 4 GHz,6.0,8,DDR4,3200 MHz,Yes,512 GB,,,AMD Radeon,,,35.56 cm (14 inch),1920 x 1080 Pixels,"Full HD WVA AG Display (250 nits Brightness, Narrow Border)",,Windows 10,64 bit,1.5 Kg,Upto 8 Hours
"ASUS ROG Strix G15(2021) Ryzen 7 Octa Core 5800H - (16 GB/1 TB SSD/Windows 10 Home/4 GB Graphics/NVIDIA GeForce RTX 3050/144 Hz) G513QE-HN108T Gaming Laptop  (15.6 Inch, Eclipse Gray, 2.1 KG)",4.7,101990,AMD,Ryzen 7 Octa Core,,5800H,3.2 GHz with Turbo Boost up to 4.4 GHz,8.0,16,DDR4,3200 MHz,Yes,1 TB,,,NVIDIA GeForce RTX 3050,4 GB,GDDR6,39.62 cm (15.6 Inch),1920 x 1080 Pixel,"Full HD LED Backlit, Anti-Glare IPS, Adaptive-Sync Display (144Hz Refresh Rate, 250 nits Brightness, 1:1000 Contrast, 45% NTSC Color Gamut, 62.5% SRGB, 16:9 Aspect Ratio)",144 Hz,Windows 10 Home,64 bit,2.1 KG,
"ASUS VivoBook Ultra Ryzen 5 Hexa Core 5500U - (8 GB/512 GB SSD/Windows 10 Home) KM413UA-EB501TS Thin and Light Laptop  (14 inch, Hearty Gold, 1.40 kg, With MS Office)",4.4,58990,AMD,Ryzen 5 Hexa Core,,5500U,2.1 GHz with Turbo Frequency Upto 4.0 GHz,6.0,8,DDR4,,Yes,512 GB,,,AMD Radeon,,,35.56 cm (14 inch),1920 x 1080 Pixels,"Full HD LED Backlit Anti Glare Display (250 nits Brightness, 45% NTSC Color Gamut, 85% Screen-to-Body Ratio)",,Windows 10 Home,64 bit,1.40 kg,
"Lenovo E41 APU Dual Core A6 A6-9225 - (4 GB/1 TB HDD/Windows 10) E41-45 Notebook  (14 Inch, Black, 2.2 KG)",2.8,28021,AMD,APU Dual Core A6,,A6-9225,3.0 GHz with Turbo Boost Upto 3.6 GHz,2.0,4,DDR4,,No,,1 TB,,AMD Radeon R4 (Stoney Ridge),,,35.56 cm (14 Inch),1366 x 768 Pixel,HD LED Backlit Display,,Windows 10,64 bit,2.2 KG,Up to 4 Hours
"HP Core i3 10th Gen - (8 GB/512 GB SSD/Windows 10 Home) 15s-DU1516TU Thin and Light Laptop  (15.6 inch, Jet Black, 1.74 kg, With MS Office)",4.3,42490,Intel,Core i3,10th Gen,10110U,2.1 GHz with Turbo Boost Upto 4.1 GHz,2.0,8,DDR4,2666 MHz,Yes,512 GB,,,Intel Integrated UHD,,,39.62 cm (15.6 inch),1920 x 1080 Pixel,"Full HD LED Backlit Anti-glare Micro-edge Display (220 nits Brightness, 45% NTSC Color Gamut, 141 PPI)",,Windows 10 Home,64 bit,1.74 kg,Upto 12 hours
"DELL Inspiron Core i5 11th Gen - (16 GB/512 GB SSD/Windows 10/2 GB Graphics) Inspiron 5410 2 in 1 Laptop  (14 Inch, Platinum Silver, 1.56 KG, With MS Office)",4.5,83990,Intel,Core i5,11th Gen,1135G7,2.4 GHz with Max Turbo Frequency at 4.2 GHz,4.0,16,DDR4,3200 MHz,Yes,512 GB,,,NVIDIA GeForce MX350,2 GB,GDDR5,35.56 cm (14 Inch),1920 x 1080 Pixel,"Full HD LED Backlit, Truelife, Touch Display with Narrow Border",,Windows 10,64 bit,1.56 KG,Upto 6 Hours
"ASUS Core i5 10th Gen - (8 GB/1 TB HDD/256 GB SSD/Windows 10 Home/2 GB Graphics) X515EP-EJ512TS Thin and Light Laptop  (15.6 inch, Silver, With MS Office)",5.0,55990,Intel,Core i5,10th Gen,,,,8,DDR4,,Yes,256 GB,1 TB,,NVIDIA GeForce MX330,2 GB,DDR5,39.62 cm (15.6 inch),1920 x 1080 pixel,,,Windows 10 Home,,,6 Hours
"DELL Inspiron Core i5 11th Gen - (16 GB/512 GB SSD/Windows 10) Inspiron 5518 Thin and Light Laptop  (15.3 Inch, Platinum Silver, 1.65 KG, With MS Office)",4.2,68990,Intel,Core i5,11th Gen,11300H,2.6 GHz with Max Turbo Frequency at 4.4 Ghz,4.0,16,DDR4,3200 MHz,Yes,512 GB,,,Intel Integrated Iris Xe,,,38.86 cm (15.3 Inch),1920 x 1080 Pixel,"Full HD LED Backlit, Anti-Glare Display",,Windows 10,64 bit,1.65 KG,Upto 6 Hours
"DELL Inspiron Ryzen 5 Hexa Core 5500U - (8 GB/512 GB SSD/Windows 10) Inspiron 5515 Thin and Light Laptop  (15.6 Inch, Silver, 1.64 KG, With MS Office)",4.5,59490,AMD,Ryzen 5 Hexa Core,,5500U,2.4 GHz with Max Turbo Frequency at 4 GHz,6.0,8,DDR4,3200 MHz,Yes,512 GB,,,AMD Radeon Vega,,,39.62 cm (15.6 Inch),1920 x 1080 Pixel,"Full HD LED Backlit, Anti-Glare Display with Narrow Border",,Windows 10,64 bit,1.64 KG,Upto 10 Hours
"DELL Inspiron Core i5 11th Gen - (16 GB/512 GB SSD/Windows 10/2 GB Graphics) Inspiron 5518 Thin and Light Laptop  (15.6 Inch, Platinum Silver, 1.65 KG, With MS Office)",3.4,71987,Intel,Core i5,11th Gen,11300H,2.6 GHz with Max Turbo Frequency at 4.4 Ghz,4.0,16,DDR4,3200 MHz,Yes,512 GB,,,NVIDIA GeForce MX450,2 GB,GDDR5,39.62 cm (15.6 Inch),1920 x 1080 Pixel,"Full HD LED Backlit, Anti-Glare Display",,Windows 10,64 bit,1.65 KG,Upto 6 Hours
"DELL Inspiron 5518 Core i5 11th Gen - (16 GB/512 GB SSD/Windows 10 Home) Inspiron 5518 Laptop  (15.6 inch, Silver, 1.65 kg, With MS Office)",,71900,Intel,Core i5,11th Gen,11300H,Max Turbo Frequency upto 4.40 GHz,4.0,16,DDR4,3200 MHz,Yes,512 GB,,,NA Intel® Iris® Xe Graphics,,,39.62 cm (15.6 inch),1920 x 1080 Pixel,FHD LED Backlit WVA Anti-glare Display,,Windows 10 Home,64 bit,1.65 kg,Upto 8 hours
"DELL Inspiron Core i5 11th Gen - (16 GB/512 GB SSD/Windows 10/2 GB Graphics) Inspiron 7400 Thin and Light Laptop  (14 Inch, Silver, 1.35 KG, With MS Office)",3.6,88990,Intel,Core i5,11th Gen,1135G7,1 GHz upto max turbo frequency at 4.2 GHz,4.0,16,DDR4,2666 MHz,Yes,512 GB,,,NVIDIA GeForce MX350,2 GB,GDDR5,35.56 cm (14 Inch),2560 x 1600 pixel,Quad HD+ LED Backlit Anti-Glare Display,,Windows 10,64 bit,1.35 KG,Upto 8 Hours
"DELL XPS Core i7 11th Gen - (16 GB/1 TB SSD/Windows 10) XPS 9310 Thin and Light Laptop  (13.4 inches, Platinum Silver, 1.27 kg, With MS Office)",,181790,Intel,Core i7,11th Gen,1165G7,2.4 GHz upto Max Turbo Frequency at 4.8 GHz,4.0,16,LPDDR4X,4267 MHz,Yes,1 TB,,,Intel Integrated Iris Xe,,,34.04 cm (13.4 inches),3456 x 2160 Pixels,Ultra HD Infinity Edge Anti-Reflective Touch Display (400 nits Brightness),,Windows 10,64 bit,1.27 kg,Upto 19 hours
"ASUS VivoBook 17 Ryzen 5 Hexa Core 5500U - (16 GB/512 GB SSD/Windows 10 Home) M712UA-AU521TS Laptop  (17.3 inches, Transparent Silver, 2.30 kg, With MS Office)",2.7,78000,AMD,Ryzen 5 Hexa Core,,5500U,2.1 GHz with Turbo Frequency upto 4.0 GHz,6.0,16,DDR4,,Yes,512 GB,,,AMD Radeon,,,43.94 cm (17.3 inches),1920 x 1080 Pixels,"Full HD LED Backlit Anti-Glare Display (250 nits Brightness, 45% NTSC Color Gamut, 85% Screen-to-Body Ratio)",60 Hz,Windows 10 Home,64 bit,2.30 kg,Upto 14 hours
"HP HP Pavilion Ryzen 5 Hexa Core 4600H - (8 GB/512 GB SSD/Windows 10 Home/4 GB Graphics/NVIDIA GeForce GTX 1650Ti/144 Hz) 15-ec1025AX Gaming Laptop  (15.6 inch, Shadow Black, 1.98 kg)",4.4,62990,AMD,Ryzen 5 Hexa Core,,4600H,3.0 GHz with Turbo Frequency upto 4.0 GHz,6.0,8,DDR4,3200 MHz,Yes,512 GB,,,NVIDIA GeForce GTX 1650Ti,4 GB,GDDR6,39.62 cm (15.6 inch),1920 x 1080 Pixels,"Full HD IPS Micro-Edge Anti-Glare Display (250 nits Brightness, 141 PPI, 45% NTSC Color Gamut)",144 Hz,Windows 10 Home,64 bit,1.98 kg,
"DELL Inspiron Core i5 11th Gen - (16 GB/512 GB SSD/Windows 10) Inspiron 5410 2 in 1 Laptop  (14 Inch, Silver, 1.56 KG, With MS Office)",3.6,78990,Intel,Core i5,11th Gen,1135G7,2.4 GHz upto max turbo frequency at 4.2 GHz,4.0,16,DDR4,3200 MHz,Yes,512 GB,,,Intel Integrated Iris Xe,,,35.56 cm (14 Inch),1920 x 1080 Pixel,"Full HD LED Backlit, WVA Display (Touch with Active Pen)",,Windows 10,64 bit,1.56 KG,Upto 6 Hours
"DELL Inspiron Core i5 11th Gen - (8 GB/512 GB SSD/Windows 10) Inspiron 5410 2 in 1 Laptop  (14 Inch, Platinum Silver, 1.56 KG, With MS Office)",4.5,70890,Intel,Core i5,11th Gen,1135G7,2.4 GHz with Max Turbo Frequency at 4.2 GHz,4.0,8,DDR4,3200 MHz,Yes,512 GB,,,Intel Integrated Iris Xe,,,35.56 cm (14 Inch),1920 x 1080 Pixel,"Full HD LED Backlit, Truelife, Touch Display with Narrow Border",,Windows 10,64 bit,1.56 KG,Upto 6 Hours
"ASUS TUF Gaming F15 (2021) Core i7 11th Gen - (8 GB/1 TB SSD/Windows 10 Home/4 GB Graphics/NVIDIA GeForce RTX 3050/144 Hz) FX506HC-HN095T Gaming Laptop  (15.6 Inch, Graphite Black, 2.3 KG)",3.7,109990,Intel,Core i7,11th Gen,11800H,2.3 GHz with Turbo Boost up to 4.6 GHz,8.0,8,DDR4,3200 MHz,Yes,1 TB,,,NVIDIA GeForce RTX 3050,4 GB,GDDR6,39.62 cm (15.6 Inch),1920 x 1080 Pixel,"Full HD LED Backlit, Anti-Glare IPS, Adaptive-Sync Display (144Hz Refresh Rate, 250 nits Brightness, 1000:1 Contrast, 45% NTSC Color Gamut, 62.5% SRGB)",144 Hz,Windows 10 Home,64 bit,2.3 KG,
"MSI GF63 Thin Core i5 10th Gen - (8 GB/1 TB HDD/Windows 10 Home/4 GB Graphics/NVIDIA GeForce GTX 1650 Max Q/60 Hz) GF63 Thin 10SCXR-1618IN / GF63 Thin 10SC-612IN Gaming Laptop  (15.6 inch, Black, 1.86 KG)",4.1,55490,Intel,Core i5,10th Gen,10300H,2.5 GHz with 4.5 GHz Max Turbo Boost Frequency,,8,DDR4,,No,,1 TB,,NVIDIA GeForce GTX 1650 Max Q,4 GB,GDDR6,39.62 cm (15.6 inch),1920 x 1080 Pixel,"Full HD LED Backlit IPS Display (60Hz Refresh Rate, 45%NTSC Color Gamut)",60 Hz,Windows 10 Home,64 bit,1.86 KG,
"DELL G15 Core i5 10th Gen - (16 GB/512 GB SSD/Windows 10/4 GB Graphics/NVIDIA GeForce GTX 1650/120 Hz) G15-5510 / inspiron 5510 Gaming Laptop  (15.6 inches, Dark Shadow Grey, 2.4 kg)",4.5,75090,Intel,Core i5,10th Gen,10200H,2.4 GHz upto Max Turbo Frequency at 4.1 GHz,4.0,16,DDR4,2933 MHz,Yes,512 GB,,,NVIDIA GeForce GTX 1650,4 GB,GDDR6,39.62 cm (15.6 inches),1920 x 1080 Pixels,Full HD WVA AG Narrow Border Display (250 nits Brightness),120 Hz,Windows 10,64 bit,2.4 kg,Upto 10 Hours
"DELL G15 Core i5 10th Gen - (16 GB/512 GB SSD/Windows 10/4 GB Graphics/NVIDIA GeForce GTX 1650/120 Hz) G15-5510 / inspiron 5510 Gaming Laptop  (15.6 inches, Dark Shadow Grey, 2.4 kg, With MS Office)",4.4,76990,Intel,Core i5,10th Gen,10200H,2.4 GHz upto Max Turbo Frequency at 4.1 GHz,4.0,16,DDR4,2933 MHz,Yes,512 GB,,,NVIDIA GeForce GTX 1650,4 GB,GDDR6,39.62 cm (15.6 inches),1920 x 1080 Pixels,Full HD WVA AG Narrow Border Display (250 nits Brightness),120 Hz,Windows 10,64 bit,2.4 kg,Upto 10 Hours
"ASUS ROG Flow X13 (2021) Ryzen 9 Octa Core 5900HS - (16 GB/1 TB SSD/Windows 10 Home/4 GB Graphics/NVIDIA GeForce GTX 1650/120 Hz) GV301QH-K6464TS 2-in-1 2 in 1 Gaming Laptop  (13.4 Inch, Off Black, 1.3 KG, With MS Office)",4.4,109990,AMD,Ryzen 9 Octa Core,,5900HS,3.1 GHz with Turbo Boost up to 4.5 GHz,8.0,16,LPDDR4X,4266 MHz,Yes,1 TB,,,NVIDIA GeForce GTX 1650,4 GB,GDDR6,34.04 cm (13.4 Inch),1920 x 1200 Pixel,"WUXGA LED Backlit Glossy IPS-Level Touch Display with Adaptive Sync (16:10 Aspect Ratio, 120 Hz Refresh Rate, 300 nits Brightness, 1000:1 Contrast Ratio, 72% NTSC Color Gamut, 100% sRGB, 75% Adobe, 75% DCI-P3, Pantone Validated)",120 Hz,Windows 10 Home,64 bit,1.3 KG,
"ASUS TUF Gaming F17 (2021) Core i5 11th Gen - (8 GB/1 TB SSD/Windows 10 Home/4 GB Graphics/NVIDIA GeForce RTX 3050/144 Hz) FX706HC-HX070T Gaming Laptop  (17.3 Inch, Graphite Black, 2.6 KG)",4.5,78990,Intel,Core i5,11th Gen,11400H,2.7 GHz with Turbo Boost up to 3.5 GHz,6.0,8,DDR4,2933 MHz,Yes,1 TB,,,NVIDIA GeForce RTX 3050,4 GB,GDDR6,43.94 cm (17.3 Inch),1920 x 1080 Pixel,"Full HD LED Backlit, Anti-Glare IPS, Adaptive-Sync Display (144Hz Refresh Rate, 250 nits Brightness, 800:1 Contrast, 45% NTSC Color Gamut, 62.5% SRGB, 16:9 Aspect Ratio)",144 Hz,Windows 10 Home,64 bit,2.6 KG,
"DELL G15 Core i5 10th Gen - (8 GB/512 GB SSD/Windows 10/4 GB Graphics/NVIDIA GeForce GTX 1650/120 Hz) G15-5510 / inspiron 5510 Gaming Laptop  (15.6 inches, Dark Shadow Grey, 2.4 kg)",4.3,65990,Intel,Core i5,10th Gen,10200H,2.4 GHz upto Max Turbo Frequency at 4.1 GHz,4.0,8,DDR4,2933 MHz,Yes,512 GB,,,NVIDIA GeForce GTX 1650,4 GB,GDDR6,39.62 cm (15.6 inches),1920 x 1080 Pixels,Full HD WVA AG Narrow Border Display (250 nits Brightness),120 Hz,Windows 10,64 bit,2.4 kg,Upto 10 Hours
"MSI Stealth 15M Core i7 11th Gen - (16 GB/1 TB SSD/Windows 10 Home/6 GB Graphics/NVIDIA GeForce RTX 3060/144 Hz) Stealth 15M A11UEK-227IN Gaming Laptop  (15.6 inch, Carbon Gray, 1.7 KG)",4.3,128990,Intel,Core i7,11th Gen,11375H,5 GHz Max Turbo Boost Frequency,,16,DDR4,,Yes,1 TB,,,NVIDIA GeForce RTX 3060,6 GB,GDDR6,39.62 cm (15.6 inch),1920 x 1080 Pixel,"Full HD LED Backlit IPS Display (144Hz Refresh Rate, 45%NTSC Color Gamut)",144 Hz,Windows 10 Home,64 bit,1.7 KG,
"HP 15s Core i3 10th Gen - (8 GB/1 TB HDD/Windows 10 Home) 15s-DU1066TU Thin and Light Laptop  (15.6 Inch, Jet Black, 1.76 KG, With MS Office)",4.1,36990,Intel,Core i3,10th Gen,10110U,2.1 GHz with Turbo Boost up to 4.1 GHz,2.0,8,DDR4,2666 MHz,No,,1 TB,,Intel Integrated UHD,,,39.62 cm (15.6 Inch),1920 x 1080 Pixel,"Full HD LED Backlit, Micro-Edge Anti-Glare Display (220 nits Brightness, 141 ppi, 45% NTSC Color Gamut)",,Windows 10 Home,64 bit,1.76 KG,Upto 12 Hours
"Lenovo Ideapad Slim 5i Core i5 11th Gen - (8 GB/1 TB HDD/256 GB SSD/Windows 10 Home/2 GB Graphics) ideapad slim 5 Thin and Light Laptop  (15.6 inch, Graphite Grey, 1.66 Kg, With MS Office)",4.3,58990,Intel,Core i5,11th Gen,1135G7,2.4 GHz with Turbo Boost Upto 4.2 GHz,4.0,8,DDR4,,Yes,256 GB,1 TB,,NVIDIA GeForce MX450,2 GB,GDDR6,39.62 cm (15.6 inch),1920 x 1080 Pixels,"Full HD IPS Anti-glare Display (300nits Brightness, 45% NTSC Color Gamut)",,Windows 10 Home,64 bit,1.66 Kg,Upto 11 Hours
"Lenovo Ideapad Slim 5i Core i5 11th Gen - (16 GB/512 GB SSD/Windows 10 Home/2 GB Graphics) 15 ITL 05 Thin and Light Laptop  (15.6 Inch, Graphite Grey, 1.66 KG, With MS Office)",4.1,66990,Intel,Core i5,11th Gen,1135G7,2.4 GHz with Turbo Boost upto 4.2 GHz,4.0,16,DDR4,3200 MHz,Yes,512 GB,,,NVIDIA GeForce MX450,2 GB,GDDR6,39.62 cm (15.6 Inch),1920 x 1080 Pixel,"Full HD LED Backlit, Anti-Glare IPS Display (300 nits Brightness, 45% NTSC Color Gamut)",,Windows 10 Home,64 bit,1.66 KG,Upto 11 Hours
"DELL Vostro Core i3 10th Gen - (4 GB/1 TB HDD/256 GB SSD/Windows 10 Home) Vostro 3401 Thin and Light Laptop  (14 inch, Black, 1.58 kg, With MS Office)",4.3,37126,Intel,Core i3,10th Gen,1005G1,1.2 GHz with Turbo Boost Upto 3.4 GHz,2.0,4,DDR4,2666 MHz,Yes,256 GB,1 TB,,Intel Integrated UHD,,,35.56 cm (14 inch),1920 x 1080 Pixel,Full HD LED Backlit Anti Glare Display,,Windows 10 Home,64 bit,1.58 kg,Upto 10 hours
"HP 15-ec1105AX Ryzen 5 Hexa Core 4600H - (8 GB/512 GB SSD/Windows 10 Home/4 GB Graphics/NVIDIA GeForce GTX 1650) 15-ec1105AX Gaming Laptop  (15.6 inch, Shadow Black & Ultra Violet, 1.98 Kg)",4.5,61990,AMD,Ryzen 5 Hexa Core,,4600H,3.0 GHz with Turbo Boost Upto 4.0 GHz,6.0,8,DDR4,,Yes,512 GB,,,NVIDIA GeForce GTX 1650,4 GB,GDDR6,39.62 cm (15.6 inch),1920 x 1080 Pixels,"Full HD IPS Anti-glare Micro-edge WLED-backlit Display (Brightness: 250 nits, 141 ppi, Color Gamut: 45% NTSC)",,Windows 10 Home,64 bit,1.98 Kg,
"DELL Inspiron Ryzen 5 Hexa Core 5500U - (8 GB/512 GB SSD/Windows 10) Inspiron 7415 2 in 1 Laptop  (14 Inch, Pebble Green, 1.56 KG, With MS Office)",4.4,69490,AMD,Ryzen 5 Hexa Core,,5500U,2.4 GHz upto max turbo frequency at 4 GHz,6.0,8,DDR4,3200 MHz,Yes,512 GB,,,AMD Radeon Vega,,,35.56 cm (14 Inch),1920 x 1080 Pixel,"Full HD LED Backlit, WVA Display (Touch with Active Pen)",,Windows 10,64 bit,1.56 KG,Upto 12 Hours
"DELL Inspiron Core i5 11th Gen - (8 GB/512 GB SSD/Windows 10/2 GB Graphics) Inspiron 5410 2 in 1 Laptop  (14 Inch, Silver, 1.56 KG, With MS Office)",4.8,79990,Intel,Core i5,11th Gen,1135G7,2.4 GHz upto max turbo frequency at 4.2 GHz,4.0,8,DDR4,3200 MHz,Yes,512 GB,,,NVIDIA GeForce MX350,2 GB,GDDR5,35.56 cm (14 Inch),1920 x 1080 Pixel,"Full HD LED Backlit, WVA Display (Touch with Active Pen)",,Windows 10,64 bit,1.56 KG,Upto 8 Hours
"Lenovo Ideapad Slim3 Core i3 11th Gen - (8 GB/256 GB SSD/Windows 10 Home) 14 ITL 6 Thin and Light Laptop  (14 Inch, Arctic Grey, 1.41 KG, With MS Office)",4.4,51499,Intel,Core i3,11th Gen,1115G4,3.0 GHz with Turbo Boost upto 4.1 GHz,2.0,8,DDR4,3200 MHz,Yes,256 GB,,,Intel Integrated UHD,,,35.56 cm (14 Inch),1920 x 1080 Pixel,"Full HD LED Backlit, IPS Anti-Glare Display (300 nits Brightness, 45% NTSC Color Gamut)",,Windows 10 Home,64 bit,1.41 KG,Up to 7.5 Hours
"Lenovo Ideapad Slim 5i Core i5 11th Gen - (16 GB/512 GB SSD/Windows 10 Home) 15 ITL 05 Thin and Light Laptop  (15.6 Inch, Graphite Grey, 1.66 KG, With MS Office)",4.4,61990,Intel,Core i5,11th Gen,1135G7,2.4 GHz with Turbo Boost upto 4.2 GHz,4.0,16,DDR4,3200 MHz,Yes,512 GB,,,Intel Integrated Iris Xe,,,39.62 cm (15.6 Inch),1920 x 1080 Pixel,"Full HD LED Backlit, Anti-Glare IPS Display (300 nits Brightness, 45% NTSC Color Gamut)",,Windows 10 Home,64 bit,1.66 KG,Upto 11 Hours
"MSI GF65 Thin Hexa Core i5 10th Gen - (16 GB/512 GB SSD/Windows 10 Home/6 GB Graphics/NVIDIA GeForce RTX 3060/144 Hz) GF65 Thin 10UE-290IN Gaming Laptop  (15.6 inch, Black, 1.86 KG)",4.5,69990,Intel,Hexa Core i5,10th Gen,10500H,2.5 GHz with Turbo Boost upto 4.5 GHz,6.0,16,DDR4,,Yes,512 GB,,,NVIDIA GeForce RTX 3060,6 GB,GDDR6,39.62 cm (15.6 inch),1920 x 1080 Pixel,"Full HD LED Backlit IPS Display (144Hz Refresh Rate, 45%NTSC Color Gamut)",144 Hz,Windows 10 Home,64 bit,1.86 KG,
"MSI GF63 Thin Hexa Core i5 10th Gen - (8 GB/1 TB HDD/256 GB SSD/Windows 10 Home/4 GB Graphics/NVIDIA GeForce GTX 1650 Max Q/60 Hz) GF63 Thin 10SCXR-1616IN / GF63 Thin 10SC-611IN Gaming Laptop  (15.6 inch, Black, 1.86 KG)",4.4,54990,Intel,Hexa Core i5,10th Gen,10500H,2.5 GHz with Turbo Boost upto 4.5 GHz,6.0,8,DDR4,,Yes,256 GB,1 TB,,NVIDIA GeForce GTX 1650 Max Q,4 GB,GDDR6,39.62 cm (15.6 inch),1920 x 1080 Pixel,"Full HD LED Backlit IPS Display (60Hz Refresh Rate, 45%NTSC Color Gamut)",60 Hz,Windows 10 Home,64 bit,1.86 KG,
"DELL DELL 5590 Core i5 10th Gen - (8 GB/512 GB SSD/Windows 10/2 GB Graphics) Inspiron 15 5590 Laptop  (15.6 inch, Silver, 1.8 kg, With MS Office)",,64990,Intel,Core i5,10th Gen,,Upto 4.2GHz,4.0,8,DDR4,,Yes,512 GB,,,NVIDIA GeForce GTX NVIDIA(R) GeForce(R) MX250 with 2GB GDDR5,2 GB,GDDR5,39.62 cm (15.6 inch),1920*1080 pixel,FULL HD,,Windows 10,64 bit,1.8 kg,UPTO 5 HOURS
"DELL GAMING G5 SERIES Core i5 10th Gen - (8 GB/512 GB SSD/Windows 10/4 GB Graphics/NVIDIA GeForce GTX 1650Ti/120 Hz) G5 5500 Gaming Laptop  (15.6 inch, Black, 2.3 kg, With MS Office)",4.2,68499,Intel,Core i5,10th Gen,,,4.0,8,DDR4,,Yes,512 GB,,,NVIDIA GeForce GTX 1650Ti,4 GB,GDDR5,39.62 cm (15.6 inch),1920 X 1080$$Pixels pixel,,120 Hz,Windows 10,64 bit,2.3 kg,UPTO 5 HOURS
"Lenovo Ideapad Slim 3i (2021) Core i5 11th Gen - (8 GB/512 GB SSD/Windows 10 Home) IdeaPad 3 15ITL6 Thin and Light Laptop  (15.6 Inch, Arctic Grey, 1.65 KG, With MS Office)",4.3,53990,Intel,Core i5,11th Gen,1135G7,2.4 GHz with Turbo Boost upto 4.2 GHz,4.0,8,DDR4,3200 MHz,Yes,512 GB,,,Intel Integrated Iris Xe,,,39.62 cm (15.6 Inch),1920x1080 pixel,"Full HD LED Backlit, Anti-Glare Display (250 nits Brightness)",,Windows 10 Home,64 bit,1.65 KG,Upto 7.5 Hours
"Lenovo IdeaPad Slim 3i (2021) Core i3 11th Gen - (8 GB/256 GB SSD/Windows 10 Home) IdeaPad 3 14ITL6 Thin and Light Laptop  (14 Inch, Arctic Grey, 1.41 KG, With MS Office)",4.4,43790,Intel,Core i3,11th Gen,1115G4,3.0 GHz with Turbo Boost upto 4.1 GHz,2.0,8,DDR4,3200 MHz,Yes,256 GB,,,Intel Integrated UHD,,,35.56 cm (14 Inch),1920 x 1080 Pixel,"Full HD LED Backlit, Anti-Glare IPS Display (300 nits Brightness, 45% NTSC Color Gamut)",,Windows 10 Home,64 bit,1.41 KG,Upto 7.5 Hours
"ASUS VivoBook Ultra K14 (2021) Ryzen 5 Hexa Core 5500U - (8 GB/512 GB SSD/Windows 10 Home) KM413UA-EB503TS Thin and Light Laptop  (14 inch, Transparent Silver, 1.40 kg, With MS Office)",4.4,58990,AMD,Ryzen 5 Hexa Core,,5500U,2.1 GHz with Turbo Boost Upto 4.0 GHz,6.0,8,DDR4,,Yes,512 GB,,,AMD Radeon,,,35.56 cm (14 inch),1920 x 1080 Pixels,"Full HD LED Backlit Anti-Glare Display (250 nits Brightness, 45% NTSC Color Gamut, 85% Screen to Body Ratio)",,Windows 10 Home,64 bit,1.40 kg,
"Lenovo Ideapad Slim 5 Ryzen 7 Octa Core 5700U - (8 GB/512 GB SSD/Windows 10 Home) 14 ALC 05 Thin and Light Laptop  (14 Inch, Graphite Grey, 1.39 KG, With MS Office)",4.5,59990,AMD,Ryzen 7 Octa Core,,5700U,1.8 GHz with Turbo Boost upto 4.3 GHz,8.0,8,DDR4,3200 MHz,Yes,512 GB,,,AMD Radeon,,,35.56 cm (14 Inch),1920 x 1080 Pixel,"Full HD LED Backlit, Anti-Glare IPS Display (300 nits Brightness, 45% NTSC Color Gamut)",,Windows 10 Home,64 bit,1.39 KG,Upto 8.3 Hours
"HP Pavilion Gaming Ryzen 7 Octa Core 4800H - (16 GB/1 TB HDD/256 GB SSD/Windows 10 Home/4 GB Graphics/NVIDIA GeForce 1650Ti/144 Hz) 15-EC1512AX Gaming Laptop  (15.6 inch, Shadow Black, 2.19 kg, With MS Office)",4.5,75990,AMD,Ryzen 7 Octa Core,,4800H,2.9 GHz with Turbo Boost Upto 4.2 GHz,8.0,16,DDR4,3200 MHz,Yes,256 GB,1 TB,,NVIDIA GeForce 1650Ti,4 GB,GDDR6,39.62 cm (15.6 inch),1920 x 1080 Pixel,"Full HD WLED Backlit Anti-glare Micro-edge IPS Display (144 Hz Refresh Rate, Brightness: 250 nits, 141 PPI, Color Gamut: 45% NTSC)",144 Hz,Windows 10 Home,64 bit,2.19 kg,
"ASUS TUF Gaming F15 (2021) Core i5 11th Gen - (16 GB/512 GB SSD/Windows 10 Home/6 GB Graphics/NVIDIA GeForce RTX 3060/144 Hz) FX506HM-HN016T Gaming Laptop  (15.6 Inch, Graphite Black, 2.3 KG)",4.6,89990,Intel,Core i5,11th Gen,11400H,2.7 GHz with Turbo Boost up to 4.5 GHz,6.0,16,DDR4,2933 MHz,Yes,512 GB,,,NVIDIA GeForce RTX 3060,6 GB,GDDR6,39.62 cm (15.6 Inch),1920 x 1080 Pixel,"Full HD LED Backlit, Anti-Glare IPS, Adaptive-Sync Display (144Hz Refresh Rate, 250 nits Brightness, 1000:1 Contrast, 45% NTSC Color Gamut, 62.5% SRGB, 16:9 Aspect Ratio)",144 Hz,Windows 10 Home,64 bit,2.3 KG,
"ASUS VivoBook Ultra Ryzen 5 Hexa Core 5500U - (8 GB/512 GB SSD/Windows 10 Home) KM413UA-EB502TS Thin and Light Laptop  (14 inch, Indie Black, 1.40 kg, With MS Office)",4.5,58990,AMD,Ryzen 5 Hexa Core,,5500U,2.1 GHz with Turbo Boost Upto 4.0 GHz,6.0,8,DDR4,,Yes,512 GB,,,AMD Radeon,,,35.56 cm (14 inch),1920 x 1080 Pixels,"Full HD LED Backlit Anti-Glare Display (250 nits Brightness, 45% NTSC Color Gamut, 85% Screen to Body Ratio)",,Windows 10 Home,64 bit,1.40 kg,
"Lenovo Ideapad Slim 3i (2021) Core i5 11th Gen - (8 GB/512 GB SSD/Windows 10 Home) 15ITL6 Thin and Light Laptop  (15.6 inch, Arctic Grey, 1.65 kg, With MS Office)",4.4,57990,Intel,Core i5,11th Gen,1135G7,2.4 GHz with Turbo Boost Upto 4.2 Ghz,4.0,8,DDR4,3200 MHz,Yes,512 GB,,,Intel Integrated Iris Xe,,,39.62 cm (15.6 inch),1920 x 1080 Pixel,"Full HD LED Backlit, Anti-Glare Display (250 nits Brightness)",,Windows 10 Home,64 bit,1.65 kg,Upto 7.5 hours
"Lenovo ThinkPad Core i5 10th Gen - (16 GB/512 GB HDD/512 GB SSD/Windows 10 Pro) T14 Thin and Light Laptop  (14 Inch, Black, 1.55 KG)",,155411,Intel,Core i5,10th Gen,10210U,1.6 GHz with Turbo Boost upto 4.2 GHz,4.0,16,DDR4,,Yes,512 GB,512 GB,,Intel Integrated UHD,,,35.56 cm (14 Inch),1920 x 1080 Pixel,"Full HD LED Backlit, IPS Anti-Glare Display",,Windows 10 Pro,64 bit,1.55 KG,Upto 16.5 hours
"Lenovo Yoga Slim 7 Intel EVO Core i5 11th Gen - (16 GB/512 GB SSD/Windows 10 Home) Yoga Slim 7 14ITL05a Thin and Light Laptop  (14 Inches, Slate Grey, 1.36 KG, With MS Office)",4.6,81999,Intel,Core i5,11th Gen,1135G7,2.4 GHz with Turbo Boost Upto 4.2 GHz,4.0,16,DDR4,3200 MHz,Yes,512 GB,,,Intel Integrated Iris Xe,,,35.56 cm (14 Inches),1920 x 1080 Pixel,"Full HD LED Backlit, IPS Glossy Display (300 nits Brightness, 100% sRGB)",,Windows 10 Home,64 bit,1.36 KG,Upto 14 hours
"Lenovo Yoga Slim 7 Intel EVO Core i7 11th Gen - (16 GB/1 TB SSD/Windows 10 Home) Yoga Slim 7 14ITL05b Thin and Light Laptop  (14 inch, Slate Grey, 1.36 Kg, With MS Office)",4.4,96990,Intel,Core i7,11th Gen,1165G7,2.8 GHz with Turbo Boost Upto 4.7 GHz,4.0,16,DDR4,3200 MHz,Yes,1 TB,,,Intel Integrated Iris Xe,,,35.56 cm (14 inch),1920 x 1080 Pixels,"Full HD Touch Glossy Display (IPS Level Panel, 300nits Brightness, 100% sRGB)",,Windows 10 Home,64 bit,1.36 Kg,Upto 15 Hours
"Lenovo Ideapad Slim 3i (2021) Core i5 11th Gen - (8 GB/256 GB SSD/Windows 10 Home) 15ITL6/ 15ITL6 Ub Thin and Light Laptop  (15.6 inch, Arctic Grey, 1.65 kg, With MS Office)",4.3,48490,Intel,Core i5,11th Gen,1135G7,2.4 GHz with Turbo Boost Upto 4.2 Ghz,4.0,8,DDR4,3200 MHz,Yes,256 GB,,,Intel Integrated Iris Xe,,,39.62 cm (15.6 inch),1920 x 1080 Pixel,"Full HD LED Backlit, Anti-Glare Display (250 nits Brightness)",,Windows 10 Home,64 bit,1.65 kg,Upto 7.5 hours
"ASUS Zephyrus G14 Ryzen 7 Octa Core AMD Ryzen 7 5800HS 5th Gen - (8 GB/1 TB SSD/Windows 10 Home/4 GB Graphics/NVIDIA GeForce RTX 3050/144 Hz) GA401QC-HZ047TS Gaming Laptop  (14 inch, White, 1.60 Kg, With MS Office)",,110400,AMD,Ryzen 7 Octa Core,5th Gen,AMD Ryzen 7 5800HS,3.2 GHz with Turbo boost up to 4.4 GHz,8.0,8,DDR4,3200 MHz,Yes,1 TB,,,NVIDIA GeForce RTX 3050,4 GB,GDDR6,35.56 cm (14 inch),1920 x 1080 Pixels,14-inch FHD (1920 x 1080) 16:9 anti-glare display sRGB: 100% Adobe: 75.35% Refresh Rate: 144Hz IPS-level Pantone Validated:,144 Hz,Windows 10 Home,64 bit,1.60 Kg,Upto 10 Hrs
"Lenovo Core i5 11th Gen - (8 GB/512 GB SSD/Windows 10 Home/2 GB Graphics) E15 Laptop  (15.6 Inch, Black, 1.7 kg, With MS Office)",3.5,84086,Intel,Core i5,11th Gen,1135G7,2.4 GHz with Turbo Boost Upto 4.2 GHz,4.0,8,DDR4,,Yes,512 GB,,,NVIDIA GeForce MX350,2 GB,GDDR5,39.62 cm (15.6 Inch),1920 x 1080 Pixel,FHD LED Anti-glare Display,,Windows 10 Home,,1.7 kg,Upto 10.8 hours
"Lenovo ThinkPad E15 Core i5 11th Gen - (8 GB/512 GB SSD/Windows 10 Home) E15 Thin and Light Laptop  (15.6 Inch, Black, 1.7 kg, With MS Office)",4.7,67990,Intel,Core i5,11th Gen,1135G7,2.4 GHz with Turbo Boost Upto 4.2 GHz,,8,DDR4,,Yes,512 GB,,,Intel Integrated Iris Xe,,,39.62 cm (15.6 Inch),1920 x 1080 Pixel,Full HD LED Anti-glare Display,,Windows 10 Home,64 bit,1.7 kg,Upto 10.8 hours
"HP Core i3 11th Gen - (8 GB/512 GB SSD/Windows 10) 42V68PA Laptop  (15.6 inch, Black, 1.74 kg)",4.1,46498,Intel,Core i3,11th Gen,1115G4,"3.0 GHz base frequency, upto 4.1 GHz with Intel®Turbo Boost Technology",2.0,8,DDR4,2666 MHz,Yes,512 GB,,,Intel Integrated UHD,,,39.62 cm (15.6 inch),1366 x 768 pixel,"15.6""diagonal, HD(1366 x 768),narrow bezel, anti-glare, 250 nits, 45%NTSC",,Windows 10,64 bit,1.74 kg,Upto 5 hours
"Lenovo IdeaPad Gaming 3 Core i5 10th Gen - (8 GB/512 GB SSD/Windows 10 Home/4 GB Graphics/NVIDIA GeForce GTX 1650/120 Hz) 15IMH05 Gaming Laptop  (15.6 inch, Onyx Black, 2.2 kg)",4.3,53990,Intel,Core i5,10th Gen,10300H,2.50 GHz with Turbo Boost Upto 4.50 GHz,4.0,8,DDR4,2933 MHz,Yes,512 GB,,,NVIDIA GeForce GTX 1650,4 GB,GDDR6,39.62 cm (15.6 inch),1920 x 1080 Pixel,"Full HD LED Backlit Anti-glare IPS Display (120Hz Refresh Rate, 250 nits Brightness)",120 Hz,Windows 10 Home,64 bit,2.2 kg,Upto 8 hours
"Lenovo Legion Core i5 9th Gen - (8 GB/1 TB HDD/256 GB SSD/Windows 10 Home/4 GB Graphics/NVIDIA GeForce GTX 1650) Y540-15IRH-PG0 Gaming Laptop  (15.6 inch, Raven Black, 2.3 kg, With MS Office)",4.4,72199,Intel,Core i5,9th Gen,9300HF,2.40 GHz with Turbo Boost Upto 4.10 GHz,4.0,8,DDR4,2666 MHz,Yes,256 GB,1 TB,,NVIDIA GeForce GTX 1650,4 GB,GDDR5,39.62 cm (15.6 inch),1920 x 1080 Pixel,"Full HD LED Backlit Anti-glare IPS Display (60Hz Refresh Rate, 45% NTSC Color Gamut, 250 nits Brightness)",,Windows 10 Home,64 bit,2.3 kg,Upto 10 hours
"ASUS VivoBook Ultra S14 Core i7 11th Gen - (8 GB + 32 GB Optane/512 GB SSD/Windows 10 Home) S433EA-AM702TS Thin and Light Laptop  (14 inch, Dreamy White, 1.40 Kg, With MS Office)",4.4,77990,Intel,Core i7,11th Gen,1165G7,2.8 GHz with Turbo Boost Upto 4.7 GHz,4.0,8,DDR4,,Yes,512 GB,,,Intel Integrated Iris Xe,,,35.56 cm (14 inch),1920 x 1080 Pixels,"Full HD LED Backlit Anti Glare Display (16:9, 250 nits Brightness, sRGB: 100% Color Gamut, IPS-level Panel)",,Windows 10 Home,64 bit,1.40 Kg,
"Lenovo ThinkPad E15 Core i5 11th Gen - (8 GB/512 GB SSD/Windows 10 Home) E15 Thin and Light Laptop  (15.6 Inch, Black, 1.7 kg, With MS Office)",4.1,65990,Intel,Core i5,11th Gen,1135G7,2.4 GHz with Turbo Boost Upto 4.2 GHz,,8,DDR4,,Yes,512 GB,,,Intel Integrated Iris Xe,,,39.62 cm (15.6 Inch),1920 x 1080 Pixel,Full HD LED Anti-glare Display,,Windows 10 Home,64 bit,1.7 kg,Upto 10.8 hours
"Lenovo Core i5 11th Gen - (16 GB/512 GB SSD/Windows 10 Home) E15 Laptop  (15.6 Inch, Black, 1.7 kg, With MS Office)",4.4,77990,Intel,Core i5,11th Gen,1135G7,2.4 GHz with Turbo Boost Upto 4.2 GHz,4.0,16,DDR4,,Yes,512 GB,,,Intel Integrated Iris Xe,,,39.62 cm (15.6 Inch),1920 x 1080 Pixel,FHD LED Anti-glare Display,,Windows 10 Home,,1.7 kg,Upto 10.8 hours
"Lenovo ThinkPad Core i5 10th Gen - (8 GB/512 GB HDD/512 GB SSD/Windows 10 Pro) T14 Thin and Light Laptop  (14 Inch, Black, 1.55 KG)",,125394,Intel,Core i5,10th Gen,10210U,1.6 GHz with Turbo Boost upto 4.2 GHz,4.0,8,DDR4,,Yes,512 GB,512 GB,,Intel Integrated UHD,,,35.56 cm (14 Inch),1920 x 1080 Pixel,"Full HD LED Backlit, IPS Anti-Glare Display",,Windows 10 Pro,64 bit,1.55 KG,Upto 16.5 hours
"ASUS VivoBook Ultra 17 Ryzen 5 Hexa Core - (8 GB/1 TB HDD/256 GB SSD/Windows 10 Home) M712UA-AU501TS Thin and Light Laptop  (17.3 inch, Transparent Silver, 2.30 kg, With MS Office)",4.2,62790,AMD,Ryzen 5 Hexa Core,,,2.1 GHz with Turbo Boost Upto 4.0 GHz,6.0,8,DDR4,,Yes,256 GB,1 TB,,AMD Radeon,,,43.94 cm (17.3 inch),1920 x 1080 Pixel,"17.3 inch Full HD LCD LED Backlit Anti-glare Display (250 nits Brightness, 45% NTSC Color Gamut, 85% Screen-to-body Ratio, IPS Level Panel)",,Windows 10 Home,64 bit,2.30 kg,Upto 14 Hours
"ASUS ZenBook 13 (2021) OLED Core i7 11th Gen - (16 GB/1 TB SSD/Windows 10 Home) UX325EA-KG701TS Thin and Light Laptop  (13.3 inch, Lilac Mist, 1.14 kg, With MS Office)",4.6,102990,Intel,Core i7,11th Gen,1165G7,2.8 GHz with Turbo Boost Upto 4.7 GHz,4.0,16,LPDDR4X,,Yes,1 TB,,,Intel Integrated Iris Xe,,,33.78 cm (13.3 inch),1920 x 1080 Pixel,"Full HD LED Backlit OLED Display (16:9 Aspect Ratio, 400 nits Brightness, 100% DCI-P3 Color Gamut, 88% Screen-to-body Ratio)",,Windows 10 Home,64 bit,1.14 kg,
"Lenovo V Series Athlon Dual Core 3050U - (4 GB/1 TB HDD/Windows 10 Home) V-15 ADA Laptop  (15.6 Inch, Iron Grey, 1.85 KG)",3.6,27990,AMD,Athlon Dual Core,,3050U,2.3 GHz with Turbo Boost Upto 3.2 GHz,2.0,4,DDR4,2400 MHz,No,,1 TB,,AMD Radeon AMD Radeon Graphics,,,39.62 cm (15.6 Inch),1366 x 768 Pixel,"HD LED Backlit, Anti-Glare Display (220 nits Brightness)",,Windows 10 Home,64 bit,1.85 KG,Upto 5 Hours
"Lenovo V Series Athlon Dual Core 3150U - (4 GB/1 TB HDD/Windows 10 Home) V-15 ADA Laptop  (15.6 Inch, Iron Grey, 1.85 KG)",3.8,27890,AMD,Athlon Dual Core,,3150U,2.4 GHz with Turbo Boost upto 3.3 GHz,2.0,4,DDR4,2400 MHz,No,,1 TB,,AMD Radeon AMD Radeon Graphics,,,39.62 cm (15.6 Inch),1920 x 1080 Pixel,"Full HD LED Backlit, Anti-Glare Display (220 nits Brightness)",,Windows 10 Home,64 bit,1.85 KG,Upto 5 Hours
"DELL XPS Core i5 11th Gen - (16 GB/512 GB SSD/Windows 10) XPS 13 9305 Thin and Light Laptop  (13.3 Inch, Platinum Silver, 1.16 KG, With MS Office)",,114690,Intel,Core i5,11th Gen,1135G7,1 GHz upto max turbo frequency at 4.2 GHz,4.0,16,LPDDR4X,4267 MHz,Yes,512 GB,,,Intel Integrated Iris Xe,,,33.78 cm (13.3 Inch),1920 x 1080 Pixel,Full HD LED Backlit Infinity Edge Display,,Windows 10,64 bit,1.16 KG,Upto 15 Hours
"ASUS Vivobook Core i3 11th Gen - (4 GB/256 GB SSD/Windows 10 Home) X415EA-EK302TS Thin and Light Laptop  (14 inch, Transparent Silver, 1.55 kg, With MS Office)",4.5,34990,Intel,Core i3,11th Gen,1115G4,3.0 GHz with Turbo Frequency upto 4.1 GHz,2.0,4,DDR4,,Yes,256 GB,,,Intel Integrated UHD,,,35.56 cm (14 inch),1920 x 1080 Pixels,"Full HD LED Backlit Anti-Glare Display (200 nits Brightness, 45% NTSC Color Gamut, 83% Screen-to-Body Ratio)",60 Hz,Windows 10 Home,64 bit,1.55 kg,3-5 hours
"DELL Vostro Core i5 11th Gen - (8 GB/1 TB HDD/256 GB SSD/Windows 10) Vostro 3400 Thin and Light Laptop  (14 Inch, Dune, 1.58 KG, With MS Office)",,61990,Intel,Core i5,11th Gen,1135G7,2.4 GHz upto max turbo frequency at 4.2 GHz,4.0,8,DDR4,2666 MHz,Yes,256 GB,1 TB,,Intel Integrated Iris Xe,,,35.56 cm (14 Inch),1920 x 1080 Pixel,"Full HD LED Backlit, WVA Anti-Glare Display (Narrow Border)",,Windows 10,64 bit,1.58 KG,Upto 10 Hours
"DELL Vostro Core i3 10th Gen - (4 GB/256 GB SSD/Windows 10 Home) Vostro 3401 Thin and Light Laptop  (14 inch, Accent Black, 1.58 kg, With MS Office)",4.3,36057,Intel,Core i3,10th Gen,1005G1,1.2 GHz with Turbo Boost Upto 3.4 GHz,2.0,4,DDR4,2666 MHz,Yes,256 GB,,,Intel Integrated UHD,,,35.56 cm (14 inch),1920 x 1080 Pixel,Full HD LED Backlit Anti Glare Display,,Windows 10 Home,64 bit,1.58 kg,Upto 10 Hours
"Lenovo IdeaPad Gaming 3 Core i5 10th Gen - (8 GB/1 TB HDD/256 GB SSD/Windows 10 Home/4 GB Graphics/NVIDIA GeForce GTX 1650/120 Hz) 15IMH05 Gaming Laptop  (15.6 inch, Onyx Black, 2.2 kg)",4.3,68999,Intel,Core i5,10th Gen,10300H,2.50 GHz with Turbo Boost Upto 4.50 GHz,4.0,8,DDR4,2933 MHz,Yes,256 GB,1 TB,,NVIDIA GeForce GTX 1650,4 GB,GDDR6,39.62 cm (15.6 inch),1920 x 1080 Pixel,"Full HD LED Backlit Anti-glare IPS Display (120Hz Refresh Rate, 250 nits Brightness)",120 Hz,Windows 10 Home,64 bit,2.2 kg,Upto 8 hours
"Lenovo Ideapad Gaming 3 Ryzen 5 Hexa Core 4600H - (8 GB/1 TB HDD/256 GB SSD/Windows 10 Home/4 GB Graphics/NVIDIA GeForce GTX 1650/120 Hz) 15ARH05 Gaming Laptop  (15.6 inch, Onyx Black, 2.2 kg)",4.5,63990,AMD,Ryzen 5 Hexa Core,,4600H,3.0 GHz with Turbo Boost Upto 4.0 Ghz,6.0,8,DDR4,3200 MHz,Yes,256 GB,1 TB,,NVIDIA GeForce GTX 1650,4 GB,GDDR6,39.62 cm (15.6 inch),1920 x 1080 Pixel,"Full HD LED Backlit, IPS Anti-Glare Display (250 nits Brightness, 120 Hz Refresh Rate)",120 Hz,Windows 10 Home,64 bit,2.2 kg,Upto 6.7 hours
"Lenovo Ideapad Slim 5i Core i5 11th Gen - (8 GB/512 GB SSD/Windows 10 Home) 14ITL05U2a Thin and Light Laptop  (14 inch, Graphite Grey, 1.39 kg, With MS Office)",4.2,56990,Intel,Core i5,11th Gen,1135G7,2.4 GHz with Turbo Boost Upto 4.2 Ghz,4.0,8,DDR4,3200 MHz,Yes,512 GB,,,Intel Integrated Iris Xe,,,35.56 cm (14 inch),1920 x 1080 Pixel,"Full HD LED Backlit, IPS Anti-Glare Display (300 nits Brightness, 45% NTSC Color Gamut)",,Windows 10 Home,64 bit,1.39 kg,Upto 11 hours
"Lenovo Ideapad Slim 5 Ryzen 7 Octa Core 5700U - (16 GB/512 GB SSD/Windows 10 Home) 15ALC05 A|| 15ALC05 B Thin and Light Laptop  (15.6 inch, Graphite Grey, 1.66 kg, With MS Office)",4.3,67990,AMD,Ryzen 7 Octa Core,,5700U,1.8 GHz with Turbo Boost Upto 4.3 Ghz,8.0,16,DDR4,3200 MHz,Yes,512 GB,,,AMD Radeon,,,39.62 cm (15.6 inch),1920 x 1080 Pixel,"Full HD LED Backlit, IPS Anti-Glare Display (300 nits Brightness, 45% NTSC Color Gamut)",,Windows 10 Home,64 bit,1.66 kg,Upto 14 hours
"Lenovo V15 Athlon Dual Core 3050U - (4 GB/1 TB HDD/DOS) V15 Laptop  (15.6 inch, Iron Grey, 1.85 kg)",3.8,27990,AMD,Athlon Dual Core,,3050U,2.3 GHz with Turbo Boost Upto 3.2 GHz,2.0,4,DDR4,2400 MHz,No,,1 TB,,AMD Radeon,,,39.62 cm (15.6 inch),1366 x 768 Pixel,"HD LED Backlit Anti-glare TN Display (16:9 Aspect Ratio, 220 nits Brightness)",,DOS,64 bit,1.85 kg,Upto 6 hours
"ASUS TUF Gaming F15 Core i5 10th Gen - (8 GB/512 GB SSD/Windows 10 Home/4 GB Graphics/NVIDIA GeForce GTX 1650 Ti/144 Hz) FX506LI-HN271TS Gaming Laptop  (15.6 Inch, Black Plastic, 2.3 KG, With MS Office)",4.4,65990,Intel,Core i5,10th Gen,10300H,2.5 GHz to max turbo frequency at 4.5 Ghz,4.0,8,DDR4,2933 MHz,Yes,512 GB,,,NVIDIA GeForce GTX 1650 Ti,4 GB,GDDR6,39.62 cm (15.6 Inch),1920x1080 Pixels,"Full HD LED Backlit, IPS Anti-Glare Display (250nits Brightness, 144 Hz Refresh Rate, 45% NTSC Color Gamut, 62.5% sRGB)",144 Hz,Windows 10 Home,64 bit,2.3 KG,
"DELL Vostro Core i3 11th Gen - (4 GB/1 TB HDD/256 GB SSD/Windows 10) Vostro 3400 Thin and Light Laptop  (14 inch, Dune, 1.58 kg, With MS Office)",4.1,43126,Intel,Core i3,11th Gen,1115G4,1.7 GHz with Max Turbo Frequency Upto 4.1 Ghz,2.0,4,DDR4,2666 MHz,Yes,256 GB,1 TB,,Intel Integrated UHD,,,35.56 cm (14 inch),1920 x 1080 Pixel,"Full HD LED Backlit, Anti-Glare Display",,Windows 10,64 bit,1.58 kg,Upto 10 Hours
"acer Aspire 7 Core i5 10th Gen - (8 GB/512 GB SSD/Windows 10 Home/4 GB Graphics/NVIDIA GeForce GTX 1650) A715-75G-50TA/ A715-75G-41G/ A715-75G-52AA Gaming Laptop  (15.6 inch, Black, 2.15 Kg)",4.4,54990,Intel,Core i5,10th Gen,,2.4 GHz with Turbo Boost Upto 5 GHz,,8,DDR4,,Yes,512 GB,,,NVIDIA GeForce GTX 1650,4 GB,GDDR6,39.62 cm (15.6 inch),1920 x 1080 Pixels,"Full HD Acer ComfyView LED Backlit TFT LCD Anti-glare Display (45% NTSC Color Gamut, Wide Viewing Angle up to 170 Degrees, Ultra-Slim Design, 16:9 Aspect Ratio, IPS Level Panel, Mercury Free, Environment Friendly)",,Windows 10 Home,64 bit,2.15 Kg,Up to 9 hours
"ASUS ROG Strix G15 (2020) Octa Core i7 10th Gen - (16 GB/1 TB SSD/Windows 10 Home/4 GB Graphics/NVIDIA GeForce GTX 1650 Ti/144 Hz) G512LI-HN305T Gaming Laptop  (15.6 inch, Black Plastic, 2.30 Kg)",4.6,92590,Intel,Octa Core i7,10th Gen,10870H,2.2 GHz with Turbo Boost Upto 5.0 GHz,8.0,16,DDR4,2933 MHz,Yes,1 TB,,,NVIDIA GeForce GTX 1650 Ti,4 GB,GDDR6,39.62 cm (15.6 inch),1920 x 1080 Pixels,"Full HD LED Backlit Anti-glare IPS-Level Display (144Hz Refresh Rate, 250 nits Brightness, 45% NTSC Color Gamut, 1000:1 Contrast, 67% SRGB, 170 Angle Viewing)",144 Hz,Windows 10 Home,64 bit,2.30 Kg,
"ASUS Zephyrus G14 Ryzen 5 Hexa Core AMD Ryzen 5 4600H 4th Gen - (8 GB/512 GB SSD/Windows 10/4 GB Graphics/NVIDIA GeForce GTX GTX 1650Ti/120 Hz) GA401II-HE233T Gaming Laptop  (14 inch, Moonlight White, 1.60 kg, With MS Office)",,84500,AMD,Ryzen 5 Hexa Core,4th Gen,AMD Ryzen 5 4600H,"3.0 GHz (8M Cache, up to 4.0 GHz)",6.0,8,DDR4,,Yes,512 GB,,,NVIDIA GeForce GTX GTX 1650Ti,4 GB,GDDR6,35.56 cm (14 inch),1920 x 1080 pixel,14-inch FHD (1920x1080) 16:9 anti-glare display sRGB: 100% Adobe: 75.35% Refresh Rate: 120Hz IPS-level Pantone Validated: Yes,120 Hz,Windows 10,64 bit,1.60 kg,5 HRS
"ASUS VivoBook Flip 14 (2022) Ryzen 5 Hexa Core - (8 GB/512 GB SSD/Windows 10 Home) TM420UA-EC501TS 2 in 1 Laptop  (14 inch, Bespoke Black, 1.50 kg, With MS Office)",4.4,62990,AMD,Ryzen 5 Hexa Core,,,2.1 GHz with Turbo Boost Upto 4.0 GHz,6.0,8,DDR4,,Yes,512 GB,,,AMD Radeon,,,35.56 cm (14 inch),1920 x 1080 Pixel,"Full HD LED Backlit Anti-glare Display (250 nits Brightness, 45% NTSC Color Gamut, 82? Screen-to-body Ratio, IPS Level Panel)",,Windows 10 Home,64 bit,1.50 kg,
"MSI GF65 Thin Hexa Core i5 10th Gen - (16 GB/512 GB SSD/Windows 10 Home/6 GB Graphics/NVIDIA GeForce GTX 1660 Ti/144 Hz) GF65 Thin 10SDR-1283IN Gaming Laptop  (15.6 inch, Black, 1.86 KG)",4.6,75990,Intel,Hexa Core i5,10th Gen,10500H,2.5 GHz with Turbo Boost upto 4.5 GHz,6.0,16,DDR4,,Yes,512 GB,,,NVIDIA GeForce GTX 1660 Ti,6 GB,GDDR6,39.62 cm (15.6 inch),1920 x 1080 Pixel,"Full HD LED Backlit IPS Display (144Hz Refresh Rate, 45%NTSC Color Gamut)",144 Hz,Windows 10 Home,64 bit,1.86 KG,
"ASUS ZenBook 14 Ryzen 5 Hexa Core AMD Ryzen 5 5500U Processor 5th Gen - (8 GB/512 GB SSD/Windows 10 Home) UM425UA-AM502TS Thin and Light Laptop  (14 inch, Lilac Mist, 1.22 kg, With MS Office)",,77990,AMD,Ryzen 5 Hexa Core,5th Gen,AMD Ryzen 5 5500U Processor,"2.1GHz (8M Cache, up to 4.0GHz, 6 cores)",6.0,8,LPDDR4X,,Yes,512 GB,,,AMD Radeon AMD Radeon Graphics,,,35.56 cm (14 inch),1920 x 1080 Pixel,"14.0-inch FHD (1920 x 1080) 16:9, Anti-glare display, LED Backlit, sRGB: 100%, Screen-to-body ratio: 90 ?",,Windows 10 Home,64 bit,1.22 kg,3-5 hours
"DELL Inspiron Core i5 11th Gen - (8 GB/512 GB SSD/Windows 10) Inspiron 5418 Thin and Light Laptop  (14 inches, Silver, 1.5 kg, With MS Office)",3.9,64290,Intel,Core i5,11th Gen,11300H,2.6 GHz upto Max Turbo Frequency at 4.4 GHz,4.0,8,DDR4,3200 MHz,Yes,512 GB,,,Intel Integrated Iris Xe,,,35.56 cm (14 inches),1920 x 1080 Pixels,Full HD WVA Anti-Glare Display,,Windows 10,64 bit,1.5 kg,Upto 6 hours
"DELL Inspiron Core i5 11th Gen - (8 GB/512 GB SSD/Windows 10) Inspiron 5410 2 in 1 Laptop  (14 inches, Silver, 1.56 kg, With MS Office)",4.4,72990,Intel,Core i5,11th Gen,1135G7,2.4 GHz upto Max Turbo Frequency at 4.2 GHz,4.0,8,DDR4,3200 MHz,Yes,512 GB,,,Intel Integrated Iris Xe,,,35.56 cm (14 inches),1920 x 1080 Pixels,Full HD WVA Touch Display with Active Pen,,Windows 10,64 bit,1.56 kg,Upto 6 hours
"DELL Inspiron Core i5 11th Gen - (8 GB/1 TB HDD/256 GB SSD/Windows 10/2 GB Graphics) INSPIRON 3501 Thin and Light Laptop  (15.6 inch, Softmint, 1.83 kg, With MS Office)",4.2,67999,Intel,Core i5,11th Gen,1135G7,2.4 GHz upto Max Turbo Frequency at 4.2 GHz,4.0,8,DDR4,2666 MHz,Yes,256 GB,1 TB,,NVIDIA GeForce MX330,2 GB,GDDR5,39.62 cm (15.6 inch),1920 x 1080 Pixels,Full HD Anti Glare Display,,Windows 10,64 bit,1.83 kg,Upto 7 hours
"DELL Inspiron Core i5 11th Gen - (4 GB/1 TB HDD/256 GB SSD/Windows 10) Inspiron 3501 Thin and Light Laptop  (14.9 Inch, Accent Black, 1.83 KG, With MS Office)",4.1,55990,Intel,Core i5,11th Gen,1135G7,2.4 GHz upto max turbo frequency at 4.2 GHz,4.0,4,DDR4,2666 MHz,Yes,256 GB,1 TB,,Intel Integrated Iris Xe,,,37.85 cm (14.9 Inch),1920 x 1080 Pixel,"Full HD LED Backlit, Anti-Glare Display",,Windows 10,64 bit,1.83 KG,Upto 7 hours
"ASUS ASUS TUF Dash Series Core i5 11th Gen - (16 GB/512 GB SSD/Windows 10 Home/6 GB Graphics/NVIDIA GeForce RTX 3060/144 Hz) FX516PM-HN157TS Gaming Laptop  (15.6 inch, Eclipse Grey, 2. kg, With MS Office)",,88990,Intel,Core i5,11th Gen,Intel® Core i5-11300H Processor,2.6 GHz with Turbo Boost Upto 4.4 GHz,4.0,16,DDR4,3200 MHz,Yes,512 GB,,,NVIDIA GeForce RTX 3060,6 GB,GDDR6,39.62 cm (15.6 inch),1920 x 1080 pixel,"15.6-inch,FHD (1920 x 1080) 16:9,anti-glare display, Refresh Rate:144 Hz,IPS-level",144 Hz,Windows 10 Home,64 bit,2. kg,5 hours
"DELL Inspiron Core i3 10th Gen - (8 GB/256 GB SSD/Windows 10) Inspiron 3501 Thin and Light Laptop  (15.6 inch, Soft Mint, 1.83 kg, With MS Office)",4.4,40490,Intel,Core i3,10th Gen,1005G1,1.2 GHz with Max Turbo Frequency Upto 3.4 Ghz,2.0,8,DDR4,2666 MHz,Yes,256 GB,,,Intel Integrated UHD,,,39.62 cm (15.6 inch),1920 x 1080 Pixel,"Full HD LED Backlit, Anti-Glare Display",,Windows 10,64 bit,1.83 kg,Upto 7 hours
"DELL Inspiron Core i3 11th Gen - (8 GB/1 TB HDD/Windows 10) INSPIRON 3501 Thin and Light Laptop  (15.6 inch, Softmint, 1.83 kg, With MS Office)",4.0,44999,Intel,Core i3,11th Gen,1115G4,1.7 GHz upto Max Turbo Frequency at 4.1 GHz,2.0,8,DDR4,2666 MHz,No,,1 TB,,Intel Integrated UHD,,,39.62 cm (15.6 inch),1920 x 1080 Pixels,Full HD Anti Glare Display,,Windows 10,64 bit,1.83 kg,Upto 7 hours
"HP Core i3 11th Gen - (8 GB/256 GB SSD/Windows 10 Home) 14s-DQ2100TU Thin and Light Laptop  (14 inch, Jet Black, 1.46 kg, With MS Office)",4.2,44390,Intel,Core i3,11th Gen,1115G4,Max Turbo Boost Frequency Up to 4.10 GHz,2.0,8,DDR4,2666 MHz,Yes,256 GB,,,Intel Integrated UHD,,,35.56 cm (14 inch),1366 x 768 Pixel,"HD LED Backlit BrightView Micro-edge IPS Display (250 nits Brightness, 112 PPI, 45% NTSC Color Gamut)",,Windows 10 Home,64 bit,1.46 kg,Upto 12 hours
"Lenovo Intel EVO Core i7 11th Gen - (16 GB/512 GB SSD/Windows 10 Home) 82BH004HIN Laptop  (14 inch, Slate Grey, With MS Office)",,102999,Intel,Core i7,11th Gen,,,,16,DDR4,,Yes,512 GB,,,Intel Integrated Integrated Intel Iris Xe Graphics,,,35.56 cm (14 inch),1920X1080 pixel,,,Windows 10 Home,,,3HRS
"Lenovo Yoga Slim 7 Intel EVO Core i7 11th Gen - (16 GB/1 TB SSD/Windows 10 Home) Carbon 13ITL5 Thin and Light Laptop  (13.3 inch, Moon White, 0.966 Kg, With MS Office)",3.4,109990,Intel,Core i7,11th Gen,,2.8 GHz with Turbo Boost Upto 4.7 GHz,4.0,16,LPDDR4X,,Yes,1 TB,,,Intel Integrated Iris Xe,,,33.78 cm (13.3 inch),2560 x 1600 Pixels,"Quad HD Low Power Dolby Vision Anti-glare Display (300 nits Brightness, 100% sRGB)",,Windows 10 Home,64 bit,0.966 Kg,Upto 13 Hours
"DELL Core i5 10th Gen - (8 GB/512 GB SSD/Windows 10) D560020WIN9S Laptop  (13.3 inch, Silver, With MS Office)",,94990,Intel,Core i5,10th Gen,,,,8,DDR3,,Yes,512 GB,,,Intel Integrated,,,33.78 cm (13.3 inch),1920X1080 pixel,,,Windows 10,,,3HRS
"DELL Core i3 11th Gen - (8 GB/1 TB HDD/Windows 10 Home) D560424WIN9S Laptop  (15.6 inch, Soft Mint, With MS Office)",3.9,42990,Intel,Core i3,11th Gen,,,,8,DDR4,,No,,1 TB,,Intel Integrated,,,39.62 cm (15.6 inch),1920X1080 pixel,,,Windows 10 Home,,,3HRS
"MSI GF63 Thin Core i7 10th Gen - (8 GB/1 TB HDD/256 GB SSD/Windows 10 Home/4 GB Graphics/NVIDIA GeForce GTX 1650 Max Q/60 Hz) GF63 Thin 10SCXR-1617IN / GF63 Thin 10SC-610IN Gaming Laptop  (15.6 inch, Black, 1.86 KG)",4.3,67490,Intel,Core i7,10th Gen,10750H,2.6 GHz with 5 GHz Max Turbo Boost Frequency,,8,DDR4,,Yes,256 GB,1 TB,,NVIDIA GeForce GTX 1650 Max Q,4 GB,GDDR6,39.62 cm (15.6 inch),1920 x 1080 Pixel,"Full HD LED Backlit IPS Display (60Hz Refresh Rate, 45%NTSC Color Gamut)",60 Hz,Windows 10 Home,64 bit,1.86 KG,
"HP 14s Core i3 11th Gen - (8 GB/256 GB SSD/Windows 10 Home) 14s- DY2501TU Thin and Light Laptop  (14 inch, Natural Silver, 1.46 kg, With MS Office)",4.4,37999,Intel,Core i3,11th Gen,1115G4,4.1 GHz Max Turbo Frequency,2.0,8,DDR4,2666 MHz,Yes,256 GB,,,Intel Integrated UHD,,,35.56 cm (14 inch),1920 x 1080 Pixel,"Full HD WLED Backlit, IPS BrightView Micro-Edge Display (250 nits Brightness, 45% NTSC Color Gamut, 157 PPI)",,Windows 10 Home,64 bit,1.46 kg,
"acer Nitro 5 Ryzen 7 Octa Core 5800H - (16 GB/1 TB HDD/256 GB SSD/Windows 10 Home/6 GB Graphics/NVIDIA GeForce RTX 3060/144 Hz) AN515-45/ AN515-45-R2GL Gaming Laptop  (15.6 inch, Black, 2.4 kg)",4.4,94990,AMD,Ryzen 7 Octa Core,,5800H,"3.2 GHz, Max Turbo Boost Frequency Up to 4.40 GHz",8.0,16,DDR4,,Yes,256 GB,1 TB,,NVIDIA GeForce RTX 3060,6 GB,GDDR6,39.62 cm (15.6 inch),1920 X 1080 Pixels,"Full HD With IPS (In-Plane Switching) technology ( Acer ComfyView LED-backlit TFT LCD, 16:9 aspect ratio, supporting 144 Hz refresh rate)",144 Hz,Windows 10 Home,64 bit,2.4 kg,
"ASUS ZenBook Duo 14 (2021) Touch Panel Core i7 11th Gen - (16 GB/1 TB SSD/Windows 10 Home/2 GB Graphics) UX482EG-KA711TS Thin and Light Laptop  (14 inch, Celestial Blue, 1.62 kg, With MS Office)",4.4,136990,Intel,Core i7,11th Gen,1165G7,2.8 GHz with Turbo Boost Upto 4.7 GHz,4.0,16,LPDDR4X,4266 MHz,Yes,1 TB,,,Intel Integrated Iris Xe,2 GB,GDDR6,35.56 cm (14 inch),1920 x 1080 Pixel,"Full HD LED Backlit LCD IPS-level Anti-Glare Touch Display (400 nits Brightness, 100% sRGB Color Gamut, Pantone Validated, 93% Screen to Body Ratio)",,Windows 10 Home,,1.62 kg,
"ASUS ROG Strix G15 (2020) Core i5 10th Gen - (8 GB/1 TB SSD/Windows 10 Home/4 GB Graphics/NVIDIA GeForce GTX 1650 Ti) G512LI-HN118TS Gaming Laptop  (15.6 inch, Electro Punk Plastic, 2.30 Kg, With MS Office)",4.5,77990,Intel,Core i5,10th Gen,,2.5 GHz with Turbo Boost Upto 4.5 GHz,,8,DDR4,,Yes,1 TB,,,NVIDIA GeForce GTX 1650 Ti,4 GB,GDDR6,39.62 cm (15.6 inch),1920 x 1080 Pixels,"Full HD Anti-glare Display (IPS level Panel, 250nits Brightness, 1:1000 Contrast, 170 Viewing Angle, 45% NTSC Color Gamut, 67% SRGB)",,Windows 10 Home,64 bit,2.30 Kg,
"DELL Inspiron Core i3 11th Gen - (8 GB/512 GB SSD/Windows 10) Inspiron 5410 2 in 1 Laptop  (14 inches, Silver, 1.56 kg, With MS Office)",4.3,62990,Intel,Core i3,11th Gen,1125G4,1.7 GHz upto Max Turbo Frequency at 4.1 GHz,2.0,8,DDR4,3200 MHz,Yes,512 GB,,,Intel Integrated UHD,,,35.56 cm (14 inches),1920 x 1080 Pixels,Full HD WVA Touch Display with Active Pen,,Windows 10,64 bit,1.56 kg,Upto 6 hours
"MSI Prestige 14 EVO Core i5 11th Gen - (16 GB/512 GB SSD/Windows 10 Home) Prestige 14 Evo A11M-436IN Thin and Light Laptop  (14 inch, Carbon Gray, 1.29 kg)",4.5,80490,Intel,Core i5,11th Gen,1135G7,2.4 GHz with Turbo Boost Upto 4.2 GHz,,16,LPDDR4X,,Yes,512 GB,,,Intel Integrated Iris Xe,,,35.56 cm (14 inch),1920 x 1080 Pixels,sRGB100% 300nits 1W Panel,,Windows 10 Home,64 bit,1.29 kg,
"HP Ryzen 5 Hexa Core 5500U - (8 GB/512 GB SSD/Windows 10 Home) 15s-EQ2040AU Thin and Light Laptop  (15.6 inch, Natural Silver, 1.69 kg, With MS Office)",4.3,51490,AMD,Ryzen 5 Hexa Core,,5500U,4.0 GHz Max Turbo Frequency,6.0,8,DDR4,,Yes,512 GB,,,AMD Radeon,,,39.62 cm (15.6 inch),1920 x 1080 Pixels,"Full HD SVA WLED Backlit Micro-Edge Anti-Glare Display (250 nits Brightness, 45% NTSC Color Gamut, 141 PPI)",,Windows 10 Home,64 bit,1.69 kg,Upto 9 hours
"ASUS ROG Flow X13 Ryzen 7 Octa Core 5800HS - (16 GB/1 TB SSD/Windows 10 Home/4 GB Graphics/NVIDIA GeForce GTX 1650/120 Hz) GV301QH-K6463TS 2 in 1 Gaming Laptop  (13.4 inch, Off Black, 1.30 kg, With MS Office)",4.4,99990,AMD,Ryzen 7 Octa Core,,5800HS,2.8GHz with Turbo Boost Upto 4.4 GHz,8.0,16,LPDDR4X,4266 MHz,Yes,1 TB,,,NVIDIA GeForce GTX 1650,4 GB,GDDR6,34.04 cm (13.4 inch),1920 x 1200 Pixels,"WUXGA LED Backlit LCD Glossy IPS-Level Touch Display with Adaptive Sync (16:10 Aspect Ratio, 120 Hz Refresh Rate, 300 nits Brightness, 1000:1 Contrast Ratio, 72% NTSC Color Gamut, 100% sRGB, 75% Adobe, 75% DCI-P3, Pantone Validated)",120 Hz,Windows 10 Home,64 bit,1.30 kg,
"MSI Modern 14 Core i7 11th Gen - (8 GB/512 GB SSD/Windows 10 Home) Modern 14 B11MO-092IN Thin and Light Laptop  (14 inch, Carbon Gray, 1.3 Kg)",4.2,70990,Intel,Core i7,11th Gen,1165G7,1.2 GHz with Turbo Boost Upto 4.7 GHz,,8,DDR4,,Yes,512 GB,,,Intel Integrated Iris Xe,,,35.56 cm (14 inch),1920 x 1080 Pixels,Full HD IPS Display (45% NTSC Color Gamut),,Windows 10 Home,64 bit,1.3 Kg,
"ASUS ROG Flow X13 Ryzen 9 Octa Core 5900HS - (16 GB/1 TB SSD/Windows 10 Home/4 GB Graphics/NVIDIA GeForce GTX 1650/60 Hz) GV301QH-K5462TS 2 in 1 Gaming Laptop  (13.4 inch, Off Black, 1.30 kg, With MS Office)",4.7,119990,AMD,Ryzen 9 Octa Core,,5900HS,3 GHz with Turbo Boost Upto 4.6 GHz,8.0,16,LPDDR4X,4266 MHz,Yes,1 TB,,,NVIDIA GeForce GTX 1650,4 GB,GDDR6,34.04 cm (13.4 inch),3840 x 2400 Pixels,"WQUXGA LED Backlit LCD Glossy IPS-Level Touch Display with Adaptive Sync (16:10 Aspect Ratio, 60 Hz Refresh Rate, 300 nits Brightness, 1000:1 Contrast Ratio, 82% NTSC Color Gamut, 116% sRGB, 86% Adobe, 85% DCI-P3, Pantone Validated)",60 Hz,Windows 10 Home,64 bit,1.30 kg,
"ASUS ROG Flow X13 Ryzen 9 Octa Core 5900HS - (32 GB/1 TB SSD/Windows 10 Home/4 GB Graphics/NVIDIA GeForce GTX 1650/60 Hz) GV301QH-K5062TS 2 in 1 Gaming Laptop  (13.4 inch, Off Black, 1.30 kg, With MS Office)",4.2,129990,AMD,Ryzen 9 Octa Core,,5900HS,3 GHz with Turbo Boost Upto 4.6 GHz,8.0,32,LPDDR4X,4266 MHz,Yes,1 TB,,,NVIDIA GeForce GTX 1650,4 GB,GDDR6,34.04 cm (13.4 inch),3840 x 2400 Pixel,"WQUXGA LED Backlit LCD Glossy IPS-Level Touch Display with Adaptive Sync (16:10 Aspect Ratio, 60 Hz Refresh Rate, 300 nits Brightness, 1000:1 Contrast Ratio, 82% NTSC Color Gamut, 116% sRGB, 86% Adobe, 85% DCI-P3, Pantone Validated)",60 Hz,Windows 10 Home,64 bit,1.30 kg,
"Lenovo ThinkPad E15 Core i5 11th Gen - (8 GB/512 GB SSD/Windows 10 Home) E15 Laptop  (15.6 inch, Black, 1.7 kg)",4.4,65990,Intel,Core i5,11th Gen,1135G7,2.4 GHz with Turbo Boost Upto 4.2 GHz,,8,DDR4,,Yes,512 GB,,,Intel Integrated UHD,,,39.62 cm (15.6 inch),1920 x 1080 Pixels,Full HD LED Anti-glare Display,,Windows 10 Home,64 bit,1.7 kg,Upto 10.8 Hours
"DELL Inspiron Core i5 11th Gen - (8 GB/512 GB SSD/Windows 10 Home/2 GB Graphics) Inspiron 5518 Thin and Light Laptop  (15.6 inch, Silver, 1.65 kg, With MS Office)",4.5,76499,Intel,Core i5,11th Gen,11300H,Max Turbo Frequency upto 4.40 GHz,4.0,8,DDR4,3200 MHz,Yes,512 GB,,,NVIDIA GeForce MX450,2 GB,GDDR5,39.62 cm (15.6 inch),1920 x 1080 Pixel,FHD LED Backlit WVA Anti-glare Display,,Windows 10 Home,64 bit,1.65 kg,Upto 6 hours
"ASUS Intel EVO Zenbook Flip 13 OLED Touch Panel Core i5 11th Gen - (8 GB/512 GB SSD/Windows 10 Home) UX363EA-HP502TS 2 in 1 Laptop  (13.3 inch, Pine Grey, 1.30 KG, With MS Office)",3.9,79990,Intel,Core i5,11th Gen,1135G7,2.4 GHz with Max Turbo Boost upto 4.2 GHz,4.0,8,DDR4,,Yes,512 GB,,,Intel Integrated Iris Xe,,,33.78 cm (13.3 inch),1920 x 1080 Pixel,"Full HD OLED Glossy Display (400 nits Brightness, DCI-P3 100% Color Gamut, 16:9 Aspect Ratio)",,Windows 10 Home,64 bit,1.30 KG,
"ASUS VivoBook 15 Core i3 10th Gen - (4 GB/1 TB HDD/Windows 10 Home) X515JA-BR381T Thin and Light Laptop  (15.6 inch, Slate Grey, 1.80 kg)",3.7,33990,Intel,Core i3,10th Gen,1005G1,1.2 GHz with Turbo Boost Upto 3.4 GHz,2.0,4,DDR4,,No,,1 TB,,Intel Integrated UHD,,,39.62 cm (15.6 inch),1366 x 768 Pixel,"HD LED Backlit Anti-glare Display (16:9 Aspect Ratio, 45% NTSC Color Gamut, 200 nits Brightness, 83% Screen-to-body Ratio)",,Windows 10 Home,64 bit,1.80 kg,
"ASUS TUF Gaming F15 Core i5 10th Gen - (8 GB/512 GB SSD/Windows 10 Home/4 GB Graphics/NVIDIA GeForce GTX 1650/144 Hz) FX506LH-HN258T Gaming Laptop  (15.6 Inch, Black Plastic, 2.3 KG)",4.5,59990,Intel,Core i5,10th Gen,10300H,2.5 GHz to max turbo frequency at 4.5 Ghz,4.0,8,DDR4,2933 MHz,Yes,512 GB,,,NVIDIA GeForce GTX 1650,4 GB,GDDR6,39.62 cm (15.6 Inch),1920 x 1080 Pixels pixel,"Full HD LED Backlit, IPS Anti-Glare Display (250nits Brightness, 144 Hz Refresh Rate, 45% NTSC Color Gamut, 62.5% sRGB)",144 Hz,Windows 10 Home,64 bit,2.3 KG,
"ASUS Vivobook Gaming Core i5 9th Gen - (8 GB/512 GB SSD/Windows 10 Home/4 GB Graphics/NVIDIA GeForce GTX 1650) F571GT-BN913TS Gaming Laptop  (15.6 inch, Star Black, 2.14 Kg, With MS Office)",4.3,54990,Intel,Core i5,9th Gen,,2.4 GHz with Turbo Boost Upto 4.1 GHz,4.0,8,DDR4,,Yes,512 GB,,,NVIDIA GeForce GTX 1650,4 GB,GDDR5,39.62 cm (15.6 inch),1920 x 1080 Pixels,"Full HD LED Backlit Anti-glare Display (300 nits Brightness, 100% sRGB Color Gamut, 80% Screen-to-body Ratio, IPS-level Panel)",,Windows 10 Home,64 bit,2.14 Kg,
"ASUS TUF Dash F15 (2021) Core i5 11th Gen - (16 GB/512 GB SSD/Windows 10 Home/6 GB Graphics/NVIDIA GeForce RTX 3060/144 Hz) FX516PM-HN156TS Gaming Laptop  (15.6 inch, Moonlight White, 2 KG, With MS Office)",4.4,87490,Intel,Core i5,11th Gen,11300H,3.1 GHz upto max turbo frequency at 4.4 Ghz,4.0,16,DDR4,3200 MHz,Yes,512 GB,,,NVIDIA GeForce RTX 3060,6 GB,GDDR6,39.62 cm (15.6 inch),1920x1080 Pixel,"Full HD LCD LED Backlit, IPS Anti-Glare Display (250nits Brightness, 144 Hz Refresh Rate, 45% NTSC Color Gamut, 62.5% sRGB)",144 Hz,Windows 10 Home,64 bit,2 KG,
"MSI GP65 Leopard Core i7 10th Gen - (16 GB/1 TB HDD/256 GB SSD/Windows 10 Home/6 GB Graphics/NVIDIA GeForce RTX 2060/144 Hz) GP65 Leopard 10SEK-830IN Gaming Laptop  (15.6 inch, Black&Silver, 2.33 kg)",4.5,132490,Intel,Core i7,10th Gen,10750H,2.6 GHz with Turbo Boost Upto 5 GHz,,16,DDR4,,Yes,256 GB,1 TB,,NVIDIA GeForce RTX 2060,6 GB,GDDR6,39.62 cm (15.6 inch),1920 x 1080 Pixels,"Full HD IPS Thin Bezel Display (45% NTSC Color Gamut, 144Hz Refresh Rate)",144 Hz,Windows 10 Home,64 bit,2.33 kg,
"ASUS VivoBook 15 Ryzen 3 Dual Core - (4 GB/256 GB SSD/Windows 10 Home) M515DA-BQ312TS Thin and Light Laptop  (15.6 inch, Transparent Silver, 1.80 Kg, With MS Office)",4.3,32990,AMD,Ryzen 3 Dual Core,,,2.6 GHz with Turbo Boost Upto 3.5 GHz,2.0,4,DDR4,,Yes,256 GB,,,AMD Radeon,,,39.62 cm (15.6 inch),1920 x 1080 Pixels,"Full HD Anti-glare Display (250nits Brightness, 83% Screen-to-body Ratio, IPS-level Panel)",,Windows 10 Home,64 bit,1.80 Kg,
"HP 14s Core i5 11th Gen - (8 GB/512 GB SSD/Windows 10 Home) 14s- DR2016TU Thin and Light Laptop  (14 inch, Natural Silver, 1.46 KG, With MS Office)",4.2,58498,Intel,Core i5,11th Gen,1135G7,4.2 GHz with Turbo Boost Technology,4.0,8,DDR4,2666 MHz,Yes,512 GB,,,Intel Integrated Iris Xe,,,35.56 cm (14 inch),1920 x 1080 Pixel,"Full HD LED Backlit, IPS Micro-Edge BrightView (250 nits Brightness, 157 PPI, 45% NTSC Color Gamut)",,Windows 10 Home,64 bit,1.46 KG,
"acer Aspire 5 Core i5 11th Gen - (8 GB/512 GB SSD/Windows 10 Home) A515-56-5695 Thin and Light Laptop  (15.6 inch, Silver, 1.65 KG, With MS Office)",4.2,54990,Intel,Core i5,11th Gen,1135G4,,,8,DDR4,,Yes,512 GB,,,Intel Integrated Iris Xe,,,39.62 cm (15.6 inch),1920 x 1080 Pixel,Full HD LED-Backlit TFT LCD Display (16:9 Aspect Ratio),,Windows 10 Home,64 bit,1.65 KG,Upto 9.5 Hours
"DELL Inspiron Ryzen 3 Dual Core 3250U - (8 GB/1 TB HDD/Windows 10) Inspiron 3505 Notebook  (15.6 inch, Softmint, 1.83 Kg, With MS Office)",4.1,39990,AMD,Ryzen 3 Dual Core,,3250U,2.3 GHz to max turbo frequency at 3.5 Ghz,2.0,8,DDR4,2400 Mhz,No,,1 TB,,AMD Radeon Vega,,,39.62 cm (15.6 inch),1920x1080 Pixel,FHD LED Backlit Anti-Glare Display,,Windows 10,64 bit,1.83 Kg,Upto 7 hours
"acer Nitro 5 Ryzen 5 Hexa Core 4600H - (8 GB/1 TB HDD/256 GB SSD/Windows 10 Home/4 GB Graphics/NVIDIA GeForce GTX 1650) AN515-44/ AN515-44-R9QA / AN515-44-R8VS Gaming Laptop  (15.6 inch, Obsidian Black, 2.3 kg)",4.5,60990,AMD,Ryzen 5 Hexa Core,,4600H,3 GHz with Turbo Boost Upto 4 GHz,6.0,8,DDR4,3200 MHz,Yes,256 GB,1 TB,,NVIDIA GeForce GTX 1650,4 GB,GDDR6,39.62 cm (15.6 inch),1920 x 1080 Pixel,Full HD LED Backlit ComfyView IPS Display (16:9 Aspect Ratio),,Windows 10 Home,64 bit,2.3 kg,
"DELL Vostro Core i3 11th Gen - (8 GB/1 TB HDD/Windows 10) vostro 3400/vostro 3401 Thin and Light Laptop  (14 inch, Accent Black, 1.58 kg, With MS Office)",4.0,40990,Intel,Core i3,11th Gen,i3-1115G4,1.7 GHz with Turbo Boost Upto 4.1 GHz,2.0,8,DDR4,2666 MHz,No,,1 TB,,Intel Integrated UHD,,,35.56 cm (14 inch),1920 x 1080 Pixels,Full HD Anti Glare Display,,Windows 10,64 bit,1.58 kg,Upto 10 Hours
"HP 14s Ryzen 5 Hexa Core 5500U - (8 GB/512 GB SSD/Windows 10 Home) 14s-fq1030AU Thin and Light Laptop  (14 Inch, Natural Silver, 1.46 KG, With MS Office)",4.4,51900,AMD,Ryzen 5 Hexa Core,,5500U,4.0 GHz Max Turbo Frequency,6.0,8,DDR4,3200 MHz,Yes,512 GB,,,AMD Radeon,,,35.56 cm (14 Inch),1920 x 1080 Pixel,"Full HD IPS BrightView Micro Edge Display (250 nits Brightness, 45% NTSC Color Gamut, 157 PPI)",,Windows 10 Home,64 bit,1.46 KG,
"DELL Vostro Core i5 11th Gen - (8 GB/512 GB SSD/Windows 10/2 GB Graphics) Vostro 3400 Thin and Light Laptop  (14 inch, Dune, 1.58 kg, With MS Office)",4.0,55690,Intel,Core i5,11th Gen,i5-1135G7,2.4 GHz with Turbo Boost Upto 4.2 GHz,4.0,8,DDR4,2666 MHz,Yes,512 GB,,,NVIDIA GeForce MX330,2 GB,GDDR5,35.56 cm (14 inch),1920 x 1080 Pixels,Full HD Anti Glare Display,,Windows 10,64 bit,1.58 kg,Upto 10 Hours
"HP 15s Core i5 11th Gen - (8 GB/512 GB SSD/Windows 10 Home/2 GB Graphics) 15s-DR3500TX Thin and Light Laptop  (15.6 inch, Natural Silver, 1.75 kg, With MS Office)",4.2,60990,Intel,Core i5,11th Gen,1135G7,4.20 GHz Max Turbo Frequency,4.0,8,DDR4,2666 MHz,Yes,512 GB,,,NVIDIA GeForce MX350,2 GB,GDDR5,39.62 cm (15.6 inch),1920 x 1080 Pixel,"Full HD LED Backlit Anti-glare Micro-edge Display (250 nits Brightness, 45% NTSC Color Gamut, 141 PPI)",,Windows 10 Home,64 bit,1.75 kg,Upto 12 hours
"acer Aspire 5 Ryzen 7 Octa Core 5700U - (8 GB/512 GB SSD/Windows 10 Home) A515-45-R9PX Thin and Light Laptop  (15.6 inch, Silver, 1.76 kg)",,57990,AMD,Ryzen 7 Octa Core,,5700U,,8.0,8,DDR4,,Yes,512 GB,,,AMD Radeon AMD,,,39.62 cm (15.6 inch),1920 x 1080 Pixel,"Full HD, High Brightness Acer ComfyView LED Backlit TFT LCD, 16:9 Aspect Ratio, Ultra Slim Design, Mercury Free, Environment Friendly",,Windows 10 Home,64 bit,1.76 kg,Upto 13.5 hours
"acer Aspire 5 Ryzen 5 Hexa Core 5500U - (8 GB/512 GB SSD/Windows 10 Home) A515-45-R0HB Thin and Light Laptop  (15.6 inch, Silver, 1.76 kg)",4.3,49990,AMD,Ryzen 5 Hexa Core,,5500U,,6.0,8,DDR4,,Yes,512 GB,,,AMD Radeon,,,39.62 cm (15.6 inch),1920 x 1080 Pixels,Full HD LED Backlit IPS Comfy View Display,,Windows 10 Home,64 bit,1.76 kg,Upto 13.5 hours
"acer Core i7 8th Gen - (8 GB/1 TB HDD/Windows 10 Home) Z2-485 Thin and Light Laptop  (14 inch, Black, 1.8 Kg)",3.9,42990,Intel,Core i7,8th Gen,,,,8,DDR4,,No,,1 TB,,Intel Integrated UHD 620,,,35.56 cm (14 inch),1366 x 768 Pixels,HD LED Backlit TFT LCD Display (16:9 Aspect Ratio),,Windows 10 Home,64 bit,1.8 Kg,
"ASUS ZenBook Duo 14 (2021) Touch Panel Core i5 11th Gen - (16 GB/512 GB SSD/Windows 10 Home/2 GB Graphics) UX482EG-KA521TS Thin and Light Laptop  (14 inch, Celestial Blue, 1.62 kg, With MS Office)",4.4,114990,Intel,Core i5,11th Gen,1135G7,2.4 GHz with Turbo Boost Upto 4.2 GHz,4.0,16,LPDDR4X,4266 MHz,Yes,512 GB,,,NVIDIA GeForce MX450,2 GB,GDDR6,35.56 cm (14 inch),1920 x 1080 Pixels,"Full HD LED Backlit LCD IPS-level Anti-Glare Touch Display (400 nits Brightness, 100% sRGB Color Gamut, Pantone Validated, 93% Screen to Body Ratio)",,Windows 10 Home,64 bit,1.62 kg,
"HP 15s Ryzen 5 Quad Core 3500U - (8 GB/512 GB SSD/Windows 10 Home) 15s-eq0500AU Thin and Light Laptop  (15.6 inch, Natural Silver, 1.69 KG, With MS Office)",4.4,53990,AMD,Ryzen 5 Quad Core,,3500U,2.1 GHz with Turbo Boost Upto 3.7 GHz,4.0,8,DDR4,2400 MHz,Yes,512 GB,,,AMD Radeon Vega 8,,,39.62 cm (15.6 inch),1920 x 1080 Pixel,"Full HD WLED Backlit, Anti-Glare Micro-Edge Display (220 nits Brightness, 141 PPI, 45% NTSC Color Gamut)",,Windows 10 Home,64 bit,1.69 KG,
"HP 14s Core i5 11th Gen - (8 GB/512 GB SSD/Windows 10 Home) 14s- DQ2535TU Thin and Light Laptop  (14 inch, Natural Silver, 1.46 KG, With MS Office)",4.3,63500,Intel,Core i5,11th Gen,1135G7,4.2 GHz with Max Turbo Frequency,4.0,8,DDR4,2666 MHz,Yes,512 GB,,,Intel Integrated Iris Xe,,,35.56 cm (14 inch),1366 x 768 Pixel,"HD LED Backlit Micro-Edge Display (250nits Brightness, 45% NTSC Color Gamut, 112 PPI)",,Windows 10 Home,64 bit,1.46 KG,
"ASUS ZenBook Duo 14 (2021) Touch Panel Intel EVO Core i5 11th Gen - (8 GB/512 GB SSD/Windows 10 Home) UX482EA-KA501TS Thin and Light Laptop  (14 inch, Celestial Blue, 1.62 kg, With MS Office)",4.9,101990,Intel,Core i5,11th Gen,1135G7,2.4 GHz with Turbo Boost Upto 4.2 GHz,4.0,8,LPDDR4X,4266 MHz,Yes,512 GB,,,Intel Integrated Iris Xe,,,35.56 cm (14 inch),1920 x 1080 Pixels,"Full HD LED Backlit LCD IPS-level Anti-Glare Touch Display (400 nits Brightness, 100% sRGB Color Gamut, Pantone Validated, 93% Screen to Body Ratio)",,Windows 10 Home,64 bit,1.62 kg,
"ASUS Ryzen 5 Hexa Core - (8 GB/1 TB HDD/256 GB SSD/Windows 10 Home) KM513UA-BQ512TS Thin and Light Laptop  (15.6 inch, Indie Black, 1.80 kg, With MS Office)",,75100,AMD,Ryzen 5 Hexa Core,,,2.1 GHz with Turbo Boost Upto 4.0 GHz,6.0,8,DDR4,,Yes,256 GB,1 TB,,AMD Radeon Intel HD Graphics 5500,,,39.62 cm (15.6 inch),1920 x 1080 Pixels,"Full HD LED Backlit Anti-glare Display (250 nits Brightness, 45% NTSC Color Gamut, IPS Level Panel)",,Windows 10 Home,64 bit,1.80 kg,
"ASUS Core i3 11th Gen - (8 GB/512 GB SSD/Windows 10 Home) K413EA-EB303TS Thin and Light Laptop  (14 inch, Transparent Silver, 1.4 KG, With MS Office)",4.3,46990,Intel,Core i3,11th Gen,1115G4,3.0 GHz with Turbo Boost Upto 4.1 GHz,2.0,8,DDR4,,Yes,512 GB,,,Intel Integrated UHD,,,35.56 cm (14 inch),1920 x 1080 Pixel,"Full HD LED Backlit, Anti-Glare IPS Display (250 nits Brightness, 45% NTSC Color Gamut)",,Windows 10 Home,64 bit,1.4 KG,
"ASUS Ryzen 5 Hexa Core - (8 GB/512 GB SSD/Windows 10 Home) M515UA-EJ512TS Thin and Light Laptop  (15.6 inch, Transparent Silver, 1.80 Kg, With MS Office)",4.5,48999,AMD,Ryzen 5 Hexa Core,,,2.1 GHz with Turbo Boost Upto 4.0 GHz,6.0,8,DDR4,,Yes,512 GB,,,AMD Radeon,,,39.62 cm (15.6 inch),1920 x 1080 Pixels,"Full HD Anti-glare Display (200 nits Brightness, 45% NTSC Color Gamut)",,Windows 10 Home,64 bit,1.80 Kg,
"acer Predator Helios 300 Octa Core i7 10th Gen - (16 GB/1 TB HDD/256 GB SSD/Windows 10 Home/6 GB Graphics/NVIDIA GeForce RTX 3060/144 Hz) PH315-53 Gaming Laptop  (15.6 inch, Black, 2.3 kg)",4.5,99990,Intel,Octa Core i7,10th Gen,10870H,,,16,DDR4,,Yes,256 GB,1 TB,,NVIDIA GeForce RTX 3060,6 GB,GDDR6,39.62 cm (15.6 inch),1920 x 1080 Pixels,"Full HD LED Backlit IPS ComfyView Display (300 nits Brightness, 72% NTSC Color Gamut)",144 Hz,Windows 10 Home,64 bit,2.3 kg,
"DELL Inspiron Core i3 10th Gen - (8 GB/1 TB HDD/Windows 10 Home) Inspiron 3501 Thin and Light Laptop  (15.6 inch, Softmint, 1.83 kg, With MS Office)",4.1,43000,Intel,Core i3,10th Gen,1005G1,1.2 GHz with Turbo Boost Upto 3.4 GHz,2.0,8,DDR4,2666 MHz,No,,1 TB,,Intel Integrated UHD,,,39.62 cm (15.6 inch),1920 x 1080 Pixel,Full HD LED Backlit Anti Glare Display,,Windows 10 Home,64 bit,1.83 kg,Upto 8 Hours
"ASUS Zenbook Flip 13 OLED Touch Panel Intel EVO Core i5 11th Gen - (8 GB/512 GB SSD/Windows 10 Home) UX363EA-HP501TS 2 in 1 Laptop  (13.3 inch, Pine Grey, 1.30 kg, With MS Office)",4.3,79990,Intel,Core i5,11th Gen,1135G7,4.20 GHz Max Turbo Frequency,4.0,8,DDR4,,Yes,512 GB,,,Intel Integrated Iris Xe,,,33.78 cm (13.3 inch),1920 x 1080 Pixel,"Full HD OLED Glossy Touch Display (400 nits Brightness, 100% DCI-P3 Color Gamut, 80% Screen-to-body Ratio, Pantone Validated)",,Windows 10 Home,64 bit,1.30 kg,
"Lenovo ThinkPad E15 Core i3 11th Gen - (4 GB/256 GB SSD/Windows 10 Home) E15 Laptop  (15.6 inch, Black, 1.7 kg, With MS Office)",4.2,44990,Intel,Core i3,11th Gen,1115G4,3.0 GHz with Turbo Boost Upto 4.1 GHz,,4,DDR4,,Yes,256 GB,,,Intel Integrated UHD,,,39.62 cm (15.6 inch),1920 x 1080 Pixels,Full HD LED Anti-glare Display,,Windows 10 Home,64 bit,1.7 kg,Upto 10.8 Hours
"Lenovo ThinkPad E15 Core i5 11th Gen - (8 GB/512 GB SSD/Windows 10 Home) E15 Laptop  (15.6 inch, Black, 1.7 kg, With MS Office)",4.4,66490,Intel,Core i5,11th Gen,1135G7,2.4 GHz with Turbo Boost Upto 4.2 GHz,,8,DDR4,,Yes,512 GB,,,Intel Integrated UHD,,,39.62 cm (15.6 inch),1920 x 1080 Pixels,Full HD LED Anti-glare Display,,Windows 10 Home,64 bit,1.7 kg,Upto 10.8 Hours
"Lenovo Yoga S7 Carbon Core i7 11th Gen - (16 GB/1 TB SSD/Windows 11 Home) Yoga Slim 7 Carbon 13itl5 Thin and Light Laptop  (13.3 inch, Moon White, 0.996 kg, With MS Office)",,122488,Intel,Core i7,11th Gen,1165G7,2.80 GHz with Turbo Boost Upto 4.70 GHz,4.0,16,LPDDR4X,3200 MHz,Yes,1 TB,,,Intel Integrated Integrated Intel IRIS XE Graphics,,GDDR5,33.78 cm (13.3 inch),1920 x 1080 Pixel,"Full HD LED Backlit Glossy IPS Display (300 nits Brightness, 16:9 Aspect Ratio, 100% sRGB)",,Windows 11 Home,64 bit,0.996 kg,Upto 14 hours
"HP Chromebook MediaTek Kompanio 500 - (4 GB/64 GB EMMC Storage/Chrome OS) 11A-NA0002MU Chromebook  (11.6 inch, Indigo Blue, 1.07 kg)",3.8,20490,MediaTek,MediaTek Kompanio 500,,MT8183,2 GHz,8.0,4,DDR4,3200 MHz,No,,,64 GB,MediaTek Integrated,,,29.46 cm (11.6 inch),1366 x 768 Pixel,"HD LED Backlit Anti-glare Display (220 nits Brightness, 45% Color Gamut, 73.8% Screen to Body Ratio)",,Chrome,32 bit,1.07 kg,
"acer Nitro 5 Ryzen 5 Hexa Core 5600H - (16 GB/1 TB HDD/256 GB SSD/Windows 10 Home/6 GB Graphics/NVIDIA GeForce RTX 3060/144 Hz) AN515-45-R3TC Gaming Laptop  (15.6 inch, Black, 2.4 kg)",4.5,94990,AMD,Ryzen 5 Hexa Core,,5600H,,6.0,16,DDR4,,Yes,256 GB,1 TB,,NVIDIA GeForce RTX 3060,6 GB,GDDR6,39.62 cm (15.6 inch),1920 x 1080 Pixels,Full HD LED Backlit IPS ComfyView Display,144 Hz,Windows 10 Home,64 bit,2.4 kg,
"DELL Core i5 11th Gen - (8 GB/1 TB HDD/Windows 10 Home) Vostro 14 3400 Laptop  (14 inch, Dune, With MS Office)",,58990,Intel,Core i5,11th Gen,,,,8,DDR4,,No,,1 TB,,Intel Integrated intel,,,35.56 cm (14 inch),1920 X 1080 pixel,,,Windows 10 Home,,,upto 5 hours
"Lenovo Core i5 10th Gen - (8 GB/1 TB HDD/256 GB SSD/Windows 10 Home) 81VV008TIN Laptop  (14 inch, Platinum Grey, With MS Office)",,58999,Intel,Core i5,10th Gen,,,,8,DDR4,,Yes,256 GB,1 TB,,Intel Integrated Core i5,,,35.56 cm (14 inch),1920 x 1080 pixel,,,Windows 10 Home,,,UPTO 4 HOURS
"Lenovo Core i9 10th Gen - (16 GB/1 TB SSD/Windows 10/8 GB Graphics/NVIDIA GeForce RTX 2080 super max-q) 81YU006HIN Gaming Laptop  (15.6 inch, Slate Grey, With MS Office)",,265998,Intel,Core i9,10th Gen,,,,16,DDR4,,Yes,1 TB,,,NVIDIA GeForce RTX 2080 super max-q,8 GB,GDDR6,39.62 cm (15.6 inch),1920*1080 pixel,,,Windows 10,,,Upto 7 hours
"HP Core i3 11th Gen - (8 GB/256 GB SSD/Windows 10 Home) 15s-FQ2075TU Thin and Light Laptop  (15.6 inch, Jet Black, 1.69 Kg, With MS Office)",4.2,45900,Intel,Core i3,11th Gen,1115G4,4.1 GHz Max Turbo Frequency,2.0,8,DDR4,,Yes,256 GB,,,Intel Integrated UHD,,,39.62 cm (15.6 inch),1920 x 1080 Pixels,"Full HD Micro-Edge Anti-Glare Display (250 nits Brightness, 45% NTSC Color Gamut, 141 PPI)",,Windows 10 Home,64 bit,1.69 Kg,
"Lenovo Core i5 7th Gen - (4 GB/1 TB HDD/Windows 10 Home/2 GB Graphics) 520s Laptop  (14 inch, Gold, With MS Office)",,55999,Intel,Core i5,7th Gen,,,,4,DDR4,,No,,1 TB,,NVIDIA GeForce NVIDIA,2 GB,DDR4,35.56 cm (14 inch),1920x1080 pixel,,,Windows 10 Home,,,upto 6 hours
"Lenovo Yoga 6 Ryzen 7 Octa Core 4700U - (16 GB/512 GB SSD/Windows 10 Home) 13ARE05 2 in 1 Laptop  (13.3 inch, Abyss Blue, 1.32 Kg, With MS Office)",4.5,79990,AMD,Ryzen 7 Octa Core,,4700U,2 GHz with Turbo Boost Upto 4.1 GHz,8.0,16,DDR4,,Yes,512 GB,,,AMD Radeon,,,33.78 cm (13.3 inch),1920 x 1080 Pixels,"Full HD IPS Glossy Touch Display (300 nits Brightness, 72% NTSC Color Gamut)",,Windows 10 Home,64 bit,1.32 Kg,Upto 18
"Lenovo IdeaPad Flex 5 Core i7 11th Gen - (16 GB/512 GB SSD/Windows 10 Home) 14ITL05 2 in 1 Laptop  (14 inch, Graphite Grey, 1.5 kg, With MS Office)",4.4,81990,Intel,Core i7,11th Gen,,2.8 GHz with Turbo Boost Upto 4.7 GHz,4.0,16,DDR4,,Yes,512 GB,,,Intel Integrated Iris Xe,,,35.56 cm (14 inch),1920 x 1080 Pixels,"Full HD IPS Touch Display (250 nits Glossy, 45% NTSC)",,Windows 10 Home,64 bit,1.5 kg,Upto 10 Hours
"MSI Modern 14 Core i5 10th Gen - (8 GB/512 GB SSD/Windows 10 Home) Modern 14 B10MW-423IN Laptop  (14 inch, Carbon Grey, 1.3 kg)",4.5,56490,Intel,Core i5,10th Gen,10210U,1.6 GHz with Turbo Boost Upto 4.2 GHz,4.0,8,DDR4,2666 MHz,Yes,512 GB,,,Intel Integrated UHD,,,35.56 cm (14 inch),1920 x 1080 Pixel,Full HD LED Backlit IPS Display (60 Hz Refresh Rate),,Windows 10 Home,64 bit,1.3 kg,
"HP 15s Core i3 11th Gen - (8 GB/1 TB HDD/Windows 10 Home) 15s-dy3001TU Thin and Light Laptop  (15.6 inch, Jet Black, 1.77 Kg, With MS Office)",4.1,43690,Intel,Core i3,11th Gen,1115G4,3.5 GHz,2.0,8,DDR4,2666 MHz,No,,1 TB,,Intel Integrated UHD,,,39.62 cm (15.6 inch),1920 x 1080 Pixels,"Full HD Micro-Edge Anti-Glare Display (250 nits Brightness, 45% NTSC Color Gamut, 141 PPI)",,Windows 10 Home,64 bit,1.77 Kg,Upto 12 hours
"HP 14s Core i3 11th Gen - (8 GB/256 GB SSD/Windows 10 Home) 14s-dy2500TU Thin and Light Laptop  (14 inch, Jet Black, 1.46 kg, With MS Office)",4.2,37990,Intel,Core i3,11th Gen,,4.1 GHz Max Turbo Frequency,2.0,8,DDR4,2666 MHz,Yes,256 GB,,,Intel Integrated UHD,,,35.56 cm (14 inch),1920 x 1080 Pixels,Full HD WLED-backlit IPS BrightView Micro-edge Display,,Windows 10 Home,64 bit,1.46 kg,Upto 12 Hours
"ASUS Ryzen 3 Dual Core 3250U - (4 GB/256 GB SSD/Windows 10 Home) M515DA-EJ312TSM515D Thin and Light Laptop  (15.6 inch, Transparent Silver, 1.80 Kg, With MS Office)",4.3,32490,AMD,Ryzen 3 Dual Core,,3250U,2.6 GHz with Turbo Boost Upto 3.5 GHz,2.0,4,DDR4,,Yes,256 GB,,,AMD Radeon AMD Readon,,,39.62 cm (15.6 inch),1920 x 1080 Pixels,"Full HD Anti-Glare Display (200 nits Brightness, 45% NTSC Color Gamut, 83% Screen-to-Body Ratio)",,Windows 10 Home,64 bit,1.80 Kg,
"Lenovo IdeaPad Gaming 3 Ryzen 7 Octa Core 4800H - (8 GB/512 GB SSD/Windows 10 Home/4 GB Graphics/NVIDIA GeForce GTX 1650/60 Hz) 15ARH05 Gaming Laptop  (15.6 inch, Onyx Black, 2.2 kg, With MS Office)",4.4,82000,AMD,Ryzen 7 Octa Core,,4800H,2.9 GHz with Turbo Boost Upto 4.2 GHz,8.0,8,DDR4,3200 MHz,Yes,512 GB,,,NVIDIA GeForce GTX 1650,4 GB,GDDR6,39.62 cm (15.6 inch),1920 x 1080 Pixel,"Full HD LED Backlit Anti-glare IPS Display (60Hz Refresh Rate, 250 nits Brightness, 3 Sided Narrow Bezel (Active Area 83%))",60 Hz,Windows 10 Home,64 bit,2.2 kg,Upto 6.7 hours
"ASUS TUF Gaming F15 Core i5 10th Gen - (16 GB/512 GB SSD/Windows 10 Home/6 GB Graphics/NVIDIA GeForce GTX 1660 Ti/144 Hz) FX506LU-HN075T Gaming Laptop  (15.6 inch, Black Plastic, 2.30 kg)",4.9,82990,Intel,Core i5,10th Gen,10300H,2.5 GHz with Turbo Boost Upto 4.5 GHz,4.0,16,DDR4,2933 MHz,Yes,512 GB,,,NVIDIA GeForce GTX 1660 Ti,6 GB,GDDR6,39.62 cm (15.6 inch),1920 x 1080 Pixel,"Full HD LED Backlit Anti-glare IPS Display (16:9 Aspect Ratio, 250 nits Brightness, 1000:1 Contrast Ratio, 45% NTSC Color Gamut, 62.5% sRGB, 47.1% Adobe, 144 Hz Refresh Rate)",144 Hz,Windows 10 Home,64 bit,2.30 kg,
"HP Core i3 11th Gen - (8 GB/512 GB SSD/Windows 10 Home) 15s-FR2006TU Thin and Light Laptop  (15.6 inch, Natural Silver, 1.75 Kg, With MS Office)",4.3,44800,Intel,Core i3,11th Gen,1115G4,4.1 GHz with Turbo Frequency,2.0,8,DDR4,,Yes,512 GB,,,Intel Integrated UHD,,,39.62 cm (15.6 inch),1920 x 1080 Pixels,"Full HD IPS Micro-Edge Anti-Glare Display (250 nits Brightness, 45% NTSC Color Gamut, 141 PPI)",,Windows 10 Home,64 bit,1.75 Kg,
"HP Pavilion Core i5 11th Gen - (16 GB/512 GB SSD/Windows 10 Home/2 GB Graphics) 14-dv0084TX Thin and Light Laptop  (14 inch, Natural Silver, 1.41 kg, With MS Office)",4.3,74990,Intel,Core i5,11th Gen,,Upto 4.2 GHz,4.0,16,DDR4,,Yes,512 GB,,,NVIDIA GeForce MX450,2 GB,GDDR5,35.56 cm (14 inch),1920 x 1080 Pixels,"Full HD, IPS, Micro-edge, Anti-glare, Micro Bezel Display",,Windows 10 Home,64 bit,1.41 kg,
"HP Core i5 11th Gen - (8 GB + 32 GB Optane/512 GB SSD/Windows 10 Home) 15s-FQ2071TU Thin and Light Laptop  (15.6 inch, Jet Black, 1.69 kg, With MS Office)",4.3,61000,Intel,Core i5,11th Gen,,Up to 4.2 GHz,4.0,8,DDR4,,Yes,512 GB,,,Intel Integrated Iris Xe,,,39.62 cm (15.6 inch),1920 x 1080 Pixels,"Diagonal, FHD, Micro-edge, Anti-glare Display",,Windows 10 Home,64 bit,1.69 kg,
"HP Core i3 11th Gen - (8 GB/512 GB SSD/Windows 10 Home) 15s-FR2006TU Thin and Light Laptop  (15.6 inch, Natural Silver, 1.75 Kg, With MS Office)",4.3,48900,Intel,Core i3,11th Gen,1115G4,4.1 GHz with Turbo Frequency,2.0,8,DDR4,,Yes,512 GB,,,Intel Integrated UHD,,,39.62 cm (15.6 inch),1920 x 1080 Pixels,"Full HD IPS Micro-Edge Anti-Glare Display (250 nits Brightness, 45% NTSC Color Gamut, 141 PPI)",,Windows 10 Home,64 bit,1.75 Kg,
"HP 15s Core i5 11th Gen - (8 GB/512 GB SSD/Windows 10 Home) 15s-FQ2535TU Thin and Light Laptop  (15.6 inch, Natural Silver, 1.69 kg, With MS Office)",4.4,60390,Intel,Core i5,11th Gen,1135G7,4.20 GHz Max Turbo Frequency,4.0,8,DDR4,2666 MHz,Yes,512 GB,,,Intel Integrated Iris Xe,,,39.62 cm (15.6 inch),1920 x 1080 Pixel,"Full HD LED Backlit Anti-glare Micro-edge Display (250 nits Brightness, 45% NTSC Color Gamut, 141 PPI)",,Windows 10 Home,64 bit,1.69 kg,Upto 12 Hours
"Lenovo Ideapad Flex 5 Core i3 11th Gen - (8 GB/512 GB SSD/Windows 10 Home) 14itl05 2 in 1 Laptop  (14 inch, Graphite Grey, 1.5 kg, With MS Office)",3.5,57899,Intel,Core i3,11th Gen,1005G1,1.2 GHz with Turbo Boost Upto 3.4 GHz,2.0,8,DDR4,3200 MHz,Yes,512 GB,,,Intel Integrated UHD,,,35.56 cm (14 inch),1920 x 1080 Pixel,Full HD LED Backlit Glossy IPS Display (250 nits Brightness),,Windows 10 Home,64 bit,1.5 kg,Upto 10 hours
"Lenovo IdeaPad Flex 5 Core i3 11th Gen - (8 GB/512 GB SSD/Windows 10 Home) 14ITL05 2 in 1 Laptop  (14 inch, Graphite Grey, 1.5 kg, With MS Office)",4.5,53990,Intel,Core i3,11th Gen,,3.0 GHz with Turbo Boost Upto 4.1 GHz,2.0,8,DDR4,,Yes,512 GB,,,Intel Integrated UHD,,,35.56 cm (14 inch),1920x1080 Pixels,Full HD IPS 250nits Glossy,,Windows 10 Home,64 bit,1.5 kg,10
"APPLE 2020 Macbook Air M1 - (8 GB/512 GB SSD/Mac OS Big Sur) MGNA3HN/A  (13.3 inch, Silver, 1.29 kg)",4.7,102990,Apple,M1,,Apple M1 Chip,,8.0,8,DDR4,,Yes,512 GB,,,,,,33.78 cm (13.3 inch),2560 x 1600 Pixel,"Quad LED Backlit IPS Display (227 PPI, 400 nits Brightness, Wide Colour (P3), True Tone Technology)",,Mac OS Big Sur,,1.29 kg,Upto 15 Hours
"acer Aspire 7 Ryzen 5 Hexa Core 5500U - (8 GB/512 GB SSD/Windows 10 Home/4 GB Graphics/NVIDIA GeForce GTX 1650) A715-42G Gaming Laptop  (15.6 inch, Black, 2.15 kg)",4.5,54990,AMD,Ryzen 5 Hexa Core,,5500U,2.1 GHz with Turbo Boost Upto 4.0 GHz,6.0,8,DDR4,,Yes,512 GB,,,NVIDIA GeForce GTX 1650,4 GB,GDDR6,39.62 cm (15.6 inch),1920 x 1080 Pixel,"Full HD LED Backlit IPS ComfyView Display (16:9 Aspect Ratio, 45% NTSC Color Gamut)",,Windows 10 Home,64 bit,2.15 kg,
"Lenovo Ideapad Flex 5 Core i3 11th Gen - (8 GB/256 GB SSD/Windows 11 Home) Ideapad Flex 5 14LT05 UA 2 in 1 Laptop  (14 inch, Graphite Grey, 1.5 kg, With MS Office)",4.4,51990,Intel,Core i3,11th Gen,1115G4,4.10 GHz Max Turbo Frequency,2.0,8,DDR4,3200 MHz,Yes,256 GB,,,Intel Integrated UHD,,,35.56 cm (14 inch),1920 x 1080 Pixel,"Full HD LED Backlit IPS Glossy Multi-touch Display (250 nits Brightness, 45% NTSC Color Gamut)",,Windows 11 Home,64 bit,1.5 kg,Upto 10 Hours
"HP Pavilion x360 Core i3 11th Gen - (8 GB/512 GB SSD/Windows 10 Home) 14-dw1037TU 2 in 1 Laptop  (14 inch, Natural Silver, 1.61 kg, With MS Office)",4.3,55490,Intel,Core i3,11th Gen,1115G4,4.10 GHz Max Turbo Frequency,2.0,8,DDR4,3200 MHz,Yes,512 GB,,,Intel Integrated UHD,,,35.56 cm (14 inch),1920 x 1080 Pixel,"Full HD LED Backlit IPS Micro-edge Multi-touch Display (250 nits Brightness, 45% NTSC Color Gamut, 157 PPI, 82.47% Screen to Body Ratio)",,Windows 10 Home,64 bit,1.61 kg,
"Lenovo Ideapad S 540 Core i5 10th Gen - (8 GB/1 TB HDD/256 GB SSD/Windows 10 Home/2 GB Graphics) 540-15IML Thin and Light Laptop  (15.6 inch, Mineral Grey, 1.8 kg, With MS Office)",4.4,60870,Intel,Core i5,10th Gen,10210U,1.6 GHz with Turbo Boost Upto 4.2 GHz,4.0,8,DDR4,2400 MHz,Yes,256 GB,1 TB,,NVIDIA GeForce MX250,2 GB,GDDR5,39.62 cm (15.6 inch),1920 x 1080 Pixel,"Full HD LED Backlit Anti Glare IPS Display (16:9 Aspect Ratio, 250 nits Brightness, 45% NTSC Color Gamut)",,Windows 10 Home,64 bit,1.8 kg,Upto 12 hours
"lenovo Yoga 9 Core i7 11th Gen Intel EVO - (16 GB/1 TB SSD/Windows 10 Home) 14ITL5 2 in 1 Laptop  (14 inch, Shadow Black, 1.44 kg, With MS Office)",,168998,Intel,Core i7,11th Gen,1185G7,3 GHz with Turbo Boost Upto 4.8 GHz,4.0,16,LPDDR4X,4266 MHz,Yes,1 TB,,,Intel Integrated Iris Xe,,,35.56 cm (14 inch),3840 x 2160 Pixel,"UHD HD LED Backlit Glossy IPS Multi-touch Display (500 nits Brightness, 90% DCI-P3, 16:9 Aspect Ratio, VESA HDR 400)",,Windows 10 Home,64 bit,1.44 kg,Upto 10 hours
"HP 430 G8 Core i5 11th Gen - (8 GB/512 GB SSD/Windows 10 Pro) ProBook 430 G8 Business Laptop  (13.3 inch, Pike Silver)",,94000,Intel,Core i5,11th Gen,,,,8,DDR4,,Yes,512 GB,,,,,,33.78 cm (13.3 inch),1366 x 768 pixel,,,Windows 10 Pro,,,up to 8 hrs
"DELL INSPIRON Core i3 10th Gen - (8 GB/1 TB HDD/Windows 10 Home) Inspiron 3501 Laptop  (14.96 Inch, Black, With MS Office)",4.0,42090,Intel,Core i3,10th Gen,,,,8,DDR4,,No,,1 TB,,Intel Integrated Intel Integrated UHD,,,38.0 cm (14.96 Inch),1980 x 1080 pixel,,,Windows 10 Home,,,Upto 6hrs
"lenovo Yoga 7 Core i7 11th Gen Intel EVO - (16 GB/512 GB SSD/Windows 10 Home) 14ITL5 2 in 1 Laptop  (14 inch, Slate Grey, 1.43 kg, With MS Office)",4.6,99990,Intel,Core i7,11th Gen,1165G7,2.8 GHz with Turbo Boost Upto 4.7 GHz,4.0,16,DDR4,3200 MHz,Yes,512 GB,,,Intel Integrated Iris Xe,,,35.56 cm (14 inch),1920 x 1080 Pixel,"Full HD HD LED Backlit Glossy IPS Multi-touch Display (300 nits Brightness, 72% NTSC Color Gamut, 16:9 Aspect Ratio)",,Windows 10 Home,64 bit,1.43 kg,upto 10 Hours
"Lenovo Legion Y540 Core i5 9th Gen - (8 GB/1 TB HDD/256 GB SSD/Windows 10 Home/4 GB Graphics/NVIDIA GeForce GTX 1650/60 Hz) Y540-15IRH-PG0 Gaming Laptop  (15.6 inch, Raven Black, 2.3 kg)",4.4,64390,Intel,Core i5,9th Gen,9300HF,2.4 GHz with Turbo Boost Upto 4.1 GHz,4.0,8,DDR4,2666 MHz,Yes,256 GB,1 TB,,NVIDIA GeForce GTX 1650,4 GB,GDDR5,39.62 cm (15.6 inch),1920 x 1080 Pixel,"Full HD LED Backlit Anti-glare IPS Display (250 nits Brightness, 45% NTSC Color Gamut, 60 Hz Refresh Rate, 16:9 Aspect Ratio)",60 Hz,Windows 10 Home,64 bit,2.3 kg,Upto 4.5 hours
"DELL Vostro Core i5 11th Gen - (8 GB/1 TB HDD/Windows 10 Home) Vostro 3400 Thin and Light Laptop  (14 inch, Black, 1.58 kg, With MS Office)",3.6,51990,Intel,Core i5,11th Gen,1135G7,4.20 GHz Max Turbo Frequency,4.0,8,DDR4,2666 MHz,No,,1 TB,,Intel Integrated Iris Xe,,,35.56 cm (14 inch),1920 x 1080 Pixel,Full HD LED Backlit Anti Glare Display,,Windows 10 Home,64 bit,1.58 kg,Upto 10 hours
"DELL Inspiron Core i3 10th Gen - (4 GB/256 GB SSD/Windows 10 Home) Inspiron 3501 Laptop  (15 inch, Accent Black, 1.83 kg, With MS Office)",4.4,39490,Intel,Core i3,10th Gen,1005G1,1.2 GHz with Turbo Boost Upto 3.4 GHz,2.0,4,DDR4,2666 MHz,Yes,256 GB,,,Intel Integrated UHD,,,38.1 cm (15 inch),1920 x 1080 Pixel,Full HD LED Backlit Anti-glare Display,,Windows 10 Home,64 bit,1.83 kg,Upto 8 hours
"DELL Vostro Core i3 10th Gen - (8 GB/256 GB SSD/Windows 10 Home) Vostro 3401 Thin and Light Laptop  (14 inch, Dune, 1.58 kg, With MS Office)",4.3,37990,Intel,Core i3,10th Gen,1005G1,1.2 GHz with Turbo Boost Upto 3.4 GHz,2.0,8,DDR4,2666 MHz,Yes,256 GB,,,Intel Integrated UHD,,,35.56 cm (14 inch),1920 x 1080 Pixel,Full HD LED Backlit Anti-glare Display,,Windows 10 Home,64 bit,1.58 kg,Upto 10 hours
"Mi Notebook Horizon Edition 14 Core i7 10th Gen - (8 GB/512 GB SSD/Windows 10 Home/2 GB Graphics) JYU4246IN Thin and Light Laptop  (14 inch, Grey, 1.35 kg)",4.2,59990,Intel,Core i7,10th Gen,10510U,1.8 GHz with Turbo Boost Upto 4.9 GHz,4.0,8,DDR4,2666 MHz,Yes,512 GB,,,NVIDIA Geforce MX350,2 GB,GDDR5,35.56 cm (14 inch),1920 x 1080 Pixel,Full HD LED Backlit Anti-glare Display (91% Screen-to-body Ratio),,Windows 10 Home,64 bit,1.35 kg,Upto 10 hours
"ASUS TUF Gaming F15 Core i5 10th Gen - (8 GB/512 GB SSD/Windows 10 Home/4 GB Graphics/NVIDIA GeForce GTX 1650 Ti/60 Hz) FX506LI-BQ057T Gaming Laptop  (15.6 inch, Black Plastic, 2.30 kg)",4.4,63990,Intel,Core i5,10th Gen,10300H,2.5 GHz with Turbo Boost Upto 4.5 GHz,4.0,8,DDR4,2933 MHz,Yes,512 GB,,,NVIDIA GeForce GTX 1650 Ti,4 GB,GDDR6,39.62 cm (15.6 inch),1920 x 1080 Pixel,"Full HD LED Backlit Anti-glare IPS Display (16:9 Aspect Ratio, 200 nits Brightness, 700:1 Contrast Ratio, 45% NTSC Color Gamut, 62.5% sRGB, 47.3% Adobe, 60 Hz Refresh Rate)",60 Hz,Windows 10 Home,64 bit,2.30 kg,
"HP 15s Core i5 11th Gen - (8 GB/1 TB HDD/Windows 10 Home/2 GB Graphics) 15s-du3060TX Thin and Light Laptop  (15.6 inch, Jet Black, 1.77 kg, With MS Office)",3.6,54490,Intel,Core i5,11th Gen,1135G7,4.20 GHz Max Turbo Frequency,4.0,8,DDR4,2666 MHz,No,,1 TB,,NVIDIA GeForce MX350,2 GB,GDDR5,39.62 cm (15.6 inch),1920 x 1080 Pixel,"Full HD LED Backlit Anti-glare IPS Micro-edge Display (250 nits Brightness, 45% NTSC Color Gamut, 141 PPI)",,Windows 10 Home,64 bit,1.77 kg,Upto 12 hours
"HP Pavilion x360 Core i3 11th Gen - (8 GB/256 GB SSD/Windows 10 Home) 14-dw1036TU 2 in 1 Laptop  (14 inch, Natural Silver, 1.61 kg, With MS Office)",4.4,53990,Intel,Core i3,11th Gen,1115G4,4.10 GHz Max Turbo Frequency,2.0,8,DDR4,3200 MHz,Yes,256 GB,,,Intel Integrated UHD,,,35.56 cm (14 inch),1920 x 1080 Pixel,"Full HD LED Backlit IPS Micro-edge Multi-touch Display (250 nits Brightness, 45% NTSC Color Gamut, 157 PPI, 82.47% Screen to Body Ratio)",,Windows 10 Home,64 bit,1.61 kg,
"DELL Vostro Core i3 10th Gen - (8 GB/1 TB HDD/Windows 10 Home) Vostro 3401 Thin and Light Laptop  (14 inch, Black, 1.58 kg, With MS Office)",4.0,40990,Intel,Core i3,10th Gen,1005G1,1.2 GHz with Turbo Boost Upto 3.4 GHz,2.0,8,DDR4,2666 MHz,No,,1 TB,,Intel Integrated UHD,,,35.56 cm (14 inch),1920 x 1080 Pixel,Full HD LED Backlit Anti-glare Display,,Windows 10 Home,64 bit,1.58 kg,Upto 10 hours
"HP 15s Ryzen 3 Dual Core 3250U - (8 GB/1 TB HDD/256 GB SSD/Windows 10 Home) 15s-GR0012AU Laptop  (15.6 inch, Natural Silver, 1.82 kg, With MS Office)",4.3,41490,AMD,Ryzen 3 Dual Core,,3250U,2.6 GHz with Turbo Boost Upto 3.5 GHz,2.0,8,DDR4,2400 MHz,Yes,256 GB,1 TB,,AMD Radeon Vega 6,,,39.62 cm (15.6 inch),1920 x 1080 Pixel,"Full HD LED Backlit Anti-glare IPS Micro-edge Display (250 nits Brightness, 45% NTSC Color Gamut, 141 PPI)",,Windows 10 Home,64 bit,1.82 kg,Upto 12 hours
"ASUS VivoBook 15 Core i5 10th Gen - (8 GB/1 TB HDD/Windows 10 Home) X515JA-EJ501T Thin and Light Laptop  (15.6 inch, Slate Grey, 1.80 kg)",4.0,44990,Intel,Core i5,10th Gen,1035G1,1 GHz with Turbo Boost Upto 3.6 GHz,4.0,8,DDR4,,No,,1 TB,,Intel Integrated UHD,,,39.62 cm (15.6 inch),1920 x 1080 Pixel,"Full HD LED Backlit Anti-glare Display (16:9 Aspect Ratio, 45% NTSC Color Gamut, 200 nits Brightness, 83% Screen-to-body Ratio)",,Windows 10 Home,64 bit,1.80 kg,
"ASUS VivoBook 15 Core i3 10th Gen - (8 GB/1 TB HDD/Windows 10 Home) X515JA-EJ322TS Thin and Light Laptop  (15.6 inch, Transparent Silver, 1.80 kg, With MS Office)",4.0,40090,Intel,Core i3,10th Gen,1005G1,1.2 GHz with Turbo Boost Upto 3.4 GHz,2.0,8,DDR4,,No,,1 TB,,Intel Integrated UHD,,,39.62 cm (15.6 inch),1920 x 1080 Pixel,"Full HD LED Backlit Anti-glare Display (16:9 Aspect Ratio, 45% NTSC Color Gamut, 200 nits Brightness, 83% Screen-to-body Ratio)",,Windows 10 Home,64 bit,1.80 kg,
"ASUS VivoBook 15 Core i5 10th Gen - (8 GB/1 TB HDD/256 GB SSD/Windows 10 Home) X515JA-EJ512TS Thin and Light Laptop  (15.6 inch, Transparent Silver, 1.80 kg, With MS Office)",4.3,50990,Intel,Core i5,10th Gen,1035G1,1 GHz with Turbo Boost Upto 3.6 GHz,4.0,8,DDR4,,Yes,256 GB,1 TB,,Intel Integrated UHD,,,39.62 cm (15.6 inch),1920 x 1080 Pixel,"Full HD LED Backlit Anti-glare Display (16:9 Aspect Ratio, 45% NTSC Color Gamut, 200 nits Brightness, 83% Screen-to-body Ratio)",,Windows 10 Home,64 bit,1.80 kg,
"ASUS VivoBook Flip 14 (2021) Touch Panel Core i5 11th Gen - (8 GB/512 GB SSD/Windows 10 Home/4 GB Graphics) TP470EZ-EC033TS 2 in 1 Laptop  (14 inch, Transparent Silver, 1.50 kg, With MS Office)",4.2,73990,Intel,Core i5,11th Gen,1135G7,4.20 GHz Max Turbo Frequency,4.0,8,LPDDR4X,,Yes,512 GB,,,Intel Integrated Iris Xe Max,4 GB,,35.56 cm (14 inch),1920 x 1080 Pixel,"Full HD LED Backlit Glossy IPS Touch Display (16:9 Aspect Ratio, 45% NTSC Color Gamut, 250 nits Brightness, 82% Screen-to-body Ratio)",,Windows 10 Home,64 bit,1.50 kg,
"MSI Modern 14 Core i3 10th Gen - (8 GB/256 GB SSD/Windows 10 Home) Modern 14 B10MW-426IN Laptop  (14 inch, Bluestone, 1.3 kg)",4.3,39990,Intel,Core i3,10th Gen,10110U,2.1 GHz with Turbo Boost Upto 4.1 GHz,2.0,8,DDR4,2666 MHz,Yes,256 GB,,,Intel Integrated UHD,,,35.56 cm (14 inch),1920 x 1080 Pixel,Full HD LED Backlit IPS Display (60 Hz Refresh Rate),,Windows 10 Home,64 bit,1.3 kg,
"HP 15s Core i3 11th Gen - (8 GB/1 TB HDD/Windows 10 Home) 15s-du3038TU Thin and Light Laptop  (15.6 inch, Natural Silver, 1.77 kg, With MS Office)",4.0,44990,Intel,Core i3,11th Gen,1115G4,4.10 GHz Max Turbo Frequency,2.0,8,DDR4,2666 MHz,No,,1 TB,,Intel Integrated UHD,,,39.62 cm (15.6 inch),1920 x 1080 Pixel,"Full HD LED Backlit Anti-glare Micro-edge Display (250 nits Brightness, 45% NTSC Color Gamut, 141 PPI)",,Windows 10 Home,64 bit,1.77 kg,Upto 12 hours
"MSI Modern 14 Core i3 10th Gen - (8 GB/512 GB SSD/Windows 10 Home) Modern 14 B10MW-424IN Laptop  (14 inch, Carbon Grey, 1.3 kg)",4.4,47490,Intel,Core i3,10th Gen,10110U,2.1 GHz with Turbo Boost Upto 4.1 GHz,2.0,8,DDR4,2666 MHz,Yes,512 GB,,,Intel Integrated UHD,,,35.56 cm (14 inch),1920 x 1080 Pixel,Full HD LED Backlit IPS Display (60 Hz Refresh Rate),,Windows 10 Home,64 bit,1.3 kg,
"MSI Summit E15 Core i7 11th Gen - (16 GB/1 TB SSD/Windows 10 Pro/4 GB Graphics) Summit E15 A11SCST-272IN Laptop  (15.6 inch, Ink Black, 1.79 kg)",4.0,154990,Intel,Core i7,11th Gen,1185G7,4.80 GHz Max Turbo Frequency,4.0,16,DDR4,3200 MHz,Yes,1 TB,,,NVIDIA GeForce GTX 1650 Ti Max-Q,4 GB,GDDR6,39.62 cm (15.6 inch),1920 x 1080 Pixel,"Full HD LED Backlit IPS Level Finger Touch Panel (60 Hz Refresh Rate, 72% NTSC Color Gamut)",,Windows 10 Pro,64 bit,1.79 kg,
"DELL Inspiron Core i5 11th Gen - (8 GB/512 GB SSD/Windows 10 Home) INSP 5406 2in1 2 in 1 Laptop  (14 inch, Titan Grey, 1.72 kg, With MS Office)",4.3,68290,Intel,Core i5,11th Gen,1135G7,2.4 GHz with Turbo Boost Upto 4.2 GHz,4.0,8,DDR4,3200 MHz,Yes,512 GB,,,Intel Integrated Iris Xe,,,35.56 cm (14 inch),1920 x 1080 Pixel,Full HD LED Backlit Touch Display (Active Pen Stylus Support),,Windows 10 Home,64 bit,1.72 kg,Upto 6 hours
"DELL Inspiron Core i3 11th Gen - (4 GB/512 GB SSD/Windows 10 Home) Inspiron 5406 2 in 1 Laptop  (14 inch, Silver, 1.72 kg, With MS Office)",4.3,58800,Intel,Core i3,11th Gen,1115G4,3 GHz with Turbo Boost Upto 4.1 GHz,2.0,4,DDR4,3200 MHz,Yes,512 GB,,,Intel Integrated UHD,,,35.56 cm (14 inch),1920 x 1080 Pixel,Full HD LED Backlit Touch Display (Active Pen Stylus Support),,Windows 10 Home,64 bit,1.72 kg,Upto 6 hours
"DELL XPS Core i5 11th Gen Intel EVO - (8 GB/512 GB SSD/Windows 10 Home) XPS 9310 Thin and Light Laptop  (13.3 inch, Silver, 1.2 kg, With MS Office)",,115990,Intel,Core i5,11th Gen,1135G7,Max Turbo Frequency Upto 4.20 GHz,4.0,8,LPDDR4X,3733 MHz,Yes,512 GB,,,Intel Integrated Iris Xe,,,33.78 cm (13.3 inch),1920 x 1200 Pixel,Full HD+ LED Backlit InfinityEdge Display,,Windows 10 Home,64 bit,1.2 kg,Upto 19 hours
"Lenovo Ideapad Gaming 3 Ryzen 5 Hexa Core 4600H - (8 GB/1 TB HDD/256 GB SSD/Windows 10 Home/4 GB Graphics/NVIDIA GeForce GTX 1650/60 Hz) 15ARH05 Gaming Laptop  (15.6 inch, Onyx Black, 2.2 kg)",4.5,62490,AMD,Ryzen 5 Hexa Core,,4600H,3 GHz with Turbo Boost Upto 4 GHz,6.0,8,DDR4,3200 MHz,Yes,256 GB,1 TB,,NVIDIA GeForce GTX 1650,4 GB,GDDR6,39.62 cm (15.6 inch),1920 x 1080 Pixel,"Full HD LED Backlit Anti-glare IPS Display (250 nits Brightness, 60 Hz Refresh Rate)",60 Hz,Windows 10 Home,64 bit,2.2 kg,Upto 6.7 hours
"DELL INSPIRON 15 3000 Core i5 8th Gen - (8 GB/1 TB HDD/256 GB SSD/Windows 10/2 GB Graphics) 3583 Laptop  (15.6 inch, Silver, Black, 2.2 kg)",4.8,56992,Intel,Core i5,8th Gen,8265U,1.6 GHz with Turbo Boost Upto 3.7 GHz,4.0,8,DDR4,5400 MHz,Yes,256 GB,1 TB,,AMD Radeon AMD RADEON 520,2 GB,DDR5,39.62 cm (15.6 inch),1920 x 1080$$Pixels pixel,Full HD LED Backlit Narrow Border Display,60 Hz,Windows 10,64 bit,2.2 kg,Upto 6 hours
"HP 15s Core i3 11th Gen - (8 GB/1 TB HDD/Windows 10 Home) 15s-du3040TU Thin and Light Laptop  (15.6 inch, Jet Black, 1.77 kg, With MS Office)",3.9,39990,Intel,Core i3,11th Gen,1115G4,4.10 GHz Max Turbo Frequency,2.0,8,DDR4,2666 MHz,No,,1 TB,,Intel Integrated UHD,,,39.62 cm (15.6 inch),1920 x 1080 Pixel,"Full HD LED Backlit Anti-glare IPS Micro-edge Display (250 nits Brightness, 141 ppi, 45% NTSC Color Gamut)",,Windows 10 Home,64 bit,1.77 kg,Upto 12 hours
"Vaio SE Series Core i5 8th Gen - (8 GB/512 GB SSD/Windows 10 Home) NP14V1IN004P Thin and Light Laptop  (14 inch, Red Copper, 1.35 kg, With MS Office)",3.9,62890,Intel,Core i5,8th Gen,8265U,1.6 GHz with Turbo Boost Upto 3.9 GHz,4.0,8,DDR4,,Yes,512 GB,,,Intel Integrated UHD 620,,,35.56 cm (14 inch),1920 x 1080 Pixel,Full HD LED Backlit IPS Display,,Windows 10 Home,64 bit,1.35 kg,Upto 13 hours
"DELL Inspiron Core i5 11th Gen - (8 GB/512 GB SSD/Windows 10 Home/2 GB Graphics) Inspiron 7400 Thin and Light Laptop  (14.5 inch, Silver, 1.35 kg, With MS Office)",4.2,86990,Intel,Core i5,11th Gen,1135G7,Max Turbo Frequency Upto 4.20 GHz,4.0,8,LPDDR4X,2666 MHz,Yes,512 GB,,,NVIDIA GeForce MX350,2 GB,GDDR5,36.83 cm (14.5 inch),2560 x 1600 Pixel,Quad HD+ LED Backlit Anti Glare Display,,Windows 10 Home,64 bit,1.35 kg,Upto 6 hours
"acer Predator Triton 300 Core i7 10th Gen - (16 GB/2 TB SSD/Windows 10 Home/8 GB Graphics/NVIDIA GeForce RTX 2070 with Max-Q Design) PT315-52 Gaming Laptop  (15.6 inch, Black, 2.1 kg)",3.8,159990,Intel,Core i7,10th Gen,10750H,2.6 GHz with Turbo Boost Upto 5 GHz,6.0,16,DDR4,,Yes,2 TB,,,NVIDIA GeForce RTX 2070 with Max-Q Design,8 GB,GDDR6,39.62 cm (15.6 inch),1920 x 1080 Pixel,"Full HD LED Backlit ComfyView IPS Display (16:9 Aspect Ratio, 300 nits Brightness, 240 Hz Refresh Rate, 100% sRGB Color Gamut)",,Windows 10 Home,64 bit,2.1 kg,Upto 7 hours
"Lenovo Ideapad Gaming 3 Ryzen 5 Hexa Core 4600H - (8 GB/512 GB SSD/Windows 10 Home/4 GB Graphics/NVIDIA GeForce GTX 1650 Ti/60 Hz) 15ARH05 Gaming Laptop  (15.6 inch, Onyx Black, 2.2 kg)",4.3,75999,AMD,Ryzen 5 Hexa Core,,4600H,3 GHz with Turbo Boost Upto 4 GHz,6.0,8,DDR4,3200 MHz,Yes,512 GB,,,NVIDIA GeForce GTX 1650 Ti,4 GB,GDDR6,39.62 cm (15.6 inch),1920 x 1080 Pixel,"Full HD LED Backlit Anti-glare IPS Display (250 nits Brightness, 60 Hz Refresh Rate)",60 Hz,Windows 10 Home,64 bit,2.2 kg,Upto 6.7 hours
"Lenovo Ideapad Slim 3i Core i5 10th Gen - (8 GB/512 GB SSD/Windows 11 Home) 15IIL05 Thin and Light Laptop  (15.6 inch, Platinum Grey, 1.85 kg, With MS Office)",4.2,50001,Intel,Core i5,10th Gen,1035G1,1 GHz with Turbo Boost Upto 3.6 GHz,4.0,8,DDR4,2666 MHz,Yes,512 GB,,,Intel Integrated UHD,,,39.62 cm (15.6 inch),1920 x 1080 Pixel,"Full HD LED Backlit Anti-glare IPS Display (250 nits Brightness, 16:9 Aspect Ratio)",,Windows 11 Home,64 bit,1.85 kg,Upto 5 hours
"acer Aspire 3 Core i5 10th Gen - (8 GB/1 TB HDD/Windows 10 Home/2 GB Graphics) A315-57G Laptop  (15.6 inch, Charcoal Black, 1.9 kg)",3.2,45990,Intel,Core i5,10th Gen,1035G1,1 GHz with Turbo Boost Upto 3.6 GHz,4.0,8,DDR4,,No,,1 TB,,NVIDIA GeForce GTX MX330,2 GB,GDDR5,39.62 cm (15.6 inch),1920 x 1080 Pixel,Full HD LED Backlit ComfyView TFT Display (16:9 Aspect Ratio),,Windows 10 Home,64 bit,1.9 kg,Upto 8 hours
"ASUS VivoBook Ultra 14 Core i3 11th Gen - (4 GB/256 GB SSD/Windows 10 Home) X413EA-EK302TS Thin and Light Laptop  (14 inch, Bespoke Black, 1.40 kg, With MS Office)",4.3,41990,Intel,Core i3,11th Gen,1115G4,4.10 GHz Max Turbo Frequency,2.0,4,DDR4,,Yes,256 GB,,,Intel Integrated UHD,,,35.56 cm (14 inch),1920 x 1080 Pixel,"Full HD LED Backlit Anti-glare IPS Display (220 nits Brightness, 16:9 Aspect Ratio, 45% NTSC Color Gamut)",,Windows 10 Home,64 bit,1.40 kg,
"ASUS VivoBook Ultra 14 Core i5 11th Gen - (8 GB/512 GB SSD/Windows 10 Home) X413EA-EK511TS Thin and Light Laptop  (14 inch, Cobalt Blue, 1.40 kg, With MS Office)",4.4,59990,Intel,Core i5,11th Gen,1135G7,4.20 GHz Max Turbo Frequency,4.0,8,DDR4,,Yes,512 GB,,,Intel Integrated Iris Xe,,,35.56 cm (14 inch),1920 x 1080 Pixel,"Full HD LED Backlit Anti-glare IPS Display (220 nits Brightness, 16:9 Aspect Ratio, 45% NTSC Color Gamut)",,Windows 10 Home,64 bit,1.40 kg,
"Vaio E Series Ryzen 7 Quad Core 3700U - (8 GB/512 GB SSD/Windows 10 Home) NE15V2IN027P Thin and Light Laptop  (15.6 inch, Silver, 1.77 kg, With MS Office)",3.7,57990,AMD,Ryzen 7 Quad Core,,3700U,2.3 GHz with Turbo Boost Upto 4 GHz,4.0,8,DDR4,,Yes,512 GB,,,AMD Radeon RX Vega 10,,,39.62 cm (15.6 inch),1920 x 1080 Pixel,Full HD LED Backlit IPS Display,,Windows 10 Home,64 bit,1.77 kg,Upto 8 hours
"APPLE 2020 Macbook Pro M1 - (8 GB/512 GB SSD/Mac OS Big Sur) MYDC2HN/A  (13.3 inch, Silver, 1.4 kg)",4.6,127990,Apple,M1,,Apple M1 Chip,,8.0,8,DDR4,,Yes,512 GB,,,,,,33.78 cm (13.3 inch),2560 x 1600 Pixel,"Quad LED Backlit IPS Display (227 PPI, 500 nits Brightness, Wide Colour (P3), True Tone Technology)",,Mac OS Big Sur,,1.4 kg,Upto 17 hours
"APPLE 2020 Macbook Pro M1 - (8 GB/256 GB SSD/Mac OS Big Sur) MYD82HN/A  (13.3 inch, Space Grey, 1.4 kg)",4.7,107990,Apple,M1,,Apple M1 Chip,,8.0,8,DDR4,,Yes,256 GB,,,,,,33.78 cm (13.3 inch),2560 x 1600 Pixel,"Quad LED Backlit IPS Display (227 PPI, 500 nits Brightness, Wide Colour (P3), True Tone Technology)",,Mac OS Big Sur,,1.4 kg,Upto 17 hours
"Vaio E Series Ryzen 5 Quad Core 3500U - (8 GB/512 GB SSD/Windows 10 Home) NE15V2IN006P Thin and Light Laptop  (15.6 inch, Black, 1.77 kg, With MS Office)",4.1,49590,AMD,Ryzen 5 Quad Core,,3500U,2.1 GHz with Turbo Boost Upto 3.7 GHz,4.0,8,DDR4,,Yes,512 GB,,,AMD Radeon Vega 8,,,39.62 cm (15.6 inch),1920 x 1080 Pixel,Full HD LED Backlit IPS Display,,Windows 10 Home,64 bit,1.77 kg,Upto 8 hours
"APPLE 2020 Macbook Air M1 - (8 GB/256 GB SSD/Mac OS Big Sur) MGN63HN/A  (13.3 inch, Space Grey, 1.29 kg)",4.7,87990,Apple,M1,,Apple M1 Chip,,8.0,8,DDR4,,Yes,256 GB,,,,,,33.78 cm (13.3 inch),2560 x 1600 Pixel,"Quad LED Backlit IPS Display (227 PPI, 400 nits Brightness, Wide Colour (P3), True Tone Technology)",,Mac OS Big Sur,,1.29 kg,Upto 15 Hours
"Vaio E Series Ryzen 7 Quad Core 3700U - (8 GB/512 GB SSD/Windows 10 Home) NE15V2IN026P Thin and Light Laptop  (15.6 inch, Black, 1.77 kg, With MS Office)",3.7,56990,AMD,Ryzen 7 Quad Core,,3700U,2.3 GHz with Turbo Boost Upto 4 GHz,4.0,8,DDR4,,Yes,512 GB,,,AMD Radeon RX Vega 10,,,39.62 cm (15.6 inch),1920 x 1080 Pixel,Full HD LED Backlit IPS Display,,Windows 10 Home,64 bit,1.77 kg,Upto 8 hours
"Vaio E Series Ryzen 5 Quad Core 3500U - (8 GB/512 GB SSD/Windows 10 Home) NE15V2IN007P Thin and Light Laptop  (15.6 inch, Silver, 1.77 kg, With MS Office)",4.1,50990,AMD,Ryzen 5 Quad Core,,3500U,2.1 GHz with Turbo Boost Upto 3.7 GHz,4.0,8,DDR4,,Yes,512 GB,,,AMD Radeon Vega 8,,,39.62 cm (15.6 inch),1920 x 1080 Pixel,Full HD LED Backlit IPS Display,,Windows 10 Home,64 bit,1.77 kg,Upto 8 hours
"APPLE 2020 Macbook Air M1 - (8 GB/256 GB SSD/Mac OS Big Sur) MGND3HN/A  (13.3 inch, Gold, 1.29 kg)",4.7,87990,Apple,M1,,Apple M1 Chip,,8.0,8,DDR4,,Yes,256 GB,,,,,,33.78 cm (13.3 inch),2560 x 1600 Pixel,"Quad LED Backlit IPS Display (227 PPI, 400 nits Brightness, Wide Colour (P3), True Tone Technology)",,Mac OS Big Sur,,1.29 kg,Upto 15 Hours
"APPLE 2020 Macbook Pro M1 - (8 GB/256 GB SSD/Mac OS Big Sur) MYDA2HN/A  (13.3 inch, Silver, 1.4 kg)",4.7,107990,Apple,M1,,Apple M1 Chip,,8.0,8,DDR4,,Yes,256 GB,,,,,,33.78 cm (13.3 inch),2560 x 1600 Pixel,"Quad LED Backlit IPS Display (227 PPI, 500 nits Brightness, Wide Colour (P3), True Tone Technology)",,Mac OS Big Sur,,1.4 kg,Upto 17 hours
"APPLE 2020 Macbook Air M1 - (8 GB/512 GB SSD/Mac OS Big Sur) MGN73HN/A  (13.3 inch, Space Grey, 1.29 kg)",4.7,104990,Apple,M1,,Apple M1 Chip,,8.0,8,DDR4,,Yes,512 GB,,,,,,33.78 cm (13.3 inch),2560 x 1600 Pixel,"Quad LED Backlit IPS Display (227 PPI, 400 nits Brightness, Wide Colour (P3), True Tone Technology)",,Mac OS Big Sur,,1.29 kg,Upto 15 Hours
"APPLE 2020 Macbook Pro M1 - (8 GB/512 GB SSD/Mac OS Big Sur) MYD92HN/A  (13.3 inch, Space Grey, 1.4 kg)",4.6,127990,Apple,M1,,Apple M1 Chip,,8.0,8,DDR4,,Yes,512 GB,,,,,,33.78 cm (13.3 inch),2560 x 1600 Pixel,"Quad LED Backlit IPS Display (227 PPI, 500 nits Brightness, Wide Colour (P3), True Tone Technology)",,Mac OS Big Sur,,1.4 kg,Upto 17 hours
"Lenovo Ideapad Slim 5 Ryzen 7 Octa Core 4700U - (8 GB/512 GB SSD/Windows 10 Home) 14ARE05 Thin and Light Laptop  (14 inch, Graphite Grey, 1.39 kg, With MS Office)",4.4,54990,AMD,Ryzen 7 Octa Core,,4700U,2.0 GHz with Turbo Boost Upto 4.1 GHz,8.0,8,DDR4,3200 MHz,Yes,512 GB,,,AMD Radeon,,,35.56 cm (14 inch),1920 x 1080 pixel,"Full HD LED Backlit Anti-glare TN Display (300 nits Brightness, 16:9 Aspect Ratio, 45% NTSC Color Gamut)",,Windows 10 Home,64 bit,1.39 kg,Upto 12 hours
"acer Aspire 7 Ryzen 5 Quad Core 3550H - (8 GB/512 GB SSD/Windows 10 Home/4 GB Graphics/NVIDIA GeForce GTX 1650 Ti) A715-41G-R7YZ Gaming Laptop  (15.6 inch, Charcoal Black, 2.15 kg)",4.5,51990,AMD,Ryzen 5 Quad Core,,3550H,2.1 GHz with Turbo Boost Upto 3.7 GHz,4.0,8,DDR4,,Yes,512 GB,,,NVIDIA GeForce GTX 1650 Ti,4 GB,GDDR6,39.62 cm (15.6 inch),1920 x 1080 Pixel,Full HD LED Backlit ComfyView IPS Display (16:9 Aspect Ratio),,Windows 10 Home,64 bit,2.15 kg,Upto 7 hours
"acer Aspire 7 Ryzen 5 Quad Core 3550H - (8 GB/512 GB SSD/Windows 10 Home/4 GB Graphics/NVIDIA GeForce GTX 1650 Ti) A715-41G-R7YZ Gaming Laptop  (15.6 inch, Charcoal Black, 2.15 kg)",4.5,51990,AMD,Ryzen 5 Quad Core,,3550H,2.1 GHz with Turbo Boost Upto 3.7 GHz,4.0,8,DDR4,,Yes,512 GB,,,NVIDIA GeForce GTX 1650 Ti,4 GB,GDDR6,39.62 cm (15.6 inch),1920 x 1080 Pixel,Full HD LED Backlit ComfyView IPS Display (16:9 Aspect Ratio),,Windows 10 Home,64 bit,2.15 kg,Upto 7 hours
"acer Swift 5 Core i7 11th Gen Intel EVO - (16 GB/1 TB SSD/Windows 10 Home) SF514-55TA-72VG Thin and Light Laptop  (14 inch, Mist Green, 1.05 kg)",4.3,93190,Intel,Core i7,11th Gen,1165G7,4.70 GHz Max Turbo Frequency,4.0,16,LPDDR4X,,Yes,1 TB,,,Intel Integrated Iris Xe,,,35.56 cm (14 inch),1920 x 1080 Pixel,"Full HD LED Backlit ComfyView IPS Touch Display (340 nits Brightness, 100% sRGB Color Gamut, 16:9 Aspect Ratio)",,Windows 10 Home,64 bit,1.05 kg,Upto 15 hours
"Lenovo Yoga C640 Core i5 10th Gen - (8 GB/512 GB SSD/Windows 10 Home) C640-13IML 2 in 1 Laptop  (13.6 inch, Iron Grey, 1.35 kg, With MS Office)",4.3,65990,Intel,Core i5,10th Gen,10210U,1.6 GHz with Turbo Boost Upto 4.2 GHz,4.0,8,DDR4,2400 MHz,Yes,512 GB,,,Intel Integrated UHD,,,34.54 cm (13.6 inch),1920 x 1080$$pixels pixel,Full HD LED Backlit Anti-glare IPS Display (300 nits Brightness),,Windows 10 Home,64 bit,1.35 kg,Upto 10 Hours
"Lenovo Core i5 10th Gen - (8 GB/512 GB SSD/Windows 10 Home/2 GB Graphics) IdeaPad S340 Thin and Light Laptop  (14 inch, Platinum Grey, 1.60 kg, With MS Office)",,60990,Intel,Core i5,10th Gen,1035G1,1.0 GHz upto max turbo frequency at 3.6 GHz,4.0,8,DDR4,,Yes,512 GB,,,NVIDIA GeForce MX230,2 GB,GDDR5,35.56 cm (14 inch),1920 x 1080 Pixel,"Full HD, IPS, 250nits, Anti-glare",,Windows 10 Home,64 bit,1.60 kg,
"DELL Inspiron Core i3 10th Gen - (8 GB/1 TB HDD/Windows 10 Home) Inspiron 3501 Laptop  (15.6 inch, Softmint, 1.83 kg, With MS Office)",4.1,42490,Intel,Core i3,10th Gen,1005G1,1.2 GHz with Turbo Boost Upto 3.4 GHz,2.0,8,DDR4,2666 MHz,No,,1 TB,,Intel Integrated UHD,,,39.62 cm (15.6 inch),1920 x 1080 Pixel,Full HD LED Backlit Anti-glare Display,,Windows 10 Home,64 bit,1.83 kg,Upto 6 hours
"acer Predator Helios 300 Core i7 10th Gen - (16 GB/2 TB SSD/Windows 10 Home/8 GB Graphics/NVIDIA GeForce RTX 2070 with Max-Q Design/240 Hz) PH315-53-7739 Gaming Laptop  (15.6 inch, Abyssal Black, 2.5 kg)",4.8,150490,Intel,Core i7,10th Gen,10870H,2.2 GHz with Turbo Boost Upto 5 GHz,8.0,16,DDR4,,Yes,2 TB,,,NVIDIA GeForce RTX 2070 with Max-Q Design,8 GB,GDDR6,39.62 cm (15.6 inch),1920 x 1080 Pixel,"Full HD LED Backlit IPS ComfyView Display (240 Hz Refresh Rate, 100% sRGB, 16:9 Aspect Ratio)",240 Hz,Windows 10 Home,64 bit,2.5 kg,
"Lenovo Core i7 10th Gen - (8 GB/1 TB HDD/256 GB SSD/Windows 10/4 GB Graphics/NVIDIA GeForce GTX GTX 1650Ti) 82AU004RIN Gaming Laptop  (15.6 inch, Phantom Black)",,97699,Intel,Core i7,10th Gen,,,,8,DDR4,,Yes,256 GB,1 TB,,NVIDIA GeForce GTX GTX 1650Ti,4 GB,GDDR6,39.62 cm (15.6 inch),1920 x 1080 pixel,,,Windows 10,,,5.5 hrs
"DELL Latitude Core i5 10th Gen - (8 GB/512 GB SSD/Ubuntu) 3410 Business Laptop  (14 inch, Black, 1.8 kg)",2.0,72000,Intel,Core i5,10th Gen,,,,8,DDR4,,Yes,512 GB,,,Intel Integrated Integrated Intel UHD,,,35.56 cm (14 inch),1920x 1080 pixel,,,Ubuntu,,1.8 kg,5 hours
"Lenovo Ideapad S145 Core i3 7th Gen - (4 GB/1 TB HDD/Windows 10 Home) S145-15IKB Thin and Light Laptop  (15.6 inch, Platinum Grey, 1.85 kg, With MS Office)",4.0,30990,Intel,Core i3,7th Gen,7020U,2.3 GHz,2.0,4,DDR4,2133 MHz,No,,1 TB,,Intel Integrated HD 620,,,39.62 cm (15.6 inch),1920 x 1080 Pixel,"Full HD LED Backlit Anti-glare TN Display (220 nits Brightness, 16:9 Aspect Ratio)",,Windows 10 Home,64 bit,1.85 kg,Upto 6 hours
"Lenovo Core i7 8th Gen - (16 GB/512 GB SSD/Windows 10 Pro/2 GB Graphics) Thinkpad P43s Thin and Light Laptop  (14 inch, Black, 1.55 kg)",,244801,Intel,Core i7,8th Gen,8665U,1.9 GHz with Turbo Boost up to 4.8 GHz,4.0,16,DDR4,2400 MHz,Yes,512 GB,,,NVIDIA Quadro P520,2 GB,GDDR5,35.56 cm (14 inch),1920 x 1080 Pixel,"Full HD IPS 250nits Anti-glare, 45% Gamut",,Windows 10 Pro,64 bit,1.55 kg,Up to 14.7 hr
"Lenovo Core i7 9th Gen - (16 GB/1 TB SSD/Windows 10 Pro/4 GB Graphics) Thinkpad P53 Thin and Light Laptop  (15.6 inch, Black, 2.5 kg)",,272000,Intel,Core i7,9th Gen,9750H,2.6 GHz with Turbo Boost up to 4.5 GHz,6.0,16,DDR4,2666 MHz,Yes,1 TB,,,NVIDIA Quadro T2000,4 GB,GDDR5,39.62 cm (15.6 inch),1920 x 1080 Pixel,"Full HD IPS 300nits Anti-glare, 72% Gamut",,Windows 10 Pro,64 bit,2.5 kg,Up to 8 hr
"HP 250 Core i5 10th Gen - (8 GB/1 TB HDD/Windows 10) 250 G7 Business Laptop  (15.6 inch, Grey)",3.0,48490,Intel,Core i5,10th Gen,,,,8,DDR4,,No,,1 TB,,Intel Integrated,,,39.62 cm (15.6 inch),1366 x 768$$pixel pixel,,,Windows 10,,,4 to 5 hours
"Lenovo Core i5 8th Gen - (4 GB/1 TB HDD/DOS) V330 Thin and Light Laptop  (14 inch, Grey)",,50100,Intel,Core i5,8th Gen,,,,4,DDR4,,No,,1 TB,,Intel Integrated Intel UHD Graphics 620,,,35.56 cm (14 inch),1920 x 1080 pixel,,,DOS,,,Upto 6 Hours
"ASUS ExpertBook P2 Core i5 10th Gen - (8 GB/512 GB SSD/Windows 10 Pro/2 GB Graphics) ExpertBook P2 P2451FB Thin and Light Laptop  (14 inch, Star Black, 1.60 kg)",,86990,Intel,Core i5,10th Gen,10210U,1.6 GHz with Turbo Boost Upto 4.2 GHz,4.0,8,DDR4,,Yes,512 GB,,,NVIDIA GeForce MX110,2 GB,GDDR5,35.56 cm (14 inch),1920 x 1080 Pixel,Full HD LED Backlit Display,,Windows 10 Pro,64 bit,1.60 kg,
"Lenovo Ideapad S340 Core i5 10th Gen - (8 GB/1 TB HDD/256 GB SSD/Windows 10 Home) S340-14IIL Thin and Light Laptop  (14 inch, Platinum Grey, 1.6 kg, With MS Office)",4.2,58999,Intel,Core i5,10th Gen,1035G1,1 GHz with Turbo Boost Upto 3.6 GHz,4.0,8,DDR4,2666 MHz,Yes,256 GB,1 TB,,Intel Integrated UHD,,,35.56 cm (14 inch),1920 x 1080 Pixel,"Full HD LED Backlit Anti-glare IPS Display (250 nits Brightness, 16:9 Aspect Ratio)",,Windows 10 Home,64 bit,1.6 kg,Upto 11.1 hours
"Mi Notebook Horizon Edition 14 Core i5 10th Gen - (8 GB/512 GB SSD/Windows 10 Home/2 GB Graphics) JYU4245IN Thin and Light Laptop  (14 inch, Grey, 1.35 kg)",4.3,54999,Intel,Core i5,10th Gen,10210U,1.6 GHz with Turbo Boost Upto 4.2 GHz,4.0,8,DDR4,2666 MHz,Yes,512 GB,,,NVIDIA GeForce MX350,2 GB,GDDR5,35.56 cm (14 inch),1920 x 1080 Pixel,Full HD LED Backlit Anti-glare Display,,Windows 10 Home,64 bit,1.35 kg,Upto 10 hours
"ASUS VivoBook 14 Core i5 8th Gen - (8 GB/512 GB SSD/Windows 10 Home) X412FA-EK296T Thin and Light Laptop  (14 inch, Orange, Black, 1.5 kg)",4.5,53690,Intel,Core i5,8th Gen,8265U,1.6 GHz with Turbo Boost Upto 3.9 GHz,4.0,8,DDR4,,Yes,512 GB,,,Intel Integrated UHD 620,,,35.56 cm (14 inch),1920 x 1080 Pixel,"Full HD LED Backlit Anti-glare Display (220 nits Brightness, 16:9 Aspect Ratio, 45% NTSC Color Gamut, 87% Screen-to-body Ratio)",,Windows 10 Home,64 bit,1.5 kg,
"Lenovo Yoga Core i7 10th Gen - (16 GB/1 TB SSD/Windows 10 Home) Yoga S940-14IIL Thin and Light Laptop  (14 inch, Grey, Black, 1.25 kg)",2.5,142990,Intel,Core i7,10th Gen,1065G7,1.3 GHz with Turbo Boost Upto 3.9 GHz,4.0,16,LPDDR4X,3733 MHz,Yes,1 TB,,,Intel Integrated Iris Plus,,,35.56 cm (14 inch),3840 x 2160 Pixel,"Ultra HD (4K) LED Backlit Glossy HDR IPS Display (500 nits Brightness, 90% DCI-P3)",,Windows 10 Home,64 bit,1.25 kg,Upto 16 hours
"Lenovo Core i7 10th Gen - (16 GB/512 GB SSD/Windows 10 Pro) ThinkPad X1 Carbon Thin and Light Laptop  (14 inch, Black, 1.09 kg)",,214760,Intel,Core i7,10th Gen,10510U,1.8 GHz with Turbo Boost up to 4.9 GHz,4.0,16,LPDDR3,2133 MHz,Yes,512 GB,,,Intel Integrated UHD,,,35.56 cm (14 inch),2560 x 1440 Pixel,WQHD IPS 300nits Anti-glare,,Windows 10 Pro,64 bit,1.09 kg,Up to 18.3 hr
"Nokia PureBook X14 Core i5 10th Gen - (8 GB/512 GB SSD/Windows 10 Home) NKi510UL85S Thin and Light Laptop  (14 inch, Black, 1.1 kg)",4.4,53990,Intel,Core i5,10th Gen,10210U,1.6 GHz with Turbo Boost Upto 4.2 GHz,4.0,8,DDR4,2666 MHz,Yes,512 GB,,,Intel Integrated UHD,,,35.56 cm (14 inch),1920 x 1080 Pixel,Full HD LED Backlit IPS Display with Dolby Vision,,Windows 10 Home,64 bit,1.1 kg,Upto 6Hrs
"HP Spectre Folio Core i7 10th Gen - (16 GB/512 GB SSD/Windows 10 Home) 13-ak1004TU 2 in 1 Laptop  (13.3 inch, Cognac Brown, 1.49 kg, With MS Office)",,239759,Intel,Core i7,10th Gen,10510Y,1.2 GHz with Turbo Boost Upto 4.5 GHz,4.0,16,LPDDR3,1866 MHz,Yes,512 GB,,,NVIDIA GeForce GTX,,,33.78 cm (13.3 inch),1920 x 1080 Pixel,"Full HD IPS BrightView, Micro-edge WLED-backlit Display",,Windows 10 Home,64 bit,1.49 kg,
"HP Envy x360 Ryzen 5 Hexa Core 4500U - (8 GB/512 GB SSD/Windows 10 Pro) 13-ay0078AU 2 in 1 Laptop  (13.3 inch, Nightfall Black, 1.32 kg, With MS Office)",,85555,AMD,Ryzen 5 Hexa Core,,4500U,2.375 GHz with Max Boost Upto 4.0 GHz,6.0,8,DDR4,3200 MHz,Yes,512 GB,,,AMD Radeon,,,33.78 cm (13.3 inch),1920 x 1080 Pixel,"Full HD IPS BrightView, Micro-edge WLED-backlit Display",,Windows 10 Pro,64 bit,1.32 kg,Upto 16.75 hrs
"HP 14a Celeron Dual Core - (4 GB/64 GB EMMC Storage/Chrome OS) 14a- na0002TU Chromebook  (14 inch, Ceramic White, 1.46 kg)",3.6,26990,Intel,Celeron Dual Core,,N4020,1.1 GHz with Burst Frequency Upto 2.8 GHz,2.0,4,DDR4,2400 MHz,No,,,64 GB,Intel Integrated UHD 605,,,35.56 cm (14 inch),1366 x 768 Pixel,HD WLED Backlit SVA Anti-glare Micro-edge Display,,Chrome,64 bit,1.46 kg,Upto 11 hrs
"Lenovo Core i3 10th Gen - (4 GB/1 TB HDD/Windows 10 Pro) V14 Laptop  (14 inch, Black, 1.6 kg)",3.1,44590,Intel,Core i3,10th Gen,1035G1,1 GHz with Turbo Boost Upto 3.6 GHz,2.0,4,DDR4,,No,,1 TB,,AMD Radeon R4,,,35.56 cm (14 inch),1366 x 768 Pixel,HD LED Backlit Display,,Windows 10 Pro,64 bit,1.6 kg,Upto 5 hrs
